[
    {
        "client_msg_id": "e7d336e1-918d-4432-9610-1c2438356f16",
        "type": "message",
        "text": "Does any one have an idea how surelybassy made these stunning smart arts? I mean, which software? <https:\/\/github.com\/surelybassy\/SportStatsAnalysis>",
        "user": "U01RRV4JX6Z",
        "ts": "1620399508.000700",
        "team": "T01RBRV5F7H",
        "user_team": "T01RBRV5F7H",
        "source_team": "T01RBRV5F7H",
        "user_profile": {
            "avatar_hash": "339c4d69b7d9",
            "image_72": "https:\/\/avatars.slack-edge.com\/2021-04-14\/1961122781618_339c4d69b7d9fe16343a_72.jpg",
            "first_name": "",
            "real_name": "Francisco Ebeling",
            "display_name": "Francisco Ebeling",
            "team": "T01RBRV5F7H",
            "name": "ebelingbarros",
            "is_restricted": false,
            "is_ultra_restricted": false
        },
        "attachments": [
            {
                "fallback": "surelybassy\/SportStatsAnalysis",
                "text": "Project exploring data collection, visualisation and analysis of Sports Statistics.",
                "title": "surelybassy\/SportStatsAnalysis",
                "footer": "<https:\/\/github.com\/surelybassy\/SportStatsAnalysis|surelybassy\/SportStatsAnalysis>",
                "id": 1,
                "footer_icon": "https:\/\/github.githubassets.com\/favicon.ico",
                "ts": 1596033429,
                "color": "24292f",
                "fields": [
                    {
                        "title": "Stars",
                        "value": "1",
                        "short": true
                    },
                    {
                        "title": "Language",
                        "value": "Jupyter Notebook",
                        "short": true
                    }
                ],
                "mrkdwn_in": [
                    "text",
                    "fields"
                ],
                "bot_id": "B01RM0CJC4X",
                "app_unfurl_url": "https:\/\/github.com\/surelybassy\/SportStatsAnalysis",
                "is_app_unfurl": true
            }
        ],
        "blocks": [
            {
                "type": "rich_text",
                "block_id": "g5Z",
                "elements": [
                    {
                        "type": "rich_text_section",
                        "elements": [
                            {
                                "type": "text",
                                "text": "Does any one have an idea how surelybassy made these stunning smart arts? I mean, which software? "
                            },
                            {
                                "type": "link",
                                "url": "https:\/\/github.com\/surelybassy\/SportStatsAnalysis"
                            }
                        ]
                    }
                ]
            }
        ],
        "thread_ts": "1620399508.000700",
        "reply_count": 8,
        "reply_users_count": 5,
        "latest_reply": "1620402364.002900",
        "reply_users": [
            "U01S7BM4N81",
            "U01RRV4JX6Z",
            "U01RW140HBP",
            "U01RKN0EGDV",
            "U01RNEU3SNA"
        ],
        "replies": [
            {
                "user": "U01S7BM4N81",
                "ts": "1620399853.001000"
            },
            {
                "user": "U01S7BM4N81",
                "ts": "1620399877.001200"
            },
            {
                "user": "U01RRV4JX6Z",
                "ts": "1620399892.001400"
            },
            {
                "user": "U01RW140HBP",
                "ts": "1620399900.001700"
            },
            {
                "user": "U01S7BM4N81",
                "ts": "1620399914.001900"
            },
            {
                "user": "U01RKN0EGDV",
                "ts": "1620399960.002100"
            },
            {
                "user": "U01RRV4JX6Z",
                "ts": "1620399963.002300"
            },
            {
                "user": "U01RNEU3SNA",
                "ts": "1620402364.002900"
            }
        ],
        "is_locked": false,
        "subscribed": false
    },
    {
        "client_msg_id": "1c4e8ff7-7fab-446e-a376-ac5e8dd98205",
        "type": "message",
        "text": "Looks like heavy power point work to me",
        "user": "U01S7BM4N81",
        "ts": "1620399853.001000",
        "team": "T01RBRV5F7H",
        "user_team": "T01RBRV5F7H",
        "source_team": "T01RBRV5F7H",
        "user_profile": {
            "avatar_hash": "2adfc641e87e",
            "image_72": "https:\/\/avatars.slack-edge.com\/2021-04-16\/1994438084416_2adfc641e87e3a953d9c_72.png",
            "first_name": "Thamo",
            "real_name": "Thamo",
            "display_name": "Thamo",
            "team": "T01RBRV5F7H",
            "name": "thamokoeper",
            "is_restricted": false,
            "is_ultra_restricted": false
        },
        "blocks": [
            {
                "type": "rich_text",
                "block_id": "WzT",
                "elements": [
                    {
                        "type": "rich_text_section",
                        "elements": [
                            {
                                "type": "text",
                                "text": "Looks like heavy power point work to me"
                            }
                        ]
                    }
                ]
            }
        ],
        "thread_ts": "1620399508.000700",
        "parent_user_id": "U01RRV4JX6Z"
    },
    {
        "client_msg_id": "fa6bd349-351f-4c23-a62b-b332d0ceb139",
        "type": "message",
        "text": "you mean the ones in the repo, don’t you?",
        "user": "U01S7BM4N81",
        "ts": "1620399877.001200",
        "team": "T01RBRV5F7H",
        "user_team": "T01RBRV5F7H",
        "source_team": "T01RBRV5F7H",
        "user_profile": {
            "avatar_hash": "2adfc641e87e",
            "image_72": "https:\/\/avatars.slack-edge.com\/2021-04-16\/1994438084416_2adfc641e87e3a953d9c_72.png",
            "first_name": "Thamo",
            "real_name": "Thamo",
            "display_name": "Thamo",
            "team": "T01RBRV5F7H",
            "name": "thamokoeper",
            "is_restricted": false,
            "is_ultra_restricted": false
        },
        "blocks": [
            {
                "type": "rich_text",
                "block_id": "v9G",
                "elements": [
                    {
                        "type": "rich_text_section",
                        "elements": [
                            {
                                "type": "text",
                                "text": "you mean the ones in the repo, don’t you?"
                            }
                        ]
                    }
                ]
            }
        ],
        "thread_ts": "1620399508.000700",
        "parent_user_id": "U01RRV4JX6Z"
    },
    {
        "client_msg_id": "fe51d855-c7ea-4b5f-936d-c64388adba13",
        "type": "message",
        "text": "This for example: <https:\/\/raw.githubusercontent.com\/surelybassy\/SportStatsAnalysis\/master\/Images\/FinalProjectDiagram.png>",
        "user": "U01RRV4JX6Z",
        "ts": "1620399892.001400",
        "team": "T01RBRV5F7H",
        "user_team": "T01RBRV5F7H",
        "source_team": "T01RBRV5F7H",
        "user_profile": {
            "avatar_hash": "339c4d69b7d9",
            "image_72": "https:\/\/avatars.slack-edge.com\/2021-04-14\/1961122781618_339c4d69b7d9fe16343a_72.jpg",
            "first_name": "",
            "real_name": "Francisco Ebeling",
            "display_name": "Francisco Ebeling",
            "team": "T01RBRV5F7H",
            "name": "ebelingbarros",
            "is_restricted": false,
            "is_ultra_restricted": false
        },
        "attachments": [
            {
                "fallback": "2550x1464px image",
                "image_url": "https:\/\/raw.githubusercontent.com\/surelybassy\/SportStatsAnalysis\/master\/Images\/FinalProjectDiagram.png",
                "image_width": 2550,
                "image_height": 1464,
                "image_bytes": 446562,
                "from_url": "https:\/\/raw.githubusercontent.com\/surelybassy\/SportStatsAnalysis\/master\/Images\/FinalProjectDiagram.png",
                "id": 1,
                "original_url": "https:\/\/raw.githubusercontent.com\/surelybassy\/SportStatsAnalysis\/master\/Images\/FinalProjectDiagram.png"
            }
        ],
        "blocks": [
            {
                "type": "rich_text",
                "block_id": "HVP",
                "elements": [
                    {
                        "type": "rich_text_section",
                        "elements": [
                            {
                                "type": "text",
                                "text": "This for example: "
                            },
                            {
                                "type": "link",
                                "url": "https:\/\/raw.githubusercontent.com\/surelybassy\/SportStatsAnalysis\/master\/Images\/FinalProjectDiagram.png"
                            }
                        ]
                    }
                ]
            }
        ],
        "thread_ts": "1620399508.000700",
        "parent_user_id": "U01RRV4JX6Z"
    },
    {
        "client_msg_id": "5613264a-7b4b-4de9-a05e-e4df0c1169b3",
        "type": "message",
        "text": "also could be powerpoint or lucidchart",
        "user": "U01RW140HBP",
        "ts": "1620399900.001700",
        "team": "T01RBRV5F7H",
        "user_team": "T01RBRV5F7H",
        "source_team": "T01RBRV5F7H",
        "user_profile": {
            "avatar_hash": "4c43a3a8d10b",
            "image_72": "https:\/\/avatars.slack-edge.com\/2021-03-21\/1895736308209_4c43a3a8d10bc2fe5e13_72.png",
            "first_name": "siand",
            "real_name": "siand the LT (she\/her)",
            "display_name": "siand the LT (she\/her)",
            "team": "T01RBRV5F7H",
            "name": "sian.davies",
            "is_restricted": false,
            "is_ultra_restricted": false
        },
        "blocks": [
            {
                "type": "rich_text",
                "block_id": "5le0S",
                "elements": [
                    {
                        "type": "rich_text_section",
                        "elements": [
                            {
                                "type": "text",
                                "text": "also could be powerpoint or lucidchart"
                            }
                        ]
                    }
                ]
            }
        ],
        "thread_ts": "1620399508.000700",
        "parent_user_id": "U01RRV4JX6Z"
    },
    {
        "client_msg_id": "050102c9-cc1b-4041-8e86-108f18b92eb9",
        "type": "message",
        "text": "Looks a lot like powerpoint :slightly_smiling_face:",
        "user": "U01S7BM4N81",
        "ts": "1620399914.001900",
        "team": "T01RBRV5F7H",
        "user_team": "T01RBRV5F7H",
        "source_team": "T01RBRV5F7H",
        "user_profile": {
            "avatar_hash": "2adfc641e87e",
            "image_72": "https:\/\/avatars.slack-edge.com\/2021-04-16\/1994438084416_2adfc641e87e3a953d9c_72.png",
            "first_name": "Thamo",
            "real_name": "Thamo",
            "display_name": "Thamo",
            "team": "T01RBRV5F7H",
            "name": "thamokoeper",
            "is_restricted": false,
            "is_ultra_restricted": false
        },
        "blocks": [
            {
                "type": "rich_text",
                "block_id": "3fPrL",
                "elements": [
                    {
                        "type": "rich_text_section",
                        "elements": [
                            {
                                "type": "text",
                                "text": "Looks a lot like powerpoint "
                            },
                            {
                                "type": "emoji",
                                "name": "slightly_smiling_face"
                            }
                        ]
                    }
                ]
            }
        ],
        "thread_ts": "1620399508.000700",
        "parent_user_id": "U01RRV4JX6Z"
    },
    {
        "client_msg_id": "7fb0bb84-c8a3-4e14-b516-c29073dbe095",
        "type": "message",
        "text": "agree",
        "user": "U01RKN0EGDV",
        "ts": "1620399960.002100",
        "team": "T01RBRV5F7H",
        "user_team": "T01RBRV5F7H",
        "source_team": "T01RBRV5F7H",
        "user_profile": {
            "avatar_hash": "abe46e9352ee",
            "image_72": "https:\/\/avatars.slack-edge.com\/2021-03-24\/1878427345639_abe46e9352ee26531094_72.jpg",
            "first_name": "Marian",
            "real_name": "Marian Moreno",
            "display_name": "Marian (she\/her)",
            "team": "T01RBRV5F7H",
            "name": "marimor62",
            "is_restricted": false,
            "is_ultra_restricted": false
        },
        "blocks": [
            {
                "type": "rich_text",
                "block_id": "ZenVo",
                "elements": [
                    {
                        "type": "rich_text_section",
                        "elements": [
                            {
                                "type": "text",
                                "text": "agree"
                            }
                        ]
                    }
                ]
            }
        ],
        "thread_ts": "1620399508.000700",
        "parent_user_id": "U01RRV4JX6Z"
    },
    {
        "client_msg_id": "c4f8f0b7-9b1b-4db9-ae6e-db915ed2241e",
        "type": "message",
        "text": "Powerpoint is so annoying when i try to create stuff like this",
        "user": "U01RRV4JX6Z",
        "ts": "1620399963.002300",
        "team": "T01RBRV5F7H",
        "user_team": "T01RBRV5F7H",
        "source_team": "T01RBRV5F7H",
        "user_profile": {
            "avatar_hash": "339c4d69b7d9",
            "image_72": "https:\/\/avatars.slack-edge.com\/2021-04-14\/1961122781618_339c4d69b7d9fe16343a_72.jpg",
            "first_name": "",
            "real_name": "Francisco Ebeling",
            "display_name": "Francisco Ebeling",
            "team": "T01RBRV5F7H",
            "name": "ebelingbarros",
            "is_restricted": false,
            "is_ultra_restricted": false
        },
        "blocks": [
            {
                "type": "rich_text",
                "block_id": "Um8=n",
                "elements": [
                    {
                        "type": "rich_text_section",
                        "elements": [
                            {
                                "type": "text",
                                "text": "Powerpoint is so annoying when i try to create stuff like this"
                            }
                        ]
                    }
                ]
            }
        ],
        "thread_ts": "1620399508.000700",
        "parent_user_id": "U01RRV4JX6Z"
    },
    {
        "client_msg_id": "3B2BE31C-C7EF-4DE1-A28F-0C363F190025",
        "type": "message",
        "text": "You can use lucid <@U01RRV4JX6Z> ",
        "user": "U01RNEU3SNA",
        "ts": "1620402364.002900",
        "team": "T01RBRV5F7H",
        "user_team": "T01RBRV5F7H",
        "source_team": "T01RBRV5F7H",
        "user_profile": {
            "avatar_hash": "ddcfccb1de00",
            "image_72": "https:\/\/avatars.slack-edge.com\/2021-04-01\/1944455459184_ddcfccb1de00850a76e1_72.jpg",
            "first_name": "peter.geo",
            "real_name": "peter.geo DAFT MAR2020",
            "display_name": "Peter George",
            "team": "T01RBRV5F7H",
            "name": "petergeorge649",
            "is_restricted": false,
            "is_ultra_restricted": false
        },
        "blocks": [
            {
                "type": "rich_text",
                "block_id": "Jn9",
                "elements": [
                    {
                        "type": "rich_text_section",
                        "elements": [
                            {
                                "type": "text",
                                "text": "You can use lucid "
                            },
                            {
                                "type": "user",
                                "user_id": "U01RRV4JX6Z"
                            },
                            {
                                "type": "text",
                                "text": " "
                            }
                        ]
                    }
                ]
            }
        ],
        "thread_ts": "1620399508.000700",
        "parent_user_id": "U01RRV4JX6Z",
        "reactions": [
            {
                "name": "raised_hands",
                "users": [
                    "U01RRV4JX6Z",
                    "U01S0P26NKD"
                ],
                "count": 2
            }
        ]
    }
]