[
    {
        "client_msg_id": "fc731af7-4936-4aa6-9472-eba2bbc8046e",
        "type": "message",
        "text": "only a week late but hey :smile:\n\n<https:\/\/public.tableau.com\/profile\/sam.katterfield#!\/vizhome\/recyclingandbeer\/RecyclingBeer>\n\nI too was messing with that London recycling set… on the <https:\/\/data-ft-ber-03-2021.slack.com\/archives\/C01SAEL4UKF\/p1619686877001500|thread above> there was talk of adding bars on each borough…but…. i cant figure it out. ‘Bars’ gives me HUGE bars on each borough (all the same height and just varying by width….not ideal)… Gantt chart gives me teeny tiny bars of the same(ish) size.\n\nWhich formatting option am I not seeing?",
        "user": "U01S7KCL3DF",
        "ts": "1620126573.007300",
        "team": "T01RBRV5F7H",
        "user_team": "T01RBRV5F7H",
        "source_team": "T01RBRV5F7H",
        "user_profile": {
            "avatar_hash": "17b52091bb62",
            "image_72": "https:\/\/avatars.slack-edge.com\/2021-03-19\/1875964347925_17b52091bb62c2340b4c_72.png",
            "first_name": "Sam",
            "real_name": "Sam Katterfield",
            "display_name": "Sam",
            "team": "T01RBRV5F7H",
            "name": "samkatterfield",
            "is_restricted": false,
            "is_ultra_restricted": false
        },
        "attachments": [
            {
                "from_url": "https:\/\/data-ft-ber-03-2021.slack.com\/archives\/C01SAEL4UKF\/p1619686877001500",
                "fallback": "[April 29th, 2021 2:01 AM] josephinebiedermann: Hi there, I just build the recycling map from the Tuesday lab here: <https:\/\/public.tableau.com\/profile\/josephine.biedermann#!\/vizhome\/LondonRecyclingratesperborough2003-20\/RecyclingratesperLondonborough2003-20?publish=yes|https:\/\/public.tableau.com\/profile\/josephine.biedermann#!\/vizhome\/LondonRecyclingratesperborough2003[…]clingratesperLondonborough2003-20?publish=yes>\nTried to make the development over the years dynamic :)",
                "ts": "1619686877.001500",
                "author_id": "U01RN7BVD1C",
                "author_subname": "Josephine Biedermann",
                "channel_id": "C01SAEL4UKF",
                "channel_name": "data-viz-beauties",
                "is_msg_unfurl": true,
                "is_thread_root_unfurl": true,
                "text": "Hi there, I just build the recycling map from the Tuesday lab here: <https:\/\/public.tableau.com\/profile\/josephine.biedermann#!\/vizhome\/LondonRecyclingratesperborough2003-20\/RecyclingratesperLondonborough2003-20?publish=yes|https:\/\/public.tableau.com\/profile\/josephine.biedermann#!\/vizhome\/LondonRecyclingratesperborough2003[…]clingratesperLondonborough2003-20?publish=yes>\nTried to make the development over the years dynamic :)",
                "author_name": "Josephine Biedermann",
                "author_link": "https:\/\/data-ft-ber-03-2021.slack.com\/team\/U01RN7BVD1C",
                "author_icon": "https:\/\/avatars.slack-edge.com\/2021-03-20\/1882033802643_55e0c1b574562994417f_48.jpg",
                "mrkdwn_in": [
                    "text"
                ],
                "id": 1,
                "original_url": "https:\/\/data-ft-ber-03-2021.slack.com\/archives\/C01SAEL4UKF\/p1619686877001500",
                "footer": "Thread in #data-viz-beauties"
            }
        ],
        "blocks": [
            {
                "type": "rich_text",
                "block_id": "3oB92",
                "elements": [
                    {
                        "type": "rich_text_section",
                        "elements": [
                            {
                                "type": "text",
                                "text": "only a week late but hey "
                            },
                            {
                                "type": "emoji",
                                "name": "smile"
                            },
                            {
                                "type": "text",
                                "text": "\n\n"
                            },
                            {
                                "type": "link",
                                "url": "https:\/\/public.tableau.com\/profile\/sam.katterfield#!\/vizhome\/recyclingandbeer\/RecyclingBeer"
                            },
                            {
                                "type": "text",
                                "text": "\n\nI too was messing with that London recycling set… on the "
                            },
                            {
                                "type": "link",
                                "url": "https:\/\/data-ft-ber-03-2021.slack.com\/archives\/C01SAEL4UKF\/p1619686877001500",
                                "text": "thread above"
                            },
                            {
                                "type": "text",
                                "text": " there was talk of adding bars on each borough…but…. i cant figure it out. ‘Bars’ gives me HUGE bars on each borough (all the same height and just varying by width….not ideal)… Gantt chart gives me teeny tiny bars of the same(ish) size.\n\nWhich formatting option am I not seeing?"
                            }
                        ]
                    }
                ]
            }
        ],
        "thread_ts": "1620126573.007300",
        "reply_count": 10,
        "reply_users_count": 3,
        "latest_reply": "1620146280.009600",
        "reply_users": [
            "U01S7KCL3DF",
            "U01RN7BVD1C",
            "U01RW140HBP"
        ],
        "replies": [
            {
                "user": "U01S7KCL3DF",
                "ts": "1620126614.007500"
            },
            {
                "user": "U01RN7BVD1C",
                "ts": "1620129724.007700"
            },
            {
                "user": "U01RN7BVD1C",
                "ts": "1620129758.007900"
            },
            {
                "user": "U01S7KCL3DF",
                "ts": "1620130026.008100"
            },
            {
                "user": "U01RN7BVD1C",
                "ts": "1620130086.008400"
            },
            {
                "user": "U01S7KCL3DF",
                "ts": "1620143458.008600"
            },
            {
                "user": "U01RW140HBP",
                "ts": "1620145283.008800"
            },
            {
                "user": "U01RW140HBP",
                "ts": "1620145352.009000"
            },
            {
                "user": "U01RW140HBP",
                "ts": "1620145394.009400"
            },
            {
                "user": "U01S7KCL3DF",
                "ts": "1620146280.009600"
            }
        ],
        "is_locked": false,
        "subscribed": false
    },
    {
        "client_msg_id": "5a56df5c-bef5-4074-ba7f-205aff6134bc",
        "type": "message",
        "text": "yes colour and layout are not ideal…started getting too creative with backgrounds…. and the beer prices were in pence, took me a while to get them into pounds with the right symbol :neutral_face:",
        "user": "U01S7KCL3DF",
        "ts": "1620126614.007500",
        "team": "T01RBRV5F7H",
        "user_team": "T01RBRV5F7H",
        "source_team": "T01RBRV5F7H",
        "user_profile": {
            "avatar_hash": "17b52091bb62",
            "image_72": "https:\/\/avatars.slack-edge.com\/2021-03-19\/1875964347925_17b52091bb62c2340b4c_72.png",
            "first_name": "Sam",
            "real_name": "Sam Katterfield",
            "display_name": "Sam",
            "team": "T01RBRV5F7H",
            "name": "samkatterfield",
            "is_restricted": false,
            "is_ultra_restricted": false
        },
        "blocks": [
            {
                "type": "rich_text",
                "block_id": "thtdq",
                "elements": [
                    {
                        "type": "rich_text_section",
                        "elements": [
                            {
                                "type": "text",
                                "text": "yes colour and layout are not ideal…started getting too creative with backgrounds…. and the beer prices were in pence, took me a while to get them into pounds with the right symbol "
                            },
                            {
                                "type": "emoji",
                                "name": "neutral_face"
                            }
                        ]
                    }
                ]
            }
        ],
        "thread_ts": "1620126573.007300",
        "parent_user_id": "U01S7KCL3DF"
    },
    {
        "client_msg_id": "410ac05f-8530-4ef1-8278-e66522cad049",
        "type": "message",
        "text": "uhhh i LOVE the bier icon!!!",
        "user": "U01RN7BVD1C",
        "ts": "1620129724.007700",
        "team": "T01RBRV5F7H",
        "user_team": "T01RBRV5F7H",
        "source_team": "T01RBRV5F7H",
        "user_profile": {
            "avatar_hash": "55e0c1b57456",
            "image_72": "https:\/\/avatars.slack-edge.com\/2021-03-20\/1882033802643_55e0c1b574562994417f_72.jpg",
            "first_name": "Josephine",
            "real_name": "Josephine Biedermann",
            "display_name": "Phine",
            "team": "T01RBRV5F7H",
            "name": "josephinebiedermann",
            "is_restricted": false,
            "is_ultra_restricted": false
        },
        "blocks": [
            {
                "type": "rich_text",
                "block_id": "jX8",
                "elements": [
                    {
                        "type": "rich_text_section",
                        "elements": [
                            {
                                "type": "text",
                                "text": "uhhh i LOVE the bier icon!!!"
                            }
                        ]
                    }
                ]
            }
        ],
        "thread_ts": "1620126573.007300",
        "parent_user_id": "U01S7KCL3DF"
    },
    {
        "client_msg_id": "6c4dc42d-34fb-45ba-87aa-fe5bd1fecc13",
        "type": "message",
        "text": "but yes the bars look very funny that way, like a raining cloud. Would be interesting to know how to change that scale.",
        "user": "U01RN7BVD1C",
        "ts": "1620129758.007900",
        "team": "T01RBRV5F7H",
        "user_team": "T01RBRV5F7H",
        "source_team": "T01RBRV5F7H",
        "user_profile": {
            "avatar_hash": "55e0c1b57456",
            "image_72": "https:\/\/avatars.slack-edge.com\/2021-03-20\/1882033802643_55e0c1b574562994417f_72.jpg",
            "first_name": "Josephine",
            "real_name": "Josephine Biedermann",
            "display_name": "Phine",
            "team": "T01RBRV5F7H",
            "name": "josephinebiedermann",
            "is_restricted": false,
            "is_ultra_restricted": false
        },
        "blocks": [
            {
                "type": "rich_text",
                "block_id": "oza7",
                "elements": [
                    {
                        "type": "rich_text_section",
                        "elements": [
                            {
                                "type": "text",
                                "text": "but yes the bars look very funny that way, like a raining cloud. Would be interesting to know how to change that scale."
                            }
                        ]
                    }
                ]
            }
        ],
        "thread_ts": "1620126573.007300",
        "parent_user_id": "U01S7KCL3DF"
    },
    {
        "client_msg_id": "72685280-1a5c-4b6e-899e-7919ff64d40d",
        "type": "message",
        "text": "<@U01RN7BVD1C> i’m having doubts over the data quality….cant remember a London beer ever being that cheap :thinking_face:\n\nunless the figures are taken from a <https:\/\/www.google.com\/maps\/d\/u\/0\/viewer?msa=0&amp;err=1&amp;mid=1m12qzR7wcMI9JC8PzL0PzxMBay0|Sam Smiths pub>",
        "user": "U01S7KCL3DF",
        "ts": "1620130026.008100",
        "team": "T01RBRV5F7H",
        "user_team": "T01RBRV5F7H",
        "source_team": "T01RBRV5F7H",
        "user_profile": {
            "avatar_hash": "17b52091bb62",
            "image_72": "https:\/\/avatars.slack-edge.com\/2021-03-19\/1875964347925_17b52091bb62c2340b4c_72.png",
            "first_name": "Sam",
            "real_name": "Sam Katterfield",
            "display_name": "Sam",
            "team": "T01RBRV5F7H",
            "name": "samkatterfield",
            "is_restricted": false,
            "is_ultra_restricted": false
        },
        "attachments": [
            {
                "service_name": "Google My Maps",
                "title": "Samuel Smiths Pubs - Google My Maps",
                "title_link": "https:\/\/www.google.com\/maps\/d\/u\/0\/viewer?msa=0&err=1&mid=1m12qzR7wcMI9JC8PzL0PzxMBay0",
                "text": "Samuel Smiths Pubs",
                "fallback": "Google My Maps: Samuel Smiths Pubs - Google My Maps",
                "image_url": "https:\/\/www.google.com\/maps\/d\/thumbnail?mid=1m12qzR7wcMI9JC8PzL0PzxMBay0",
                "from_url": "https:\/\/www.google.com\/maps\/d\/u\/0\/viewer?msa=0&err=1&mid=1m12qzR7wcMI9JC8PzL0PzxMBay0",
                "image_width": 242,
                "image_height": 250,
                "image_bytes": 56769,
                "service_icon": "http:\/\/www.gstatic.com\/mapspro\/images\/favicon-001.ico",
                "id": 1,
                "original_url": "https:\/\/www.google.com\/maps\/d\/u\/0\/viewer?msa=0&amp;err=1&amp;mid=1m12qzR7wcMI9JC8PzL0PzxMBay0"
            }
        ],
        "blocks": [
            {
                "type": "rich_text",
                "block_id": "jmuw",
                "elements": [
                    {
                        "type": "rich_text_section",
                        "elements": [
                            {
                                "type": "user",
                                "user_id": "U01RN7BVD1C"
                            },
                            {
                                "type": "text",
                                "text": " i’m having doubts over the data quality….cant remember a London beer ever being that cheap "
                            },
                            {
                                "type": "emoji",
                                "name": "thinking_face"
                            },
                            {
                                "type": "text",
                                "text": "\n\nunless the figures are taken from a "
                            },
                            {
                                "type": "link",
                                "url": "https:\/\/www.google.com\/maps\/d\/u\/0\/viewer?msa=0&err=1&mid=1m12qzR7wcMI9JC8PzL0PzxMBay0",
                                "text": "Sam Smiths pub"
                            }
                        ]
                    }
                ]
            }
        ],
        "thread_ts": "1620126573.007300",
        "parent_user_id": "U01S7KCL3DF"
    },
    {
        "client_msg_id": "b1e72894-073d-46c6-a284-f650cceb505c",
        "type": "message",
        "text": "hahaha yeah thats quite cheap, nearly berlin euro prices hmm",
        "user": "U01RN7BVD1C",
        "ts": "1620130086.008400",
        "team": "T01RBRV5F7H",
        "user_team": "T01RBRV5F7H",
        "source_team": "T01RBRV5F7H",
        "user_profile": {
            "avatar_hash": "55e0c1b57456",
            "image_72": "https:\/\/avatars.slack-edge.com\/2021-03-20\/1882033802643_55e0c1b574562994417f_72.jpg",
            "first_name": "Josephine",
            "real_name": "Josephine Biedermann",
            "display_name": "Phine",
            "team": "T01RBRV5F7H",
            "name": "josephinebiedermann",
            "is_restricted": false,
            "is_ultra_restricted": false
        },
        "blocks": [
            {
                "type": "rich_text",
                "block_id": "NORk",
                "elements": [
                    {
                        "type": "rich_text_section",
                        "elements": [
                            {
                                "type": "text",
                                "text": "hahaha yeah thats quite cheap, nearly berlin euro prices hmm"
                            }
                        ]
                    }
                ]
            }
        ],
        "thread_ts": "1620126573.007300",
        "parent_user_id": "U01S7KCL3DF"
    },
    {
        "client_msg_id": "9e53fa53-11ab-4b44-9f68-a1733c1a1ce0",
        "type": "message",
        "text": "<@U01RW140HBP>",
        "user": "U01S7KCL3DF",
        "ts": "1620143458.008600",
        "team": "T01RBRV5F7H",
        "user_team": "T01RBRV5F7H",
        "source_team": "T01RBRV5F7H",
        "user_profile": {
            "avatar_hash": "17b52091bb62",
            "image_72": "https:\/\/avatars.slack-edge.com\/2021-03-19\/1875964347925_17b52091bb62c2340b4c_72.png",
            "first_name": "Sam",
            "real_name": "Sam Katterfield",
            "display_name": "Sam",
            "team": "T01RBRV5F7H",
            "name": "samkatterfield",
            "is_restricted": false,
            "is_ultra_restricted": false
        },
        "blocks": [
            {
                "type": "rich_text",
                "block_id": "XrFf",
                "elements": [
                    {
                        "type": "rich_text_section",
                        "elements": [
                            {
                                "type": "user",
                                "user_id": "U01RW140HBP"
                            }
                        ]
                    }
                ]
            }
        ],
        "thread_ts": "1620126573.007300",
        "parent_user_id": "U01S7KCL3DF"
    },
    {
        "client_msg_id": "52476849-2b73-4707-9924-f4fd97d36471",
        "type": "message",
        "text": "wow ! quite the bar chart over map combo lol\nso what I can see quickly is that although you have Year in your beer data, I cant see any evidence you have london borough, in your beer data - hence the price of beer would be the same for all parts of london - is that what you expected ?  price ranges from 2.26 in 2003\/4 to 3.70 in 2019\/20, which does feel cheap for london!\n\nas to your visualisation, you are using the size of bars, over the top of the map - but this is duplicated encoding, because you have created a copy of latitude, then changed the display of latitude to bars, even though its just displaying the same information as on the original map.\nwhat are you trying to show on the map ? because if i strip the bars away we just have a map and beer, then it makes sense",
        "user": "U01RW140HBP",
        "ts": "1620145283.008800",
        "team": "T01RBRV5F7H",
        "user_team": "T01RBRV5F7H",
        "source_team": "T01RBRV5F7H",
        "user_profile": {
            "avatar_hash": "4c43a3a8d10b",
            "image_72": "https:\/\/avatars.slack-edge.com\/2021-03-21\/1895736308209_4c43a3a8d10bc2fe5e13_72.png",
            "first_name": "siand",
            "real_name": "siand the LT (she\/her)",
            "display_name": "siand the LT (she\/her)",
            "team": "T01RBRV5F7H",
            "name": "sian.davies",
            "is_restricted": false,
            "is_ultra_restricted": false
        },
        "blocks": [
            {
                "type": "rich_text",
                "block_id": "Glft",
                "elements": [
                    {
                        "type": "rich_text_section",
                        "elements": [
                            {
                                "type": "text",
                                "text": "wow ! quite the bar chart over map combo lol\nso what I can see quickly is that although you have Year in your beer data, I cant see any evidence you have london borough, in your beer data - hence the price of beer would be the same for all parts of london - is that what you expected ?  price ranges from 2.26 in 2003\/4 to 3.70 in 2019\/20, which does feel cheap for london!\n\nas to your visualisation, you are using the size of bars, over the top of the map - but this is duplicated encoding, because you have created a copy of latitude, then changed the display of latitude to bars, even though its just displaying the same information as on the original map.\nwhat are you trying to show on the map ? because if i strip the bars away we just have a map and beer, then it makes sense"
                            }
                        ]
                    }
                ]
            }
        ],
        "thread_ts": "1620126573.007300",
        "parent_user_id": "U01S7KCL3DF"
    },
    {
        "type": "message",
        "text": "",
        "files": [
            {
                "id": "F020VJJ9Q0K",
                "created": 1620145349,
                "timestamp": 1620145349,
                "name": "image.png",
                "title": "image.png",
                "mimetype": "image\/png",
                "filetype": "png",
                "pretty_type": "PNG",
                "user": "U01RW140HBP",
                "editable": false,
                "size": 375222,
                "mode": "hosted",
                "is_external": false,
                "external_type": "",
                "is_public": true,
                "public_url_shared": false,
                "display_as_bot": false,
                "username": "",
                "url_private": "https:\/\/files.slack.com\/files-pri\/T01RBRV5F7H-F020VJJ9Q0K\/image.png?t=xoxe-1861879185255-2068564688150-2068564727718-519dfbdd8f50e154f7dac1ab76bfc0d2",
                "url_private_download": "https:\/\/files.slack.com\/files-pri\/T01RBRV5F7H-F020VJJ9Q0K\/download\/image.png?t=xoxe-1861879185255-2068564688150-2068564727718-519dfbdd8f50e154f7dac1ab76bfc0d2",
                "thumb_64": "https:\/\/files.slack.com\/files-tmb\/T01RBRV5F7H-F020VJJ9Q0K-15189244b2\/image_64.png?t=xoxe-1861879185255-2068564688150-2068564727718-519dfbdd8f50e154f7dac1ab76bfc0d2",
                "thumb_80": "https:\/\/files.slack.com\/files-tmb\/T01RBRV5F7H-F020VJJ9Q0K-15189244b2\/image_80.png?t=xoxe-1861879185255-2068564688150-2068564727718-519dfbdd8f50e154f7dac1ab76bfc0d2",
                "thumb_360": "https:\/\/files.slack.com\/files-tmb\/T01RBRV5F7H-F020VJJ9Q0K-15189244b2\/image_360.png?t=xoxe-1861879185255-2068564688150-2068564727718-519dfbdd8f50e154f7dac1ab76bfc0d2",
                "thumb_360_w": 360,
                "thumb_360_h": 203,
                "thumb_480": "https:\/\/files.slack.com\/files-tmb\/T01RBRV5F7H-F020VJJ9Q0K-15189244b2\/image_480.png?t=xoxe-1861879185255-2068564688150-2068564727718-519dfbdd8f50e154f7dac1ab76bfc0d2",
                "thumb_480_w": 480,
                "thumb_480_h": 271,
                "thumb_160": "https:\/\/files.slack.com\/files-tmb\/T01RBRV5F7H-F020VJJ9Q0K-15189244b2\/image_160.png?t=xoxe-1861879185255-2068564688150-2068564727718-519dfbdd8f50e154f7dac1ab76bfc0d2",
                "thumb_720": "https:\/\/files.slack.com\/files-tmb\/T01RBRV5F7H-F020VJJ9Q0K-15189244b2\/image_720.png?t=xoxe-1861879185255-2068564688150-2068564727718-519dfbdd8f50e154f7dac1ab76bfc0d2",
                "thumb_720_w": 720,
                "thumb_720_h": 406,
                "thumb_800": "https:\/\/files.slack.com\/files-tmb\/T01RBRV5F7H-F020VJJ9Q0K-15189244b2\/image_800.png?t=xoxe-1861879185255-2068564688150-2068564727718-519dfbdd8f50e154f7dac1ab76bfc0d2",
                "thumb_800_w": 800,
                "thumb_800_h": 451,
                "original_w": 933,
                "original_h": 526,
                "thumb_tiny": "AwAbADC+WC9TimeaD92ibkDFQITkrkGi2lxdbE6uc4NKWBYANz9KgLMwG04NLGfNc4zx3o3AsgNjsT+VB64IpASOB1+tISeuKBju3NQtEVU+WBnPQ1NQaQGeQ5QvztzVu2QpEAeCeal7UU2xWIyhMuRkc561IRzmiikhn\/\/Z",
                "permalink": "https:\/\/data-ft-ber-03-2021.slack.com\/files\/U01RW140HBP\/F020VJJ9Q0K\/image.png",
                "permalink_public": "https:\/\/slack-files.com\/T01RBRV5F7H-F020VJJ9Q0K-430cac3412",
                "is_starred": false,
                "has_rich_preview": false
            }
        ],
        "upload": false,
        "user": "U01RW140HBP",
        "display_as_bot": false,
        "ts": "1620145352.009000",
        "thread_ts": "1620126573.007300",
        "parent_user_id": "U01S7KCL3DF"
    },
    {
        "client_msg_id": "c6f7c62f-4c8a-4f48-a6d5-2557ebe9d42d",
        "type": "message",
        "text": "and well done for getting the beer icon in there and making the beer grow over time… i think if you could get an average price by borough (no idea where from) or a london beer price (i think this must be nationwide) then this would be great stuff!",
        "user": "U01RW140HBP",
        "ts": "1620145394.009400",
        "team": "T01RBRV5F7H",
        "user_team": "T01RBRV5F7H",
        "source_team": "T01RBRV5F7H",
        "user_profile": {
            "avatar_hash": "4c43a3a8d10b",
            "image_72": "https:\/\/avatars.slack-edge.com\/2021-03-21\/1895736308209_4c43a3a8d10bc2fe5e13_72.png",
            "first_name": "siand",
            "real_name": "siand the LT (she\/her)",
            "display_name": "siand the LT (she\/her)",
            "team": "T01RBRV5F7H",
            "name": "sian.davies",
            "is_restricted": false,
            "is_ultra_restricted": false
        },
        "blocks": [
            {
                "type": "rich_text",
                "block_id": "qxJl",
                "elements": [
                    {
                        "type": "rich_text_section",
                        "elements": [
                            {
                                "type": "text",
                                "text": "and well done for getting the beer icon in there and making the beer grow over time… i think if you could get an average price by borough (no idea where from) or a london beer price (i think this must be nationwide) then this would be great stuff!"
                            }
                        ]
                    }
                ]
            }
        ],
        "thread_ts": "1620126573.007300",
        "parent_user_id": "U01S7KCL3DF"
    },
    {
        "client_msg_id": "cdaac62a-a0e9-421f-ac8c-6b03be2025a9",
        "type": "message",
        "text": "oops…. yes… now I see the beer prices are from the ONS, so will be nationwide:\n\n<https:\/\/www.ons.gov.uk\/economy\/inflationandpriceindices\/timeseries\/czms\/mm23|https:\/\/www.ons.gov.uk\/economy\/inflationandpriceindices\/timeseries\/czms\/mm23>\n\nper borough would be fun, but a challenge :joy: …having it just for london was the plan\n\nI'm just trying to show some bars on each borough…. shorter ones for lower numbers, taller ones for higher numbers…mainly for the lolz\n\nusing latitude twice came from here… but their bars on the US map example look sensible :thinking_face:\n\n<https:\/\/kb.tableau.com\/articles\/howto\/How-to-Display-Bar-Chart-on-Map|https:\/\/kb.tableau.com\/articles\/howto\/How-to-Display-Bar-Chart-on-Map>\n<@U01RW140HBP>",
        "user": "U01S7KCL3DF",
        "ts": "1620146280.009600",
        "team": "T01RBRV5F7H",
        "user_team": "T01RBRV5F7H",
        "source_team": "T01RBRV5F7H",
        "user_profile": {
            "avatar_hash": "17b52091bb62",
            "image_72": "https:\/\/avatars.slack-edge.com\/2021-03-19\/1875964347925_17b52091bb62c2340b4c_72.png",
            "first_name": "Sam",
            "real_name": "Sam Katterfield",
            "display_name": "Sam",
            "team": "T01RBRV5F7H",
            "name": "samkatterfield",
            "is_restricted": false,
            "is_ultra_restricted": false
        },
        "edited": {
            "user": "U01S7KCL3DF",
            "ts": "1620147603.000000"
        },
        "blocks": [
            {
                "type": "rich_text",
                "block_id": "gU4w",
                "elements": [
                    {
                        "type": "rich_text_section",
                        "elements": [
                            {
                                "type": "text",
                                "text": "oops…. yes… now I see the beer prices are from the ONS, so will be nationwide:\n\n"
                            },
                            {
                                "type": "link",
                                "url": "https:\/\/www.ons.gov.uk\/economy\/inflationandpriceindices\/timeseries\/czms\/mm23",
                                "text": "https:\/\/www.ons.gov.uk\/economy\/inflationandpriceindices\/timeseries\/czms\/mm23"
                            },
                            {
                                "type": "text",
                                "text": "\n\nper borough would be fun, but a challenge "
                            },
                            {
                                "type": "emoji",
                                "name": "joy"
                            },
                            {
                                "type": "text",
                                "text": " …having it just for london was the plan\n\nI'm just trying to show some bars on each borough…. shorter ones for lower numbers, taller ones for higher numbers…mainly for the lolz\n\nusing latitude twice came from here… but their bars on the US map example look sensible "
                            },
                            {
                                "type": "emoji",
                                "name": "thinking_face"
                            },
                            {
                                "type": "text",
                                "text": "\n\n"
                            },
                            {
                                "type": "link",
                                "url": "https:\/\/kb.tableau.com\/articles\/howto\/How-to-Display-Bar-Chart-on-Map",
                                "text": "https:\/\/kb.tableau.com\/articles\/howto\/How-to-Display-Bar-Chart-on-Map"
                            },
                            {
                                "type": "text",
                                "text": "\n"
                            },
                            {
                                "type": "user",
                                "user_id": "U01RW140HBP"
                            }
                        ]
                    }
                ]
            }
        ],
        "thread_ts": "1620126573.007300",
        "parent_user_id": "U01S7KCL3DF"
    }
]