[
    {
        "type": "message",
        "text": "how to use different tables without to connect them. I want to show different insights in a Dashboard",
        "files": [
            {
                "id": "F022KT6LW2D",
                "created": 1621321809,
                "timestamp": 1621321809,
                "name": "Screenshot 2021-05-18 at 09.10.06.png",
                "title": "Screenshot 2021-05-18 at 09.10.06.png",
                "mimetype": "image\/png",
                "filetype": "png",
                "pretty_type": "PNG",
                "user": "U01S79YDELR",
                "editable": false,
                "size": 105453,
                "mode": "hosted",
                "is_external": false,
                "external_type": "",
                "is_public": true,
                "public_url_shared": false,
                "display_as_bot": false,
                "username": "",
                "url_private": "https:\/\/files.slack.com\/files-pri\/T01RBRV5F7H-F022KT6LW2D\/screenshot_2021-05-18_at_09.10.06.png?t=xoxe-1861879185255-2068564688150-2068564727718-519dfbdd8f50e154f7dac1ab76bfc0d2",
                "url_private_download": "https:\/\/files.slack.com\/files-pri\/T01RBRV5F7H-F022KT6LW2D\/download\/screenshot_2021-05-18_at_09.10.06.png?t=xoxe-1861879185255-2068564688150-2068564727718-519dfbdd8f50e154f7dac1ab76bfc0d2",
                "thumb_64": "https:\/\/files.slack.com\/files-tmb\/T01RBRV5F7H-F022KT6LW2D-9ae8374e3d\/screenshot_2021-05-18_at_09.10.06_64.png?t=xoxe-1861879185255-2068564688150-2068564727718-519dfbdd8f50e154f7dac1ab76bfc0d2",
                "thumb_80": "https:\/\/files.slack.com\/files-tmb\/T01RBRV5F7H-F022KT6LW2D-9ae8374e3d\/screenshot_2021-05-18_at_09.10.06_80.png?t=xoxe-1861879185255-2068564688150-2068564727718-519dfbdd8f50e154f7dac1ab76bfc0d2",
                "thumb_360": "https:\/\/files.slack.com\/files-tmb\/T01RBRV5F7H-F022KT6LW2D-9ae8374e3d\/screenshot_2021-05-18_at_09.10.06_360.png?t=xoxe-1861879185255-2068564688150-2068564727718-519dfbdd8f50e154f7dac1ab76bfc0d2",
                "thumb_360_w": 360,
                "thumb_360_h": 219,
                "thumb_480": "https:\/\/files.slack.com\/files-tmb\/T01RBRV5F7H-F022KT6LW2D-9ae8374e3d\/screenshot_2021-05-18_at_09.10.06_480.png?t=xoxe-1861879185255-2068564688150-2068564727718-519dfbdd8f50e154f7dac1ab76bfc0d2",
                "thumb_480_w": 480,
                "thumb_480_h": 292,
                "thumb_160": "https:\/\/files.slack.com\/files-tmb\/T01RBRV5F7H-F022KT6LW2D-9ae8374e3d\/screenshot_2021-05-18_at_09.10.06_160.png?t=xoxe-1861879185255-2068564688150-2068564727718-519dfbdd8f50e154f7dac1ab76bfc0d2",
                "thumb_720": "https:\/\/files.slack.com\/files-tmb\/T01RBRV5F7H-F022KT6LW2D-9ae8374e3d\/screenshot_2021-05-18_at_09.10.06_720.png?t=xoxe-1861879185255-2068564688150-2068564727718-519dfbdd8f50e154f7dac1ab76bfc0d2",
                "thumb_720_w": 720,
                "thumb_720_h": 438,
                "thumb_800": "https:\/\/files.slack.com\/files-tmb\/T01RBRV5F7H-F022KT6LW2D-9ae8374e3d\/screenshot_2021-05-18_at_09.10.06_800.png?t=xoxe-1861879185255-2068564688150-2068564727718-519dfbdd8f50e154f7dac1ab76bfc0d2",
                "thumb_800_w": 800,
                "thumb_800_h": 487,
                "thumb_960": "https:\/\/files.slack.com\/files-tmb\/T01RBRV5F7H-F022KT6LW2D-9ae8374e3d\/screenshot_2021-05-18_at_09.10.06_960.png?t=xoxe-1861879185255-2068564688150-2068564727718-519dfbdd8f50e154f7dac1ab76bfc0d2",
                "thumb_960_w": 960,
                "thumb_960_h": 584,
                "thumb_1024": "https:\/\/files.slack.com\/files-tmb\/T01RBRV5F7H-F022KT6LW2D-9ae8374e3d\/screenshot_2021-05-18_at_09.10.06_1024.png?t=xoxe-1861879185255-2068564688150-2068564727718-519dfbdd8f50e154f7dac1ab76bfc0d2",
                "thumb_1024_w": 1024,
                "thumb_1024_h": 623,
                "original_w": 1634,
                "original_h": 994,
                "thumb_tiny": "AwAdADDQGOnFOwPSmjOadzQAY9hS4HoKKKADA9BRgelFFACUtMLUu72oAdRTd3tRu9qAHUU3d7UbvagD\/9k=",
                "permalink": "https:\/\/data-ft-ber-03-2021.slack.com\/files\/U01S79YDELR\/F022KT6LW2D\/screenshot_2021-05-18_at_09.10.06.png",
                "permalink_public": "https:\/\/slack-files.com\/T01RBRV5F7H-F022KT6LW2D-a97ba23683",
                "is_starred": false,
                "has_rich_preview": false
            }
        ],
        "upload": false,
        "blocks": [
            {
                "type": "rich_text",
                "block_id": "IlXh0",
                "elements": [
                    {
                        "type": "rich_text_section",
                        "elements": [
                            {
                                "type": "text",
                                "text": "how to use different tables without to connect them. I want to show different insights in a Dashboard"
                            }
                        ]
                    }
                ]
            }
        ],
        "user": "U01S79YDELR",
        "display_as_bot": false,
        "ts": "1621321847.000700",
        "thread_ts": "1621321847.000700",
        "reply_count": 3,
        "reply_users_count": 2,
        "latest_reply": "1621322090.001400",
        "reply_users": [
            "U01S7BM4N81",
            "U01S79YDELR"
        ],
        "replies": [
            {
                "user": "U01S7BM4N81",
                "ts": "1621321908.001000"
            },
            {
                "user": "U01S7BM4N81",
                "ts": "1621321916.001200"
            },
            {
                "user": "U01S79YDELR",
                "ts": "1621322090.001400"
            }
        ],
        "is_locked": false,
        "subscribed": false
    },
    {
        "client_msg_id": "698a35f7-13a1-4988-8b3b-2f4bbf1caa8a",
        "type": "message",
        "text": "you have to click on the database icon on top in middleish on your screen right next to “infrastructure_2019” and then add a second table",
        "user": "U01S7BM4N81",
        "ts": "1621321908.001000",
        "team": "T01RBRV5F7H",
        "user_team": "T01RBRV5F7H",
        "source_team": "T01RBRV5F7H",
        "user_profile": {
            "avatar_hash": "2adfc641e87e",
            "image_72": "https:\/\/avatars.slack-edge.com\/2021-04-16\/1994438084416_2adfc641e87e3a953d9c_72.png",
            "first_name": "Thamo",
            "real_name": "Thamo",
            "display_name": "Thamo",
            "team": "T01RBRV5F7H",
            "name": "thamokoeper",
            "is_restricted": false,
            "is_ultra_restricted": false
        },
        "blocks": [
            {
                "type": "rich_text",
                "block_id": "fb=cz",
                "elements": [
                    {
                        "type": "rich_text_section",
                        "elements": [
                            {
                                "type": "text",
                                "text": "you have to click on the database icon on top in middleish on your screen right next to “infrastructure_2019” and then add a second table"
                            }
                        ]
                    }
                ]
            }
        ],
        "thread_ts": "1621321847.000700",
        "parent_user_id": "U01S79YDELR"
    },
    {
        "client_msg_id": "ce134c2c-a078-45c8-9d09-8945dbdf0db0",
        "type": "message",
        "text": "Google has some very great tutorials :slightly_smiling_face:",
        "user": "U01S7BM4N81",
        "ts": "1621321916.001200",
        "team": "T01RBRV5F7H",
        "user_team": "T01RBRV5F7H",
        "source_team": "T01RBRV5F7H",
        "user_profile": {
            "avatar_hash": "2adfc641e87e",
            "image_72": "https:\/\/avatars.slack-edge.com\/2021-04-16\/1994438084416_2adfc641e87e3a953d9c_72.png",
            "first_name": "Thamo",
            "real_name": "Thamo",
            "display_name": "Thamo",
            "team": "T01RBRV5F7H",
            "name": "thamokoeper",
            "is_restricted": false,
            "is_ultra_restricted": false
        },
        "blocks": [
            {
                "type": "rich_text",
                "block_id": "fdm",
                "elements": [
                    {
                        "type": "rich_text_section",
                        "elements": [
                            {
                                "type": "text",
                                "text": "Google has some very great tutorials "
                            },
                            {
                                "type": "emoji",
                                "name": "slightly_smiling_face"
                            }
                        ]
                    }
                ]
            }
        ],
        "thread_ts": "1621321847.000700",
        "parent_user_id": "U01S79YDELR"
    },
    {
        "client_msg_id": "8110d950-889c-44e5-8278-8c2e58fac3ed",
        "type": "message",
        "text": "Thanks, Thamo",
        "user": "U01S79YDELR",
        "ts": "1621322090.001400",
        "team": "T01RBRV5F7H",
        "user_team": "T01RBRV5F7H",
        "source_team": "T01RBRV5F7H",
        "user_profile": {
            "avatar_hash": "606def897de6",
            "image_72": "https:\/\/avatars.slack-edge.com\/2021-03-22\/1910932493456_606def897de66681d932_72.jpg",
            "first_name": "",
            "real_name": "Karina Condeixa",
            "display_name": "Karina Condeixa",
            "team": "T01RBRV5F7H",
            "name": "karina.condeixa",
            "is_restricted": false,
            "is_ultra_restricted": false
        },
        "blocks": [
            {
                "type": "rich_text",
                "block_id": "k4xNb",
                "elements": [
                    {
                        "type": "rich_text_section",
                        "elements": [
                            {
                                "type": "text",
                                "text": "Thanks, Thamo"
                            }
                        ]
                    }
                ]
            }
        ],
        "thread_ts": "1621321847.000700",
        "parent_user_id": "U01S79YDELR"
    },
    {
        "type": "message",
        "text": "Hi guys, I am trying to iterate though dates without success. My goal is to send one request to this api to get data foe each day in a range of time but I am getting and error. Can you see what I am doing wrong? Thank you:slightly_smiling_face:",
        "files": [
            {
                "id": "F022DEF9U0L",
                "created": 1621322196,
                "timestamp": 1621322196,
                "name": "Screenshot 2021-05-18 at 09.16.29.png",
                "title": "Screenshot 2021-05-18 at 09.16.29.png",
                "mimetype": "image\/png",
                "filetype": "png",
                "pretty_type": "PNG",
                "user": "U01SD3CDH9P",
                "editable": false,
                "size": 57186,
                "mode": "hosted",
                "is_external": false,
                "external_type": "",
                "is_public": true,
                "public_url_shared": false,
                "display_as_bot": false,
                "username": "",
                "url_private": "https:\/\/files.slack.com\/files-pri\/T01RBRV5F7H-F022DEF9U0L\/screenshot_2021-05-18_at_09.16.29.png?t=xoxe-1861879185255-2068564688150-2068564727718-519dfbdd8f50e154f7dac1ab76bfc0d2",
                "url_private_download": "https:\/\/files.slack.com\/files-pri\/T01RBRV5F7H-F022DEF9U0L\/download\/screenshot_2021-05-18_at_09.16.29.png?t=xoxe-1861879185255-2068564688150-2068564727718-519dfbdd8f50e154f7dac1ab76bfc0d2",
                "thumb_64": "https:\/\/files.slack.com\/files-tmb\/T01RBRV5F7H-F022DEF9U0L-1aced73b2c\/screenshot_2021-05-18_at_09.16.29_64.png?t=xoxe-1861879185255-2068564688150-2068564727718-519dfbdd8f50e154f7dac1ab76bfc0d2",
                "thumb_80": "https:\/\/files.slack.com\/files-tmb\/T01RBRV5F7H-F022DEF9U0L-1aced73b2c\/screenshot_2021-05-18_at_09.16.29_80.png?t=xoxe-1861879185255-2068564688150-2068564727718-519dfbdd8f50e154f7dac1ab76bfc0d2",
                "thumb_360": "https:\/\/files.slack.com\/files-tmb\/T01RBRV5F7H-F022DEF9U0L-1aced73b2c\/screenshot_2021-05-18_at_09.16.29_360.png?t=xoxe-1861879185255-2068564688150-2068564727718-519dfbdd8f50e154f7dac1ab76bfc0d2",
                "thumb_360_w": 360,
                "thumb_360_h": 252,
                "thumb_480": "https:\/\/files.slack.com\/files-tmb\/T01RBRV5F7H-F022DEF9U0L-1aced73b2c\/screenshot_2021-05-18_at_09.16.29_480.png?t=xoxe-1861879185255-2068564688150-2068564727718-519dfbdd8f50e154f7dac1ab76bfc0d2",
                "thumb_480_w": 480,
                "thumb_480_h": 336,
                "thumb_160": "https:\/\/files.slack.com\/files-tmb\/T01RBRV5F7H-F022DEF9U0L-1aced73b2c\/screenshot_2021-05-18_at_09.16.29_160.png?t=xoxe-1861879185255-2068564688150-2068564727718-519dfbdd8f50e154f7dac1ab76bfc0d2",
                "original_w": 510,
                "original_h": 357,
                "thumb_tiny": "AwAhADDRYfKcdaZhupBqQ8io264H86AD5uuDQM9waMY78UowD0x+NADhmlpMj1paAFPSomGWqU0wg5Py5oAaQx7U4cdjSY\/2KfQAlLRRQAp6U2nHpTaBoKKKKACiiigD\/9k=",
                "permalink": "https:\/\/data-ft-ber-03-2021.slack.com\/files\/U01SD3CDH9P\/F022DEF9U0L\/screenshot_2021-05-18_at_09.16.29.png",
                "permalink_public": "https:\/\/slack-files.com\/T01RBRV5F7H-F022DEF9U0L-a3b2f98040",
                "is_starred": false,
                "has_rich_preview": false
            },
            {
                "id": "F0220GEK0KY",
                "created": 1621322342,
                "timestamp": 1621322342,
                "name": "Screenshot 2021-05-18 at 09.19.00.png",
                "title": "Screenshot 2021-05-18 at 09.19.00.png",
                "mimetype": "image\/png",
                "filetype": "png",
                "pretty_type": "PNG",
                "user": "U01SD3CDH9P",
                "editable": false,
                "size": 62226,
                "mode": "hosted",
                "is_external": false,
                "external_type": "",
                "is_public": true,
                "public_url_shared": false,
                "display_as_bot": false,
                "username": "",
                "url_private": "https:\/\/files.slack.com\/files-pri\/T01RBRV5F7H-F0220GEK0KY\/screenshot_2021-05-18_at_09.19.00.png?t=xoxe-1861879185255-2068564688150-2068564727718-519dfbdd8f50e154f7dac1ab76bfc0d2",
                "url_private_download": "https:\/\/files.slack.com\/files-pri\/T01RBRV5F7H-F0220GEK0KY\/download\/screenshot_2021-05-18_at_09.19.00.png?t=xoxe-1861879185255-2068564688150-2068564727718-519dfbdd8f50e154f7dac1ab76bfc0d2",
                "thumb_64": "https:\/\/files.slack.com\/files-tmb\/T01RBRV5F7H-F0220GEK0KY-4b6e0fffe1\/screenshot_2021-05-18_at_09.19.00_64.png?t=xoxe-1861879185255-2068564688150-2068564727718-519dfbdd8f50e154f7dac1ab76bfc0d2",
                "thumb_80": "https:\/\/files.slack.com\/files-tmb\/T01RBRV5F7H-F0220GEK0KY-4b6e0fffe1\/screenshot_2021-05-18_at_09.19.00_80.png?t=xoxe-1861879185255-2068564688150-2068564727718-519dfbdd8f50e154f7dac1ab76bfc0d2",
                "thumb_360": "https:\/\/files.slack.com\/files-tmb\/T01RBRV5F7H-F0220GEK0KY-4b6e0fffe1\/screenshot_2021-05-18_at_09.19.00_360.png?t=xoxe-1861879185255-2068564688150-2068564727718-519dfbdd8f50e154f7dac1ab76bfc0d2",
                "thumb_360_w": 360,
                "thumb_360_h": 95,
                "thumb_480": "https:\/\/files.slack.com\/files-tmb\/T01RBRV5F7H-F0220GEK0KY-4b6e0fffe1\/screenshot_2021-05-18_at_09.19.00_480.png?t=xoxe-1861879185255-2068564688150-2068564727718-519dfbdd8f50e154f7dac1ab76bfc0d2",
                "thumb_480_w": 480,
                "thumb_480_h": 127,
                "thumb_160": "https:\/\/files.slack.com\/files-tmb\/T01RBRV5F7H-F0220GEK0KY-4b6e0fffe1\/screenshot_2021-05-18_at_09.19.00_160.png?t=xoxe-1861879185255-2068564688150-2068564727718-519dfbdd8f50e154f7dac1ab76bfc0d2",
                "thumb_720": "https:\/\/files.slack.com\/files-tmb\/T01RBRV5F7H-F0220GEK0KY-4b6e0fffe1\/screenshot_2021-05-18_at_09.19.00_720.png?t=xoxe-1861879185255-2068564688150-2068564727718-519dfbdd8f50e154f7dac1ab76bfc0d2",
                "thumb_720_w": 720,
                "thumb_720_h": 190,
                "thumb_800": "https:\/\/files.slack.com\/files-tmb\/T01RBRV5F7H-F0220GEK0KY-4b6e0fffe1\/screenshot_2021-05-18_at_09.19.00_800.png?t=xoxe-1861879185255-2068564688150-2068564727718-519dfbdd8f50e154f7dac1ab76bfc0d2",
                "thumb_800_w": 800,
                "thumb_800_h": 211,
                "thumb_960": "https:\/\/files.slack.com\/files-tmb\/T01RBRV5F7H-F0220GEK0KY-4b6e0fffe1\/screenshot_2021-05-18_at_09.19.00_960.png?t=xoxe-1861879185255-2068564688150-2068564727718-519dfbdd8f50e154f7dac1ab76bfc0d2",
                "thumb_960_w": 960,
                "thumb_960_h": 253,
                "thumb_1024": "https:\/\/files.slack.com\/files-tmb\/T01RBRV5F7H-F0220GEK0KY-4b6e0fffe1\/screenshot_2021-05-18_at_09.19.00_1024.png?t=xoxe-1861879185255-2068564688150-2068564727718-519dfbdd8f50e154f7dac1ab76bfc0d2",
                "thumb_1024_w": 1024,
                "thumb_1024_h": 270,
                "original_w": 1141,
                "original_h": 301,
                "thumb_tiny": "AwAMADDSPSmkc9qXNGaAAGl\/GkzRmgB340U3NGaAP\/\/Z",
                "permalink": "https:\/\/data-ft-ber-03-2021.slack.com\/files\/U01SD3CDH9P\/F0220GEK0KY\/screenshot_2021-05-18_at_09.19.00.png",
                "permalink_public": "https:\/\/slack-files.com\/T01RBRV5F7H-F0220GEK0KY-f324b3f27f",
                "is_starred": false,
                "has_rich_preview": false
            }
        ],
        "upload": false,
        "blocks": [
            {
                "type": "rich_text",
                "block_id": "H2\/j",
                "elements": [
                    {
                        "type": "rich_text_section",
                        "elements": [
                            {
                                "type": "text",
                                "text": "Hi guys, I am trying to iterate though dates without success. My goal is to send one request to this api to get data foe each day in a range of time but I am getting and error. Can you see what I am doing wrong? Thank you"
                            },
                            {
                                "type": "emoji",
                                "name": "slightly_smiling_face"
                            }
                        ]
                    }
                ]
            }
        ],
        "user": "U01SD3CDH9P",
        "ts": "1621322389.004000"
    }
]