[
    {
        "client_msg_id": "692056c5-5203-49d6-a52e-dde8c5f12f73",
        "type": "message",
        "text": "I found this extension for jupyter notebooks today, it shows the distribution of variables and the datatype in a pandas dataframe when printing it:\n<https:\/\/pypi.org\/project\/jupyter-datatables\/>",
        "user": "U01S7BM4N81",
        "ts": "1619989442.003200",
        "team": "T01RBRV5F7H",
        "user_team": "T01RBRV5F7H",
        "source_team": "T01RBRV5F7H",
        "user_profile": {
            "avatar_hash": "2adfc641e87e",
            "image_72": "https:\/\/avatars.slack-edge.com\/2021-04-16\/1994438084416_2adfc641e87e3a953d9c_72.png",
            "first_name": "Thamo",
            "real_name": "Thamo",
            "display_name": "Thamo",
            "team": "T01RBRV5F7H",
            "name": "thamokoeper",
            "is_restricted": false,
            "is_ultra_restricted": false
        },
        "edited": {
            "user": "U01S7BM4N81",
            "ts": "1619989468.000000"
        },
        "attachments": [
            {
                "service_name": "PyPI",
                "title": "jupyter-datatables",
                "title_link": "https:\/\/pypi.org\/project\/jupyter-datatables\/",
                "text": "Jupyter Notebook extension to levarage pandas DataFrames by integrating DataTables JS.",
                "fallback": "PyPI: jupyter-datatables",
                "image_url": "https:\/\/pypi.org\/static\/images\/twitter.90915068.jpg",
                "from_url": "https:\/\/pypi.org\/project\/jupyter-datatables\/",
                "image_width": 250,
                "image_height": 250,
                "image_bytes": 13245,
                "service_icon": "https:\/\/pypi.org\/static\/images\/favicon.6a76275d.ico",
                "id": 1,
                "original_url": "https:\/\/pypi.org\/project\/jupyter-datatables\/"
            }
        ],
        "blocks": [
            {
                "type": "rich_text",
                "block_id": "5M7",
                "elements": [
                    {
                        "type": "rich_text_section",
                        "elements": [
                            {
                                "type": "text",
                                "text": "I found this extension for jupyter notebooks today, it shows the distribution of variables and the datatype in a pandas dataframe when printing it:\n"
                            },
                            {
                                "type": "link",
                                "url": "https:\/\/pypi.org\/project\/jupyter-datatables\/"
                            }
                        ]
                    }
                ]
            }
        ],
        "reactions": [
            {
                "name": "+1",
                "users": [
                    "U01S79YDELR",
                    "U01S7KCL3DF"
                ],
                "count": 2
            }
        ]
    }
]