[
    {
        "client_msg_id": "d89f96b7-f54a-471c-bd08-abaf5e050e83",
        "type": "message",
        "text": "same, no access",
        "user": "U01S0MFJ3HR",
        "ts": "1616483960.000100",
        "team": "T01RBRV5F7H",
        "user_team": "T01RBRV5F7H",
        "source_team": "T01RBRV5F7H",
        "user_profile": {
            "avatar_hash": "16aa576b8645",
            "image_72": "https:\/\/avatars.slack-edge.com\/2021-03-23\/1903189544593_16aa576b864568c61af7_72.jpg",
            "first_name": "",
            "real_name": "Anja Fechner",
            "display_name": "Anja Fechner",
            "team": "T01RBRV5F7H",
            "name": "anja.fechner",
            "is_restricted": false,
            "is_ultra_restricted": false
        },
        "blocks": [
            {
                "type": "rich_text",
                "block_id": "GAa7",
                "elements": [
                    {
                        "type": "rich_text_section",
                        "elements": [
                            {
                                "type": "text",
                                "text": "same, no access"
                            }
                        ]
                    }
                ]
            }
        ],
        "thread_ts": "1616439534.009000",
        "parent_user_id": "U01SD3CDH9P"
    },
    {
        "client_msg_id": "ca71b8e0-d4c6-4a17-ab92-b144dabf07c1",
        "type": "message",
        "text": "Hey all,\nCan you please confirm *<https:\/\/www.notion.so\/ironhack\/d069723dff344c84a2671d31010d3c11?v=e92549911eb9432ba98ede76c4e86042|this link>* does not work?\nThanks!",
        "user": "U01RSRE0N3D",
        "ts": "1616488301.000400",
        "team": "T01RBRV5F7H",
        "user_team": "T01RBRV5F7H",
        "source_team": "T01RBRV5F7H",
        "user_profile": {
            "avatar_hash": "5b0571ca5e6f",
            "image_72": "https:\/\/avatars.slack-edge.com\/2021-03-18\/1876877550179_5b0571ca5e6fe1f759fe_72.jpg",
            "first_name": "Kosta",
            "real_name": "Kosta",
            "display_name": "Kosta",
            "team": "T01RBRV5F7H",
            "name": "kostadin.mitkov",
            "is_restricted": false,
            "is_ultra_restricted": false
        },
        "attachments": [
            {
                "service_name": "ironhack on Notion",
                "title": "Our Class Calendar",
                "title_link": "https:\/\/www.notion.so\/ironhack\/d069723dff344c84a2671d31010d3c11?v=e92549911eb9432ba98ede76c4e86042",
                "text": "A new tool for teams &amp; individuals that blends everyday work apps into one.",
                "fallback": "ironhack on Notion: Our Class Calendar",
                "image_url": "https:\/\/www.notion.so\/image\/https%3A%2F%2Fwww.notion.so%2Fimages%2Fpage-cover%2Fwoodcuts_8.jpg?table=collection&id=bff01f6e-ccc5-465e-be32-585448116db9&width=2050&userId=&cache=v2",
                "from_url": "https:\/\/www.notion.so\/ironhack\/d069723dff344c84a2671d31010d3c11?v=e92549911eb9432ba98ede76c4e86042",
                "image_width": 377,
                "image_height": 250,
                "image_bytes": 348341,
                "id": 1,
                "original_url": "https:\/\/www.notion.so\/ironhack\/d069723dff344c84a2671d31010d3c11?v=e92549911eb9432ba98ede76c4e86042"
            }
        ],
        "blocks": [
            {
                "type": "rich_text",
                "block_id": "CvR",
                "elements": [
                    {
                        "type": "rich_text_section",
                        "elements": [
                            {
                                "type": "text",
                                "text": "Hey all,\nCan you please confirm "
                            },
                            {
                                "type": "link",
                                "url": "https:\/\/www.notion.so\/ironhack\/d069723dff344c84a2671d31010d3c11?v=e92549911eb9432ba98ede76c4e86042",
                                "text": "this link",
                                "style": {
                                    "bold": true
                                }
                            },
                            {
                                "type": "text",
                                "text": " ",
                                "style": {
                                    "bold": true
                                }
                            },
                            {
                                "type": "text",
                                "text": "does not work?\nThanks!"
                            }
                        ]
                    }
                ]
            }
        ],
        "thread_ts": "1616439534.009000",
        "parent_user_id": "U01SD3CDH9P"
    },
    {
        "client_msg_id": "ed44a4d0-eff8-47cf-8020-d3ff6929e864",
        "type": "message",
        "text": "works now :slightly_smiling_face:",
        "user": "U01S7BM4N81",
        "ts": "1616488746.000700",
        "team": "T01RBRV5F7H",
        "user_team": "T01RBRV5F7H",
        "source_team": "T01RBRV5F7H",
        "user_profile": {
            "avatar_hash": "2adfc641e87e",
            "image_72": "https:\/\/avatars.slack-edge.com\/2021-04-16\/1994438084416_2adfc641e87e3a953d9c_72.png",
            "first_name": "Thamo",
            "real_name": "Thamo",
            "display_name": "Thamo",
            "team": "T01RBRV5F7H",
            "name": "thamokoeper",
            "is_restricted": false,
            "is_ultra_restricted": false
        },
        "blocks": [
            {
                "type": "rich_text",
                "block_id": "v3EV3",
                "elements": [
                    {
                        "type": "rich_text_section",
                        "elements": [
                            {
                                "type": "text",
                                "text": "works now "
                            },
                            {
                                "type": "emoji",
                                "name": "slightly_smiling_face"
                            }
                        ]
                    }
                ]
            }
        ],
        "thread_ts": "1616439534.009000",
        "parent_user_id": "U01SD3CDH9P",
        "reactions": [
            {
                "name": "raised_hands",
                "users": [
                    "U01RSRE0N3D"
                ],
                "count": 1
            }
        ]
    },
    {
        "client_msg_id": "2c18abfc-58fc-4c4a-88aa-d92ed9d68e41",
        "type": "message",
        "text": "<@U01RN7BVD1C>, <@U01S081EULS>, <@U01S0MFJ3HR>",
        "user": "U01RSRE0N3D",
        "ts": "1616488825.001000",
        "team": "T01RBRV5F7H",
        "user_team": "T01RBRV5F7H",
        "source_team": "T01RBRV5F7H",
        "user_profile": {
            "avatar_hash": "5b0571ca5e6f",
            "image_72": "https:\/\/avatars.slack-edge.com\/2021-03-18\/1876877550179_5b0571ca5e6fe1f759fe_72.jpg",
            "first_name": "Kosta",
            "real_name": "Kosta",
            "display_name": "Kosta",
            "team": "T01RBRV5F7H",
            "name": "kostadin.mitkov",
            "is_restricted": false,
            "is_ultra_restricted": false
        },
        "blocks": [
            {
                "type": "rich_text",
                "block_id": "TOs",
                "elements": [
                    {
                        "type": "rich_text_section",
                        "elements": [
                            {
                                "type": "user",
                                "user_id": "U01RN7BVD1C"
                            },
                            {
                                "type": "text",
                                "text": ", "
                            },
                            {
                                "type": "user",
                                "user_id": "U01S081EULS"
                            },
                            {
                                "type": "text",
                                "text": ", "
                            },
                            {
                                "type": "user",
                                "user_id": "U01S0MFJ3HR"
                            }
                        ]
                    }
                ]
            }
        ],
        "thread_ts": "1616439534.009000",
        "parent_user_id": "U01SD3CDH9P"
    },
    {
        "client_msg_id": "9b30a26b-8b71-4bd2-82ec-66199d5fdeba",
        "type": "message",
        "text": "Works for me know :slightly_smiling_face:",
        "user": "U01RN7BVD1C",
        "ts": "1616488849.001200",
        "team": "T01RBRV5F7H",
        "user_team": "T01RBRV5F7H",
        "source_team": "T01RBRV5F7H",
        "user_profile": {
            "avatar_hash": "55e0c1b57456",
            "image_72": "https:\/\/avatars.slack-edge.com\/2021-03-20\/1882033802643_55e0c1b574562994417f_72.jpg",
            "first_name": "Josephine",
            "real_name": "Josephine Biedermann",
            "display_name": "Phine",
            "team": "T01RBRV5F7H",
            "name": "josephinebiedermann",
            "is_restricted": false,
            "is_ultra_restricted": false
        },
        "blocks": [
            {
                "type": "rich_text",
                "block_id": "rAVa",
                "elements": [
                    {
                        "type": "rich_text_section",
                        "elements": [
                            {
                                "type": "text",
                                "text": "Works for me know "
                            },
                            {
                                "type": "emoji",
                                "name": "slightly_smiling_face"
                            }
                        ]
                    }
                ]
            }
        ],
        "thread_ts": "1616439534.009000",
        "parent_user_id": "U01SD3CDH9P"
    },
    {
        "client_msg_id": "84638330-dc51-47cc-95c6-6fa992a05d98",
        "type": "message",
        "text": "All good now thanks!",
        "user": "U01S081EULS",
        "ts": "1616489466.001400",
        "team": "T01RBRV5F7H",
        "user_team": "T01RBRV5F7H",
        "source_team": "T01RBRV5F7H",
        "user_profile": {
            "avatar_hash": "072722b5938a",
            "image_72": "https:\/\/avatars.slack-edge.com\/2021-03-22\/1869523305975_072722b5938a81b68381_72.png",
            "first_name": "",
            "real_name": "Federico Giuliani",
            "display_name": "Federico Giuliani",
            "team": "T01RBRV5F7H",
            "name": "defe_fg",
            "is_restricted": false,
            "is_ultra_restricted": false
        },
        "blocks": [
            {
                "type": "rich_text",
                "block_id": "2AkR0",
                "elements": [
                    {
                        "type": "rich_text_section",
                        "elements": [
                            {
                                "type": "text",
                                "text": "All good now thanks!"
                            }
                        ]
                    }
                ]
            }
        ],
        "thread_ts": "1616439534.009000",
        "parent_user_id": "U01SD3CDH9P"
    },
    {
        "client_msg_id": "aed76b0b-d1eb-4fa0-9cce-67cbcf52b407",
        "type": "message",
        "text": "Same, thank you!",
        "user": "U01SD3CDH9P",
        "ts": "1616491585.001600",
        "team": "T01RBRV5F7H",
        "user_team": "T01RBRV5F7H",
        "source_team": "T01RBRV5F7H",
        "user_profile": {
            "avatar_hash": "735d50ad8f34",
            "image_72": "https:\/\/avatars.slack-edge.com\/2021-04-15\/1962810903269_735d50ad8f345a94bd76_72.jpg",
            "first_name": "",
            "real_name": "Andrea Tognoli",
            "display_name": "Andrea Tognoli",
            "team": "T01RBRV5F7H",
            "name": "andreatognoli001",
            "is_restricted": false,
            "is_ultra_restricted": false
        },
        "blocks": [
            {
                "type": "rich_text",
                "block_id": "59q",
                "elements": [
                    {
                        "type": "rich_text_section",
                        "elements": [
                            {
                                "type": "text",
                                "text": "Same, thank you!"
                            }
                        ]
                    }
                ]
            }
        ],
        "thread_ts": "1616439534.009000",
        "parent_user_id": "U01SD3CDH9P"
    },
    {
        "type": "message",
        "text": "",
        "user": "U01RXCQHMHT",
        "ts": "1616514585.001800",
        "team": "T01RBRV5F7H",
        "user_team": "T01RBRV5F7H",
        "source_team": "T01RBRV5F7H",
        "user_profile": {
            "avatar_hash": "7290c61c38a0",
            "image_72": "https:\/\/avatars.slack-edge.com\/2021-03-22\/1898002028225_7290c61c38a01ad66680_72.jpg",
            "first_name": "Thanh",
            "real_name": "Thanh Tung Ha Thuc DAFT Berlin March 2021",
            "display_name": "Tony Ha",
            "team": "T01RBRV5F7H",
            "name": "tony.hathuc",
            "is_restricted": false,
            "is_ultra_restricted": false
        },
        "attachments": [
            {
                "fallback": "[March 23rd, 2021 4:48 PM] tony.hathuc: <!everyone> This is a good tutorial on Git and Github if you have some problems :slightly_smiling_face:\n\n<https:\/\/www.youtube.com\/watch?v=RGOj5yH7evk>",
                "ts": "1616514505.028000",
                "author_id": "U01RXCQHMHT",
                "author_subname": "Thanh Tung Ha Thuc DAFT Berlin March 2021",
                "channel_id": "C01RKRMS10W",
                "channel_name": "general",
                "is_msg_unfurl": true,
                "text": "<!everyone> This is a good tutorial on Git and Github if you have some problems :slightly_smiling_face:\n\n<https:\/\/www.youtube.com\/watch?v=RGOj5yH7evk>",
                "author_name": "Thanh Tung Ha Thuc DAFT Berlin March 2021",
                "author_link": "https:\/\/data-ft-ber-03-2021.slack.com\/team\/U01RXCQHMHT",
                "author_icon": "https:\/\/avatars.slack-edge.com\/2021-03-22\/1898002028225_7290c61c38a01ad66680_48.jpg",
                "mrkdwn_in": [
                    "text"
                ],
                "color": "D0D0D0",
                "from_url": "https:\/\/data-ft-ber-03-2021.slack.com\/archives\/C01RKRMS10W\/p1616514505028000",
                "is_share": true,
                "footer": "Posted in #general"
            }
        ],
        "reactions": [
            {
                "name": "raised_hands",
                "users": [
                    "U01RW140HBP",
                    "U01S1CWGTU4",
                    "U01S081EULS",
                    "U01SD3CDH9P",
                    "U01RSRE0N3D"
                ],
                "count": 5
            }
        ]
    }
]