[
    {
        "client_msg_id": "32baa5b1-f01e-4813-b768-19b7ce6b8b47",
        "type": "message",
        "text": "<https:\/\/www.youtube.com\/watch?v=eyknGvncKLw>",
        "user": "U01RW2X7S9Z",
        "ts": "1616672154.000800",
        "team": "T01RBRV5F7H",
        "user_team": "T01RBRV5F7H",
        "source_team": "T01RBRV5F7H",
        "user_profile": {
            "avatar_hash": "7e12d75d168a",
            "image_72": "https:\/\/avatars.slack-edge.com\/2021-03-19\/1880105796643_7e12d75d168ae25c167d_72.jpg",
            "first_name": "Alexandre",
            "real_name": "Alexandre Sommerkamp",
            "display_name": "Alexandre Sommerkamp",
            "team": "T01RBRV5F7H",
            "name": "alex.c.skp",
            "is_restricted": false,
            "is_ultra_restricted": false
        },
        "attachments": [
            {
                "service_name": "YouTube",
                "service_url": "https:\/\/www.youtube.com\/",
                "title": "P-value in statistics: Understanding the p-value and what it tells us - Statistics Help",
                "title_link": "https:\/\/www.youtube.com\/watch?v=eyknGvncKLw",
                "author_name": "Dr Nic's Maths and Stats",
                "author_link": "https:\/\/www.youtube.com\/user\/CreativeHeuristics",
                "thumb_url": "https:\/\/i.ytimg.com\/vi\/eyknGvncKLw\/hqdefault.jpg",
                "thumb_width": 480,
                "thumb_height": 360,
                "fallback": "YouTube Video: P-value in statistics: Understanding the p-value and what it tells us - Statistics Help",
                "video_html": "<iframe width=\"400\" height=\"300\" src=\"https:\/\/www.youtube.com\/embed\/eyknGvncKLw?feature=oembed&autoplay=1&iv_load_policy=3\" frameborder=\"0\" allow=\"accelerometer; autoplay; clipboard-write; encrypted-media; gyroscope; picture-in-picture\" allowfullscreen><\/iframe>",
                "video_html_width": 400,
                "video_html_height": 300,
                "from_url": "https:\/\/www.youtube.com\/watch?v=eyknGvncKLw",
                "service_icon": "https:\/\/a.slack-edge.com\/80588\/img\/unfurl_icons\/youtube.png",
                "id": 1,
                "original_url": "https:\/\/www.youtube.com\/watch?v=eyknGvncKLw"
            }
        ],
        "blocks": [
            {
                "type": "rich_text",
                "block_id": "GIS",
                "elements": [
                    {
                        "type": "rich_text_section",
                        "elements": [
                            {
                                "type": "link",
                                "url": "https:\/\/www.youtube.com\/watch?v=eyknGvncKLw"
                            }
                        ]
                    }
                ]
            }
        ],
        "thread_ts": "1616672154.000800",
        "reply_count": 1,
        "reply_users_count": 1,
        "latest_reply": "1616672545.001400",
        "reply_users": [
            "U01S7KCL3DF"
        ],
        "replies": [
            {
                "user": "U01S7KCL3DF",
                "ts": "1616672545.001400"
            }
        ],
        "is_locked": false,
        "subscribed": false,
        "reactions": [
            {
                "name": "raised_hands",
                "users": [
                    "U01RSRE0N3D",
                    "U01S1CWGTU4"
                ],
                "count": 2
            }
        ]
    },
    {
        "bot_id": "B01S7FSR36Y",
        "type": "message",
        "text": "Dr Nick",
        "user": "U01S7KCL3DF",
        "ts": "1616672545.001400",
        "team": "T01RBRV5F7H",
        "bot_profile": {
            "id": "B01S7FSR36Y",
            "deleted": false,
            "name": "giphy",
            "updated": 1616421896,
            "app_id": "A0F827J2C",
            "icons": {
                "image_36": "https:\/\/a.slack-edge.com\/dc483\/img\/plugins\/giphy\/service_72.png",
                "image_48": "https:\/\/a.slack-edge.com\/dc483\/img\/plugins\/giphy\/service_48.png",
                "image_72": "https:\/\/a.slack-edge.com\/dc483\/img\/plugins\/giphy\/service_72.png"
            },
            "team_id": "T01RBRV5F7H"
        },
        "blocks": [
            {
                "type": "image",
                "block_id": "WI4Hw",
                "image_url": "https:\/\/media0.giphy.com\/media\/xT5LMITLupRVmSkJva\/giphy-downsized.gif?cid=6104955e778501ddc484efb8933cf662cbab51dfba8f0b57&rid=giphy-downsized.gif&ct=g",
                "alt_text": "Dr Nick",
                "title": {
                    "type": "plain_text",
                    "text": "Dr Nick",
                    "emoji": true
                },
                "fallback": "384x291px image",
                "image_width": 384,
                "image_height": 291,
                "image_bytes": 1634375,
                "is_animated": true
            },
            {
                "type": "context",
                "block_id": "0p\/",
                "elements": [
                    {
                        "type": "image",
                        "image_url": "https:\/\/a.slack-edge.com\/dc483\/img\/plugins\/giphy\/service_32.png",
                        "alt_text": "giphy logo"
                    },
                    {
                        "type": "mrkdwn",
                        "text": "Posted using \/giphy",
                        "verbatim": false
                    }
                ]
            }
        ],
        "thread_ts": "1616672154.000800",
        "parent_user_id": "U01RW2X7S9Z"
    },
    {
        "client_msg_id": "4ce89aad-b2e8-438d-b4b7-6ffa157b2772",
        "type": "message",
        "text": "Are you not sure what plots you are supposed to use? :thinking_face:\nCheck those example galleries: *<https:\/\/www.python-graph-gallery.com\/all-charts\/|Python-Graph>* &amp; *<https:\/\/seaborn.pydata.org\/examples\/index.html|Seaborn>* :think-about-it: ",
        "user": "U01RSRE0N3D",
        "ts": "1616686519.003100",
        "team": "T01RBRV5F7H",
        "user_team": "T01RBRV5F7H",
        "source_team": "T01RBRV5F7H",
        "user_profile": {
            "avatar_hash": "5b0571ca5e6f",
            "image_72": "https:\/\/avatars.slack-edge.com\/2021-03-18\/1876877550179_5b0571ca5e6fe1f759fe_72.jpg",
            "first_name": "Kosta",
            "real_name": "Kosta",
            "display_name": "Kosta",
            "team": "T01RBRV5F7H",
            "name": "kostadin.mitkov",
            "is_restricted": false,
            "is_ultra_restricted": false
        },
        "edited": {
            "user": "U01RSRE0N3D",
            "ts": "1616686523.000000"
        },
        "blocks": [
            {
                "type": "rich_text",
                "block_id": "crZdn",
                "elements": [
                    {
                        "type": "rich_text_section",
                        "elements": [
                            {
                                "type": "text",
                                "text": "Are you not sure what plots you are supposed to use? "
                            },
                            {
                                "type": "emoji",
                                "name": "thinking_face"
                            },
                            {
                                "type": "text",
                                "text": "\nCheck those example galleries: "
                            },
                            {
                                "type": "link",
                                "url": "https:\/\/www.python-graph-gallery.com\/all-charts\/",
                                "text": "Python-Graph",
                                "style": {
                                    "bold": true
                                }
                            },
                            {
                                "type": "text",
                                "text": " & "
                            },
                            {
                                "type": "link",
                                "url": "https:\/\/seaborn.pydata.org\/examples\/index.html",
                                "text": "Seaborn",
                                "style": {
                                    "bold": true
                                }
                            },
                            {
                                "type": "text",
                                "text": " ",
                                "style": {
                                    "bold": true
                                }
                            },
                            {
                                "type": "emoji",
                                "name": "think-about-it",
                                "style": {
                                    "bold": true
                                }
                            },
                            {
                                "type": "text",
                                "text": " ",
                                "style": {
                                    "bold": true
                                }
                            }
                        ]
                    }
                ]
            }
        ],
        "reactions": [
            {
                "name": "+1",
                "users": [
                    "U01S79YDELR"
                ],
                "count": 1
            }
        ]
    }
]