[
    {
        "client_msg_id": "26c4a60d-cda2-4ba7-9ab4-ac6eaabb4f35",
        "type": "message",
        "text": "<https:\/\/betterprogramming.pub\/10-python-tricks-that-will-wow-you-de450921d96a>",
        "user": "U01RW140HBP",
        "ts": "1620028236.003600",
        "team": "T01RBRV5F7H",
        "user_team": "T01RBRV5F7H",
        "source_team": "T01RBRV5F7H",
        "user_profile": {
            "avatar_hash": "4c43a3a8d10b",
            "image_72": "https:\/\/avatars.slack-edge.com\/2021-03-21\/1895736308209_4c43a3a8d10bc2fe5e13_72.png",
            "first_name": "siand",
            "real_name": "siand the LT (she\/her)",
            "display_name": "siand the LT (she\/her)",
            "team": "T01RBRV5F7H",
            "name": "sian.davies",
            "is_restricted": false,
            "is_ultra_restricted": false
        },
        "attachments": [
            {
                "service_name": "Medium",
                "title": "10 Python Tricks That Will Wow You",
                "title_link": "https:\/\/betterprogramming.pub\/10-python-tricks-that-will-wow-you-de450921d96a",
                "text": "Handy features to improve your Python programming skills",
                "fallback": "Medium: 10 Python Tricks That Will Wow You",
                "image_url": "https:\/\/miro.medium.com\/max\/1200\/1*vSk2B26rbMCrSF7bHFLeaA.jpeg",
                "fields": [
                    {
                        "title": "Reading time",
                        "value": "4 min read",
                        "short": true
                    }
                ],
                "ts": 1619420645,
                "from_url": "https:\/\/betterprogramming.pub\/10-python-tricks-that-will-wow-you-de450921d96a",
                "image_width": 375,
                "image_height": 250,
                "image_bytes": 192521,
                "service_icon": "https:\/\/miro.medium.com\/fit\/c\/152\/152\/1*sHhtYhaCe2Uc3IU0IgKwIQ.png",
                "id": 1,
                "original_url": "https:\/\/betterprogramming.pub\/10-python-tricks-that-will-wow-you-de450921d96a"
            }
        ],
        "blocks": [
            {
                "type": "rich_text",
                "block_id": "U4uv",
                "elements": [
                    {
                        "type": "rich_text_section",
                        "elements": [
                            {
                                "type": "link",
                                "url": "https:\/\/betterprogramming.pub\/10-python-tricks-that-will-wow-you-de450921d96a"
                            }
                        ]
                    }
                ]
            }
        ],
        "reactions": [
            {
                "name": "eyes",
                "users": [
                    "U01RXCQHMHT",
                    "U01S7BM4N81"
                ],
                "count": 2
            },
            {
                "name": "ok_hand",
                "users": [
                    "U01RN7BVD1C"
                ],
                "count": 1
            }
        ]
    },
    {
        "client_msg_id": "2d3d4671-19f7-45d5-a765-8962b86e42a9",
        "type": "message",
        "text": "Because I had a couple of questions about `\\n` 's in the code - when some of you also scraped the 3 ranks of the Billboard Charts: These are sometimes created by the soup parser. `\\n` is a control character. In Python strings these have the effect of escape characters and you want to remove them \/ substitute them accordingly (with a whitespace for example). Read more here: <https:\/\/www.w3schools.com\/python\/gloss_python_escape_characters.asp>\n\nyou can test them out by printing some string that includes those characters",
        "user": "U01SJKB2MG8",
        "ts": "1620064966.007800",
        "team": "T01RBRV5F7H",
        "user_team": "T01RBRV5F7H",
        "source_team": "T01RBRV5F7H",
        "user_profile": {
            "avatar_hash": "88fa894fdb53",
            "image_72": "https:\/\/avatars.slack-edge.com\/2021-03-19\/1885033153332_88fa894fdb5366452adf_72.jpg",
            "first_name": "Florian",
            "real_name": "Florian Titze",
            "display_name": "Flo Titze",
            "team": "T01RBRV5F7H",
            "name": "florian.titze",
            "is_restricted": false,
            "is_ultra_restricted": false
        },
        "attachments": [
            {
                "title": "Python Escape Characters",
                "title_link": "https:\/\/www.w3schools.com\/python\/gloss_python_escape_characters.asp",
                "text": "Well organized and easy to understand Web building tutorials with lots of examples of how to use HTML, CSS, JavaScript, SQL, PHP, Python, Bootstrap, Java and XML.",
                "fallback": "Python Escape Characters",
                "from_url": "https:\/\/www.w3schools.com\/python\/gloss_python_escape_characters.asp",
                "service_icon": "https:\/\/www.w3schools.com\/favicon.ico",
                "service_name": "w3schools.com",
                "id": 1,
                "original_url": "https:\/\/www.w3schools.com\/python\/gloss_python_escape_characters.asp"
            }
        ],
        "blocks": [
            {
                "type": "rich_text",
                "block_id": "V6Kmv",
                "elements": [
                    {
                        "type": "rich_text_section",
                        "elements": [
                            {
                                "type": "text",
                                "text": "Because I had a couple of questions about "
                            },
                            {
                                "type": "text",
                                "text": "\\n",
                                "style": {
                                    "code": true
                                }
                            },
                            {
                                "type": "text",
                                "text": " 's in the code - when some of you also scraped the 3 ranks of the Billboard Charts: These are sometimes created by the soup parser. "
                            },
                            {
                                "type": "text",
                                "text": "\\n",
                                "style": {
                                    "code": true
                                }
                            },
                            {
                                "type": "text",
                                "text": " is a control character. In Python strings these have the effect of escape characters and you want to remove them \/ substitute them accordingly (with a whitespace for example). Read more here: "
                            },
                            {
                                "type": "link",
                                "url": "https:\/\/www.w3schools.com\/python\/gloss_python_escape_characters.asp"
                            },
                            {
                                "type": "text",
                                "text": "\n\nyou can test them out by printing some string that includes those characters"
                            }
                        ]
                    }
                ]
            }
        ]
    }
]