[
    {
        "client_msg_id": "215ce7db-a2f5-42b0-9ca4-25d62642d5c8",
        "type": "message",
        "text": "<@U01S79YDELR> you were on :fire: over the weekend!",
        "user": "U01RW140HBP",
        "ts": "1619421138.007700",
        "team": "T01RBRV5F7H",
        "user_team": "T01RBRV5F7H",
        "source_team": "T01RBRV5F7H",
        "user_profile": {
            "avatar_hash": "4c43a3a8d10b",
            "image_72": "https:\/\/avatars.slack-edge.com\/2021-03-21\/1895736308209_4c43a3a8d10bc2fe5e13_72.png",
            "first_name": "siand",
            "real_name": "siand the LT (she\/her)",
            "display_name": "siand the LT (she\/her)",
            "team": "T01RBRV5F7H",
            "name": "sian.davies",
            "is_restricted": false,
            "is_ultra_restricted": false
        },
        "blocks": [
            {
                "type": "rich_text",
                "block_id": "mjq",
                "elements": [
                    {
                        "type": "rich_text_section",
                        "elements": [
                            {
                                "type": "user",
                                "user_id": "U01S79YDELR"
                            },
                            {
                                "type": "text",
                                "text": " you were on "
                            },
                            {
                                "type": "emoji",
                                "name": "fire"
                            },
                            {
                                "type": "text",
                                "text": " over the weekend!"
                            }
                        ]
                    }
                ]
            }
        ],
        "thread_ts": "1619421138.007700",
        "reply_count": 1,
        "reply_users_count": 1,
        "latest_reply": "1619422467.007900",
        "reply_users": [
            "U01S79YDELR"
        ],
        "replies": [
            {
                "user": "U01S79YDELR",
                "ts": "1619422467.007900"
            }
        ],
        "is_locked": false,
        "subscribed": false,
        "reactions": [
            {
                "name": "+1",
                "users": [
                    "U01SJKB2MG8"
                ],
                "count": 1
            },
            {
                "name": "beer_parrot",
                "users": [
                    "U01S7KCL3DF"
                ],
                "count": 1
            }
        ]
    },
    {
        "client_msg_id": "a807f5ee-9252-499c-94ad-92fc9a6597a8",
        "type": "message",
        "text": "Just enjoying myself :slightly_smiling_face: . Not working, just making searches, and reading.",
        "user": "U01S79YDELR",
        "ts": "1619422467.007900",
        "team": "T01RBRV5F7H",
        "user_team": "T01RBRV5F7H",
        "source_team": "T01RBRV5F7H",
        "user_profile": {
            "avatar_hash": "606def897de6",
            "image_72": "https:\/\/avatars.slack-edge.com\/2021-03-22\/1910932493456_606def897de66681d932_72.jpg",
            "first_name": "",
            "real_name": "Karina Condeixa",
            "display_name": "Karina Condeixa",
            "team": "T01RBRV5F7H",
            "name": "karina.condeixa",
            "is_restricted": false,
            "is_ultra_restricted": false
        },
        "blocks": [
            {
                "type": "rich_text",
                "block_id": "+Zc",
                "elements": [
                    {
                        "type": "rich_text_section",
                        "elements": [
                            {
                                "type": "text",
                                "text": "Just enjoying myself "
                            },
                            {
                                "type": "emoji",
                                "name": "slightly_smiling_face"
                            },
                            {
                                "type": "text",
                                "text": " . Not working, just making searches, and reading."
                            }
                        ]
                    }
                ]
            }
        ],
        "thread_ts": "1619421138.007700",
        "parent_user_id": "U01RW140HBP"
    }
]