[
    {
        "client_msg_id": "f05dfa43-1546-4041-9b3a-ea88663d894f",
        "type": "message",
        "text": "definitely worth checking directly with Hang! in the past the deadline has always been near the end of the bootcamp, so Ill ask her if something has changed too!",
        "user": "U01RW140HBP",
        "ts": "1617606695.004300",
        "team": "T01RBRV5F7H",
        "user_team": "T01RBRV5F7H",
        "source_team": "T01RBRV5F7H",
        "user_profile": {
            "avatar_hash": "4c43a3a8d10b",
            "image_72": "https:\/\/avatars.slack-edge.com\/2021-03-21\/1895736308209_4c43a3a8d10bc2fe5e13_72.png",
            "first_name": "siand",
            "real_name": "siand the LT (she\/her)",
            "display_name": "siand the LT (she\/her)",
            "team": "T01RBRV5F7H",
            "name": "sian.davies",
            "is_restricted": false,
            "is_ultra_restricted": false
        },
        "blocks": [
            {
                "type": "rich_text",
                "block_id": "5Wco",
                "elements": [
                    {
                        "type": "rich_text_section",
                        "elements": [
                            {
                                "type": "text",
                                "text": "definitely worth checking directly with Hang! in the past the deadline has always been near the end of the bootcamp, so Ill ask her if something has changed too!"
                            }
                        ]
                    }
                ]
            }
        ],
        "thread_ts": "1617605573.002400",
        "parent_user_id": "U01SK96QF5E",
        "reactions": [
            {
                "name": "+1",
                "users": [
                    "U01RN7BVD1C"
                ],
                "count": 1
            },
            {
                "name": "pray",
                "users": [
                    "U01SK96QF5E"
                ],
                "count": 1
            }
        ]
    },
    {
        "client_msg_id": "75a4e355-9681-4f1a-80fc-825602ca7a07",
        "type": "message",
        "text": "<@U01SJKB2MG8>, <@U01RSRE0N3D>: Can you guys estimate when the solutions to the ML Lab will be on notion? Or will there be a model solution at all?",
        "user": "U01RN7BVD1C",
        "ts": "1617625933.006800",
        "team": "T01RBRV5F7H",
        "user_team": "T01RBRV5F7H",
        "source_team": "T01RBRV5F7H",
        "user_profile": {
            "avatar_hash": "55e0c1b57456",
            "image_72": "https:\/\/avatars.slack-edge.com\/2021-03-20\/1882033802643_55e0c1b574562994417f_72.jpg",
            "first_name": "Josephine",
            "real_name": "Josephine Biedermann",
            "display_name": "Phine",
            "team": "T01RBRV5F7H",
            "name": "josephinebiedermann",
            "is_restricted": false,
            "is_ultra_restricted": false
        },
        "blocks": [
            {
                "type": "rich_text",
                "block_id": "m\/EV",
                "elements": [
                    {
                        "type": "rich_text_section",
                        "elements": [
                            {
                                "type": "user",
                                "user_id": "U01SJKB2MG8"
                            },
                            {
                                "type": "text",
                                "text": ", "
                            },
                            {
                                "type": "user",
                                "user_id": "U01RSRE0N3D"
                            },
                            {
                                "type": "text",
                                "text": ": Can you guys estimate when the solutions to the ML Lab will be on notion? Or will there be a model solution at all?"
                            }
                        ]
                    }
                ]
            }
        ],
        "thread_ts": "1617625933.006800",
        "reply_count": 4,
        "reply_users_count": 2,
        "latest_reply": "1617630818.007600",
        "reply_users": [
            "U01RW140HBP",
            "U01RN7BVD1C"
        ],
        "replies": [
            {
                "user": "U01RW140HBP",
                "ts": "1617627577.007000"
            },
            {
                "user": "U01RN7BVD1C",
                "ts": "1617630532.007200"
            },
            {
                "user": "U01RN7BVD1C",
                "ts": "1617630558.007400"
            },
            {
                "user": "U01RW140HBP",
                "ts": "1617630818.007600"
            }
        ],
        "is_locked": false,
        "subscribed": true,
        "last_read": "1617630818.007600"
    },
    {
        "client_msg_id": "d8788834-2c03-4f03-a2b7-ae3248e1b16f",
        "type": "message",
        "text": "we had quite a few copy +paste efforts on the week1 labs Phine so until we have seen everyone submit for a lab we cant publish solutions, sorry",
        "user": "U01RW140HBP",
        "ts": "1617627577.007000",
        "team": "T01RBRV5F7H",
        "user_team": "T01RBRV5F7H",
        "source_team": "T01RBRV5F7H",
        "user_profile": {
            "avatar_hash": "4c43a3a8d10b",
            "image_72": "https:\/\/avatars.slack-edge.com\/2021-03-21\/1895736308209_4c43a3a8d10bc2fe5e13_72.png",
            "first_name": "siand",
            "real_name": "siand the LT (she\/her)",
            "display_name": "siand the LT (she\/her)",
            "team": "T01RBRV5F7H",
            "name": "sian.davies",
            "is_restricted": false,
            "is_ultra_restricted": false
        },
        "blocks": [
            {
                "type": "rich_text",
                "block_id": "WTUmt",
                "elements": [
                    {
                        "type": "rich_text_section",
                        "elements": [
                            {
                                "type": "text",
                                "text": "we had quite a few copy +paste efforts on the week1 labs Phine so until we have seen everyone submit for a lab we cant publish solutions, sorry"
                            }
                        ]
                    }
                ]
            }
        ],
        "thread_ts": "1617625933.006800",
        "parent_user_id": "U01RN7BVD1C"
    },
    {
        "client_msg_id": "0eb448ed-0902-450f-802c-770a570aace2",
        "type": "message",
        "text": "Oh ok, yes totally understand it :slightly_smiling_face: Thanks for letting me know.",
        "user": "U01RN7BVD1C",
        "ts": "1617630532.007200",
        "team": "T01RBRV5F7H",
        "user_team": "T01RBRV5F7H",
        "source_team": "T01RBRV5F7H",
        "user_profile": {
            "avatar_hash": "55e0c1b57456",
            "image_72": "https:\/\/avatars.slack-edge.com\/2021-03-20\/1882033802643_55e0c1b574562994417f_72.jpg",
            "first_name": "Josephine",
            "real_name": "Josephine Biedermann",
            "display_name": "Phine",
            "team": "T01RBRV5F7H",
            "name": "josephinebiedermann",
            "is_restricted": false,
            "is_ultra_restricted": false
        },
        "blocks": [
            {
                "type": "rich_text",
                "block_id": "8Nf",
                "elements": [
                    {
                        "type": "rich_text_section",
                        "elements": [
                            {
                                "type": "text",
                                "text": "Oh ok, yes totally understand it "
                            },
                            {
                                "type": "emoji",
                                "name": "slightly_smiling_face"
                            },
                            {
                                "type": "text",
                                "text": " Thanks for letting me know."
                            }
                        ]
                    }
                ]
            }
        ],
        "thread_ts": "1617625933.006800",
        "parent_user_id": "U01RN7BVD1C"
    },
    {
        "client_msg_id": "1f812e13-7f0f-43fb-9078-94f0db990e57",
        "type": "message",
        "text": "Just wanted to check, if what I did was correct.",
        "user": "U01RN7BVD1C",
        "ts": "1617630558.007400",
        "team": "T01RBRV5F7H",
        "user_team": "T01RBRV5F7H",
        "source_team": "T01RBRV5F7H",
        "user_profile": {
            "avatar_hash": "55e0c1b57456",
            "image_72": "https:\/\/avatars.slack-edge.com\/2021-03-20\/1882033802643_55e0c1b574562994417f_72.jpg",
            "first_name": "Josephine",
            "real_name": "Josephine Biedermann",
            "display_name": "Phine",
            "team": "T01RBRV5F7H",
            "name": "josephinebiedermann",
            "is_restricted": false,
            "is_ultra_restricted": false
        },
        "blocks": [
            {
                "type": "rich_text",
                "block_id": "+UWm",
                "elements": [
                    {
                        "type": "rich_text_section",
                        "elements": [
                            {
                                "type": "text",
                                "text": "Just wanted to check, if what I did was correct."
                            }
                        ]
                    }
                ]
            }
        ],
        "thread_ts": "1617625933.006800",
        "parent_user_id": "U01RN7BVD1C"
    },
    {
        "client_msg_id": "fd7ee4b8-0865-4bcd-bb4a-a04c9a53477b",
        "type": "message",
        "text": "actually you will get 121 feedback from <@U01SJKB2MG8> this week on your labs… so hold that thought :slightly_smiling_face:",
        "user": "U01RW140HBP",
        "ts": "1617630818.007600",
        "team": "T01RBRV5F7H",
        "user_team": "T01RBRV5F7H",
        "source_team": "T01RBRV5F7H",
        "user_profile": {
            "avatar_hash": "4c43a3a8d10b",
            "image_72": "https:\/\/avatars.slack-edge.com\/2021-03-21\/1895736308209_4c43a3a8d10bc2fe5e13_72.png",
            "first_name": "siand",
            "real_name": "siand the LT (she\/her)",
            "display_name": "siand the LT (she\/her)",
            "team": "T01RBRV5F7H",
            "name": "sian.davies",
            "is_restricted": false,
            "is_ultra_restricted": false
        },
        "blocks": [
            {
                "type": "rich_text",
                "block_id": "Dpq6",
                "elements": [
                    {
                        "type": "rich_text_section",
                        "elements": [
                            {
                                "type": "text",
                                "text": "actually you will get 121 feedback from "
                            },
                            {
                                "type": "user",
                                "user_id": "U01SJKB2MG8"
                            },
                            {
                                "type": "text",
                                "text": " this week on your labs… so hold that thought "
                            },
                            {
                                "type": "emoji",
                                "name": "slightly_smiling_face"
                            }
                        ]
                    }
                ]
            }
        ],
        "thread_ts": "1617625933.006800",
        "parent_user_id": "U01RN7BVD1C",
        "reactions": [
            {
                "name": "tada",
                "users": [
                    "U01RN7BVD1C"
                ],
                "count": 1
            }
        ]
    },
    {
        "client_msg_id": "ed2c8097-fe89-4a6e-af5b-e3a71a132c29",
        "type": "message",
        "text": "I think Flo and Kosta might be busy, but if anyone wants to do a basic sql kata with me in the next hour add a :+1: to this thread :slightly_smiling_face:",
        "user": "U01RW140HBP",
        "ts": "1617632528.008700",
        "team": "T01RBRV5F7H",
        "user_team": "T01RBRV5F7H",
        "source_team": "T01RBRV5F7H",
        "user_profile": {
            "avatar_hash": "4c43a3a8d10b",
            "image_72": "https:\/\/avatars.slack-edge.com\/2021-03-21\/1895736308209_4c43a3a8d10bc2fe5e13_72.png",
            "first_name": "siand",
            "real_name": "siand the LT (she\/her)",
            "display_name": "siand the LT (she\/her)",
            "team": "T01RBRV5F7H",
            "name": "sian.davies",
            "is_restricted": false,
            "is_ultra_restricted": false
        },
        "blocks": [
            {
                "type": "rich_text",
                "block_id": "GsvQ",
                "elements": [
                    {
                        "type": "rich_text_section",
                        "elements": [
                            {
                                "type": "text",
                                "text": "I think Flo and Kosta might be busy, but if anyone wants to do a basic sql kata with me in the next hour add a "
                            },
                            {
                                "type": "emoji",
                                "name": "+1"
                            },
                            {
                                "type": "text",
                                "text": " to this thread "
                            },
                            {
                                "type": "emoji",
                                "name": "slightly_smiling_face"
                            }
                        ]
                    }
                ]
            }
        ]
    },
    {
        "client_msg_id": "6a5ea3d9-cf36-4cb8-a624-40872cc4822b",
        "type": "message",
        "text": "<!channel> quick qu… has everyone done the weekly survey from friday ??",
        "user": "U01RW140HBP",
        "ts": "1617634453.009300",
        "team": "T01RBRV5F7H",
        "user_team": "T01RBRV5F7H",
        "source_team": "T01RBRV5F7H",
        "user_profile": {
            "avatar_hash": "4c43a3a8d10b",
            "image_72": "https:\/\/avatars.slack-edge.com\/2021-03-21\/1895736308209_4c43a3a8d10bc2fe5e13_72.png",
            "first_name": "siand",
            "real_name": "siand the LT (she\/her)",
            "display_name": "siand the LT (she\/her)",
            "team": "T01RBRV5F7H",
            "name": "sian.davies",
            "is_restricted": false,
            "is_ultra_restricted": false
        },
        "blocks": [
            {
                "type": "rich_text",
                "block_id": "BhIhH",
                "elements": [
                    {
                        "type": "rich_text_section",
                        "elements": [
                            {
                                "type": "broadcast",
                                "range": "channel"
                            },
                            {
                                "type": "text",
                                "text": " quick qu… has everyone done the weekly survey from friday ??"
                            }
                        ]
                    }
                ]
            }
        ],
        "reactions": [
            {
                "name": "+1",
                "users": [
                    "U01S7KCL3DF",
                    "U01S0MFJ3HR"
                ],
                "count": 2
            },
            {
                "name": "white_check_mark",
                "users": [
                    "U01S7BM4N81",
                    "U01S0MFJ3HR",
                    "U01RP2K1606",
                    "U01RXCQHMHT",
                    "U01RN7BVD1C",
                    "U01RKN0EGDV"
                ],
                "count": 6
            },
            {
                "name": "point_up",
                "users": [
                    "U01SJKB2MG8"
                ],
                "count": 1
            },
            {
                "name": "alert",
                "users": [
                    "U01SJKB2MG8"
                ],
                "count": 1
            }
        ]
    },
    {
        "client_msg_id": "a93fd429-0cd8-464e-b067-882df01ac2b1",
        "type": "message",
        "text": "I have created a new channel - following on from our hastily thrown together vanilla python sessions last week - if you want more practices, support on the basics of python and do not yet feel comfortable with the python katas we have done in class so far (thats fine by the way! this is a non judgemental space) or if you feel like you want to ask questions somewhere but they might be basic - join this channel and we will feed into it for you. the channel is called *vanilla_plus_more*\n……… Self select - some of you are flying through katas, don’t need this channel and should really not join……….",
        "user": "U01RW140HBP",
        "ts": "1617637231.013300",
        "team": "T01RBRV5F7H",
        "user_team": "T01RBRV5F7H",
        "source_team": "T01RBRV5F7H",
        "user_profile": {
            "avatar_hash": "4c43a3a8d10b",
            "image_72": "https:\/\/avatars.slack-edge.com\/2021-03-21\/1895736308209_4c43a3a8d10bc2fe5e13_72.png",
            "first_name": "siand",
            "real_name": "siand the LT (she\/her)",
            "display_name": "siand the LT (she\/her)",
            "team": "T01RBRV5F7H",
            "name": "sian.davies",
            "is_restricted": false,
            "is_ultra_restricted": false
        },
        "blocks": [
            {
                "type": "rich_text",
                "block_id": "mXA",
                "elements": [
                    {
                        "type": "rich_text_section",
                        "elements": [
                            {
                                "type": "text",
                                "text": "I have created a new channel - following on from our hastily thrown together vanilla python sessions last week - if you want more practices, support on the basics of python and do not yet feel comfortable with the python katas we have done in class so far (thats fine by the way! this is a non judgemental space) or if you feel like you want to ask questions somewhere but they might be basic - join this channel and we will feed into it for you. the channel is called "
                            },
                            {
                                "type": "text",
                                "text": "vanilla_plus_more",
                                "style": {
                                    "bold": true
                                }
                            },
                            {
                                "type": "text",
                                "text": "\n……… Self select - some of you are flying through katas, don’t need this channel and should really not join………."
                            }
                        ]
                    }
                ]
            }
        ],
        "reactions": [
            {
                "name": "+1",
                "users": [
                    "U01S133DZ9A",
                    "U01RXCQHMHT",
                    "U01S1CWGTU4",
                    "U01SD3CDH9P",
                    "U01S081EULS",
                    "U01RP2K1606",
                    "U01RN7BVD1C"
                ],
                "count": 7
            }
        ]
    },
    {
        "client_msg_id": "95365be3-9371-4299-bfaf-682b31f18d76",
        "type": "message",
        "text": "Morning, <@U01RUTP1ZQB> <@U01RW140HBP> <@U01SJKB2MG8> <@U01RSRE0N3D> I will have to come later today. I am not feeling well, I am going to see a doctor.",
        "user": "U01S79YDELR",
        "ts": "1617690588.001900",
        "team": "T01RBRV5F7H",
        "user_team": "T01RBRV5F7H",
        "source_team": "T01RBRV5F7H",
        "user_profile": {
            "avatar_hash": "606def897de6",
            "image_72": "https:\/\/avatars.slack-edge.com\/2021-03-22\/1910932493456_606def897de66681d932_72.jpg",
            "first_name": "",
            "real_name": "Karina Condeixa",
            "display_name": "Karina Condeixa",
            "team": "T01RBRV5F7H",
            "name": "karina.condeixa",
            "is_restricted": false,
            "is_ultra_restricted": false
        },
        "blocks": [
            {
                "type": "rich_text",
                "block_id": "03nq",
                "elements": [
                    {
                        "type": "rich_text_section",
                        "elements": [
                            {
                                "type": "text",
                                "text": "Morning, "
                            },
                            {
                                "type": "user",
                                "user_id": "U01RUTP1ZQB"
                            },
                            {
                                "type": "text",
                                "text": " "
                            },
                            {
                                "type": "user",
                                "user_id": "U01RW140HBP"
                            },
                            {
                                "type": "text",
                                "text": " "
                            },
                            {
                                "type": "user",
                                "user_id": "U01SJKB2MG8"
                            },
                            {
                                "type": "text",
                                "text": " "
                            },
                            {
                                "type": "user",
                                "user_id": "U01RSRE0N3D"
                            },
                            {
                                "type": "text",
                                "text": " I will have to come later today. I am not feeling well, I am going to see a doctor."
                            }
                        ]
                    }
                ]
            }
        ],
        "thread_ts": "1617690588.001900",
        "reply_count": 3,
        "reply_users_count": 3,
        "latest_reply": "1617693227.003200",
        "reply_users": [
            "U01S0MFJ3HR",
            "U01RW140HBP",
            "U01S79YDELR"
        ],
        "replies": [
            {
                "user": "U01S0MFJ3HR",
                "ts": "1617691413.002500"
            },
            {
                "user": "U01RW140HBP",
                "ts": "1617691840.002700"
            },
            {
                "user": "U01S79YDELR",
                "ts": "1617693227.003200"
            }
        ],
        "is_locked": false,
        "subscribed": true,
        "last_read": "1617693227.003200"
    },
    {
        "client_msg_id": "6c7be49b-1a12-4a1b-a2c7-2e2e005de3d1",
        "type": "message",
        "text": "Any news about 2nd of April recording? Also the 5th of April recording would be great :slightly_smiling_face:",
        "user": "U01S081EULS",
        "ts": "1617691184.002300",
        "team": "T01RBRV5F7H",
        "user_team": "T01RBRV5F7H",
        "source_team": "T01RBRV5F7H",
        "user_profile": {
            "avatar_hash": "072722b5938a",
            "image_72": "https:\/\/avatars.slack-edge.com\/2021-03-22\/1869523305975_072722b5938a81b68381_72.png",
            "first_name": "",
            "real_name": "Federico Giuliani",
            "display_name": "Federico Giuliani",
            "team": "T01RBRV5F7H",
            "name": "defe_fg",
            "is_restricted": false,
            "is_ultra_restricted": false
        },
        "blocks": [
            {
                "type": "rich_text",
                "block_id": "xHpU",
                "elements": [
                    {
                        "type": "rich_text_section",
                        "elements": [
                            {
                                "type": "text",
                                "text": "Any news about 2nd of April recording? Also the 5th of April recording would be great "
                            },
                            {
                                "type": "emoji",
                                "name": "slightly_smiling_face"
                            }
                        ]
                    }
                ]
            }
        ],
        "thread_ts": "1617435581.001400",
        "parent_user_id": "U01S65G72SY"
    },
    {
        "client_msg_id": "5ccebf2a-a18e-4f3f-b38f-18c1963ce3f6",
        "type": "message",
        "text": "I wish her a speedy recovery.",
        "user": "U01S0MFJ3HR",
        "ts": "1617691413.002500",
        "team": "T01RBRV5F7H",
        "user_team": "T01RBRV5F7H",
        "source_team": "T01RBRV5F7H",
        "user_profile": {
            "avatar_hash": "16aa576b8645",
            "image_72": "https:\/\/avatars.slack-edge.com\/2021-03-23\/1903189544593_16aa576b864568c61af7_72.jpg",
            "first_name": "",
            "real_name": "Anja Fechner",
            "display_name": "Anja Fechner",
            "team": "T01RBRV5F7H",
            "name": "anja.fechner",
            "is_restricted": false,
            "is_ultra_restricted": false
        },
        "blocks": [
            {
                "type": "rich_text",
                "block_id": "+qq",
                "elements": [
                    {
                        "type": "rich_text_section",
                        "elements": [
                            {
                                "type": "text",
                                "text": "I wish her a speedy recovery."
                            }
                        ]
                    }
                ]
            }
        ],
        "thread_ts": "1617690588.001900",
        "parent_user_id": "U01S79YDELR",
        "reactions": [
            {
                "name": "heart_eyes",
                "users": [
                    "U01S79YDELR",
                    "U01S7KCL3DF"
                ],
                "count": 2
            }
        ]
    },
    {
        "client_msg_id": "6e1d6c09-a2bc-43f4-887a-f84aeb7f3f2f",
        "type": "message",
        "text": "Thanks for letting us know Karina - i hope you feel better soon!",
        "user": "U01RW140HBP",
        "ts": "1617691840.002700",
        "team": "T01RBRV5F7H",
        "user_team": "T01RBRV5F7H",
        "source_team": "T01RBRV5F7H",
        "user_profile": {
            "avatar_hash": "4c43a3a8d10b",
            "image_72": "https:\/\/avatars.slack-edge.com\/2021-03-21\/1895736308209_4c43a3a8d10bc2fe5e13_72.png",
            "first_name": "siand",
            "real_name": "siand the LT (she\/her)",
            "display_name": "siand the LT (she\/her)",
            "team": "T01RBRV5F7H",
            "name": "sian.davies",
            "is_restricted": false,
            "is_ultra_restricted": false
        },
        "blocks": [
            {
                "type": "rich_text",
                "block_id": "yez",
                "elements": [
                    {
                        "type": "rich_text_section",
                        "elements": [
                            {
                                "type": "text",
                                "text": "Thanks for letting us know Karina - i hope you feel better soon!"
                            }
                        ]
                    }
                ]
            }
        ],
        "thread_ts": "1617690588.001900",
        "parent_user_id": "U01S79YDELR",
        "reactions": [
            {
                "name": "+1",
                "users": [
                    "U01S79YDELR"
                ],
                "count": 1
            }
        ]
    }
]