[
    {
        "type": "message",
        "subtype": "channel_join",
        "ts": "1616107441.000200",
        "user": "U01RSRE0N3D",
        "text": "<@U01RSRE0N3D> has joined the channel",
        "reactions": [
            {
                "name": "clap",
                "users": [
                    "U01S79YDELR",
                    "U01S7KCL3DF",
                    "U01SK96QF5E",
                    "U01RP2K1606"
                ],
                "count": 4
            },
            {
                "name": "surprised_owl",
                "users": [
                    "U01SJKB2MG8"
                ],
                "count": 1
            },
            {
                "name": "cattyping",
                "users": [
                    "U01RW2X7S9Z",
                    "U01S7KCL3DF"
                ],
                "count": 2
            }
        ]
    }
]