[
    {
        "client_msg_id": "61087a08-257a-4f84-ae0f-c6f282fed056",
        "type": "message",
        "text": "Morning guys :slightly_smiling_face: Are we sure that the DL for all Career Hack Stage 1 is the 11.04.? In the Student Portal in some lesson it says \"needs to be finished by week 9\" ...\nJust had a look at it yesterday and this seems quite a lot :scream::sob:",
        "user": "U01RN7BVD1C",
        "ts": "1617602854.001500",
        "team": "T01RBRV5F7H",
        "user_team": "T01RBRV5F7H",
        "source_team": "T01RBRV5F7H",
        "user_profile": {
            "avatar_hash": "55e0c1b57456",
            "image_72": "https:\/\/avatars.slack-edge.com\/2021-03-20\/1882033802643_55e0c1b574562994417f_72.jpg",
            "first_name": "Josephine",
            "real_name": "Josephine Biedermann",
            "display_name": "Phine",
            "team": "T01RBRV5F7H",
            "name": "josephinebiedermann",
            "is_restricted": false,
            "is_ultra_restricted": false
        },
        "blocks": [
            {
                "type": "rich_text",
                "block_id": "O3V",
                "elements": [
                    {
                        "type": "rich_text_section",
                        "elements": [
                            {
                                "type": "text",
                                "text": "Morning guys "
                            },
                            {
                                "type": "emoji",
                                "name": "slightly_smiling_face"
                            },
                            {
                                "type": "text",
                                "text": " Are we sure that the DL for all Career Hack Stage 1 is the 11.04.? In the Student Portal in some lesson it says \"needs to be finished by week 9\" ...\nJust had a look at it yesterday and this seems quite a lot "
                            },
                            {
                                "type": "emoji",
                                "name": "scream"
                            },
                            {
                                "type": "emoji",
                                "name": "sob"
                            }
                        ]
                    }
                ]
            }
        ]
    },
    {
        "client_msg_id": "8978798a-4058-48ba-9cae-345005d5c444",
        "type": "message",
        "text": "Hi <@U01RN7BVD1C>, yeah i think that's right. Hang sent an email the other day reminding us of the deadline.",
        "user": "U01RRV4JX6Z",
        "ts": "1617602919.001600",
        "team": "T01RBRV5F7H",
        "user_team": "T01RBRV5F7H",
        "source_team": "T01RBRV5F7H",
        "user_profile": {
            "avatar_hash": "339c4d69b7d9",
            "image_72": "https:\/\/avatars.slack-edge.com\/2021-04-14\/1961122781618_339c4d69b7d9fe16343a_72.jpg",
            "first_name": "",
            "real_name": "Francisco Ebeling",
            "display_name": "Francisco Ebeling",
            "team": "T01RBRV5F7H",
            "name": "ebelingbarros",
            "is_restricted": false,
            "is_ultra_restricted": false
        },
        "blocks": [
            {
                "type": "rich_text",
                "block_id": "SWp",
                "elements": [
                    {
                        "type": "rich_text_section",
                        "elements": [
                            {
                                "type": "text",
                                "text": "Hi "
                            },
                            {
                                "type": "user",
                                "user_id": "U01RN7BVD1C"
                            },
                            {
                                "type": "text",
                                "text": ", yeah i think that's right. Hang sent an email the other day reminding us of the deadline."
                            }
                        ]
                    }
                ]
            }
        ],
        "reactions": [
            {
                "name": "sob",
                "users": [
                    "U01RN7BVD1C",
                    "U01S7KCL3DF"
                ],
                "count": 2
            }
        ]
    },
    {
        "client_msg_id": "c899678f-03de-43eb-8b82-0ef2ada6fd54",
        "type": "message",
        "text": "I’m not that sure actually.. This is what’s in the deadline email for 11th April:\n “I suggest the below PROCESS for the CV in the following order:\nFollow all suggested steps on your module Careerhack stage 1 to implement best practices for your CV structure draft &amp; LinkedIn profile - pay attention to keywords, metrics, language, etc.\nAttend the CV &amp; LinkedIn workshop on Wednesday, 14th April at 6pm to get an idea of what recruiters look at &amp; how\nAfter the workshop in week 4, activate resumeworded* premium and use their BASIC word template to optimise the content based on the tool’s feedback by using the function “Resume Targeting” which requires you to upload a job ad of your choice to get an effective scoring\nReach a score of 70 minimum and copy &amp; paste the optimised content from the resumeworded template to your final CV design\nUpload the final CV design and LinkedIn URL to Careerhack on your student portal, so I can approve them via the system\n(make sure the sharing option of the CV file is accessible)\nFinal deadline for stage 1: before the end of week 7 to give me enough time to go through your CVs. If there is anyone who wants to discuss regarding this stage, please make sure to have followed the above steps first and then book the 1:1.”",
        "user": "U01SK96QF5E",
        "ts": "1617605573.002400",
        "team": "T01RBRV5F7H",
        "user_team": "T01RBRV5F7H",
        "source_team": "T01RBRV5F7H",
        "user_profile": {
            "avatar_hash": "94c1e7ff9e09",
            "image_72": "https:\/\/avatars.slack-edge.com\/2021-03-21\/1883381430979_94c1e7ff9e09a95d14cb_72.jpg",
            "first_name": "Lilla",
            "real_name": "Lilla Szulyovszky",
            "display_name": "lilla",
            "team": "T01RBRV5F7H",
            "name": "lilla.szulyovszky",
            "is_restricted": false,
            "is_ultra_restricted": false
        },
        "edited": {
            "user": "U01SK96QF5E",
            "ts": "1617605586.000000"
        },
        "blocks": [
            {
                "type": "rich_text",
                "block_id": "wFq",
                "elements": [
                    {
                        "type": "rich_text_section",
                        "elements": [
                            {
                                "type": "text",
                                "text": "I’m not that sure actually.. This is what’s in the deadline email for 11th April:\n “I suggest the below PROCESS for the CV in the following order:\nFollow all suggested steps on your module Careerhack stage 1 to implement best practices for your CV structure draft & LinkedIn profile - pay attention to keywords, metrics, language, etc.\nAttend the CV & LinkedIn workshop on Wednesday, 14th April at 6pm to get an idea of what recruiters look at & how\nAfter the workshop in week 4, activate resumeworded* premium and use their BASIC word template to optimise the content based on the tool’s feedback by using the function “Resume Targeting” which requires you to upload a job ad of your choice to get an effective scoring\nReach a score of 70 minimum and copy & paste the optimised content from the resumeworded template to your final CV design\nUpload the final CV design and LinkedIn URL to Careerhack on your student portal, so I can approve them via the system\n(make sure the sharing option of the CV file is accessible)\nFinal deadline for stage 1: before the end of week 7 to give me enough time to go through your CVs. If there is anyone who wants to discuss regarding this stage, please make sure to have followed the above steps first and then book the 1:1.”"
                            }
                        ]
                    }
                ]
            }
        ],
        "thread_ts": "1617605573.002400",
        "reply_count": 2,
        "reply_users_count": 2,
        "latest_reply": "1617606695.004300",
        "reply_users": [
            "U01RN7BVD1C",
            "U01RW140HBP"
        ],
        "replies": [
            {
                "user": "U01RN7BVD1C",
                "ts": "1617605928.002800"
            },
            {
                "user": "U01RW140HBP",
                "ts": "1617606695.004300"
            }
        ],
        "is_locked": false,
        "subscribed": false
    },
    {
        "client_msg_id": "0527468f-aa50-4578-97be-e02fe49aa6fa",
        "type": "message",
        "text": "\"Hey Francisco,\n\nI hope you are doing well in your 2nd week :)\n\nIt is important to keep up with CareerHack, thus I want to remind you to *finish* *Stage 1* *by* the end of next week (*Sunday, 11th April*), if you are aiming to find a job after the bootcamp. \n\nWe are going to have CV and Linkedin workshops in weeks 4 and 7 that are going to *build on top of your work!* \n\nBtw, I still need 2 volunteers from the Data group for 1 CV and 1 LinkedIn each, so I can review them as case studies during the workshop from a Tech Recruiting point of view.\"",
        "user": "U01RRV4JX6Z",
        "ts": "1617605850.002700",
        "team": "T01RBRV5F7H",
        "user_team": "T01RBRV5F7H",
        "source_team": "T01RBRV5F7H",
        "user_profile": {
            "avatar_hash": "339c4d69b7d9",
            "image_72": "https:\/\/avatars.slack-edge.com\/2021-04-14\/1961122781618_339c4d69b7d9fe16343a_72.jpg",
            "first_name": "",
            "real_name": "Francisco Ebeling",
            "display_name": "Francisco Ebeling",
            "team": "T01RBRV5F7H",
            "name": "ebelingbarros",
            "is_restricted": false,
            "is_ultra_restricted": false
        },
        "blocks": [
            {
                "type": "rich_text",
                "block_id": "ccMx",
                "elements": [
                    {
                        "type": "rich_text_section",
                        "elements": [
                            {
                                "type": "text",
                                "text": "\"Hey Francisco,\n\nI hope you are doing well in your 2nd week :)\n\nIt is important to keep up with CareerHack, thus I want to remind you to "
                            },
                            {
                                "type": "text",
                                "text": "finish",
                                "style": {
                                    "bold": true
                                }
                            },
                            {
                                "type": "text",
                                "text": " "
                            },
                            {
                                "type": "text",
                                "text": "Stage 1",
                                "style": {
                                    "bold": true
                                }
                            },
                            {
                                "type": "text",
                                "text": " "
                            },
                            {
                                "type": "text",
                                "text": "by",
                                "style": {
                                    "bold": true
                                }
                            },
                            {
                                "type": "text",
                                "text": " the end of next week ("
                            },
                            {
                                "type": "text",
                                "text": "Sunday, 11th April",
                                "style": {
                                    "bold": true
                                }
                            },
                            {
                                "type": "text",
                                "text": "), if you are aiming to find a job after the bootcamp. \n\nWe are going to have CV and Linkedin workshops in weeks 4 and 7 that are going to "
                            },
                            {
                                "type": "text",
                                "text": "build on top of your work! ",
                                "style": {
                                    "bold": true
                                }
                            },
                            {
                                "type": "text",
                                "text": "\n\nBtw, I still need 2 volunteers from the Data group for 1 CV and 1 LinkedIn each, so I can review them as case studies during the workshop from a Tech Recruiting point of view.\""
                            }
                        ]
                    }
                ]
            }
        ],
        "reactions": [
            {
                "name": "+1",
                "users": [
                    "U01S79YDELR",
                    "U01S0P26NKD"
                ],
                "count": 2
            }
        ]
    },
    {
        "client_msg_id": "27d74329-e4ef-4531-aa65-575ce1b6cc11",
        "type": "message",
        "text": "ok yeah, this is why I'm confused. And I also got the mail Francisco shared below. This are 2 conflicting infos haha :sweat_smile:\nI will write to Hang i guess.",
        "user": "U01RN7BVD1C",
        "ts": "1617605928.002800",
        "team": "T01RBRV5F7H",
        "user_team": "T01RBRV5F7H",
        "source_team": "T01RBRV5F7H",
        "user_profile": {
            "avatar_hash": "55e0c1b57456",
            "image_72": "https:\/\/avatars.slack-edge.com\/2021-03-20\/1882033802643_55e0c1b574562994417f_72.jpg",
            "first_name": "Josephine",
            "real_name": "Josephine Biedermann",
            "display_name": "Phine",
            "team": "T01RBRV5F7H",
            "name": "josephinebiedermann",
            "is_restricted": false,
            "is_ultra_restricted": false
        },
        "blocks": [
            {
                "type": "rich_text",
                "block_id": "G41K",
                "elements": [
                    {
                        "type": "rich_text_section",
                        "elements": [
                            {
                                "type": "text",
                                "text": "ok yeah, this is why I'm confused. And I also got the mail Francisco shared below. This are 2 conflicting infos haha "
                            },
                            {
                                "type": "emoji",
                                "name": "sweat_smile"
                            },
                            {
                                "type": "text",
                                "text": "\nI will write to Hang i guess."
                            }
                        ]
                    }
                ]
            }
        ],
        "thread_ts": "1617605573.002400",
        "parent_user_id": "U01SK96QF5E"
    }
]