[
    {
        "client_msg_id": "afa3051f-bb63-49f5-b7f9-c7394dfe5878",
        "type": "message",
        "text": "<!channel> standups are starting, join us in Room 1, 2, and 3!",
        "user": "U01RSRE0N3D",
        "ts": "1621238408.000900",
        "team": "T01RBRV5F7H",
        "user_team": "T01RBRV5F7H",
        "source_team": "T01RBRV5F7H",
        "user_profile": {
            "avatar_hash": "5b0571ca5e6f",
            "image_72": "https:\/\/avatars.slack-edge.com\/2021-03-18\/1876877550179_5b0571ca5e6fe1f759fe_72.jpg",
            "first_name": "Kosta",
            "real_name": "Kosta",
            "display_name": "Kosta",
            "team": "T01RBRV5F7H",
            "name": "kostadin.mitkov",
            "is_restricted": false,
            "is_ultra_restricted": false
        },
        "blocks": [
            {
                "type": "rich_text",
                "block_id": "9h7F",
                "elements": [
                    {
                        "type": "rich_text_section",
                        "elements": [
                            {
                                "type": "broadcast",
                                "range": "channel"
                            },
                            {
                                "type": "text",
                                "text": " standups are starting, join us in Room 1, 2, and 3!"
                            }
                        ]
                    }
                ]
            }
        ],
        "thread_ts": "1621238408.000900",
        "reply_count": 2,
        "reply_users_count": 2,
        "latest_reply": "1621242254.001300",
        "reply_users": [
            "U01RW140HBP",
            "U01RSRE0N3D"
        ],
        "replies": [
            {
                "user": "U01RW140HBP",
                "ts": "1621238878.001000"
            },
            {
                "user": "U01RSRE0N3D",
                "ts": "1621242254.001300"
            }
        ],
        "is_locked": false,
        "subscribed": true,
        "last_read": "1621242254.001300"
    },
    {
        "client_msg_id": "d8e3e04b-2840-43b9-99d2-10ee7ed8fa44",
        "type": "message",
        "text": "mine actually started at 9.30 :slightly_smiling_face:",
        "user": "U01RW140HBP",
        "ts": "1621238878.001000",
        "team": "T01RBRV5F7H",
        "user_team": "T01RBRV5F7H",
        "source_team": "T01RBRV5F7H",
        "user_profile": {
            "avatar_hash": "4c43a3a8d10b",
            "image_72": "https:\/\/avatars.slack-edge.com\/2021-03-21\/1895736308209_4c43a3a8d10bc2fe5e13_72.png",
            "first_name": "siand",
            "real_name": "siand the LT (she\/her)",
            "display_name": "siand the LT (she\/her)",
            "team": "T01RBRV5F7H",
            "name": "sian.davies",
            "is_restricted": false,
            "is_ultra_restricted": false
        },
        "blocks": [
            {
                "type": "rich_text",
                "block_id": "HQtT",
                "elements": [
                    {
                        "type": "rich_text_section",
                        "elements": [
                            {
                                "type": "text",
                                "text": "mine actually started at 9.30 "
                            },
                            {
                                "type": "emoji",
                                "name": "slightly_smiling_face"
                            }
                        ]
                    }
                ]
            }
        ],
        "thread_ts": "1621238408.000900",
        "parent_user_id": "U01RSRE0N3D"
    },
    {
        "bot_id": "B01S7FSR36Y",
        "type": "message",
        "text": "cool kids",
        "user": "U01RSRE0N3D",
        "ts": "1621242254.001300",
        "team": "T01RBRV5F7H",
        "bot_profile": {
            "id": "B01S7FSR36Y",
            "deleted": false,
            "name": "giphy",
            "updated": 1616421896,
            "app_id": "A0F827J2C",
            "icons": {
                "image_36": "https:\/\/a.slack-edge.com\/dc483\/img\/plugins\/giphy\/service_72.png",
                "image_48": "https:\/\/a.slack-edge.com\/dc483\/img\/plugins\/giphy\/service_48.png",
                "image_72": "https:\/\/a.slack-edge.com\/dc483\/img\/plugins\/giphy\/service_72.png"
            },
            "team_id": "T01RBRV5F7H"
        },
        "blocks": [
            {
                "type": "image",
                "block_id": "F7+4",
                "image_url": "https:\/\/media0.giphy.com\/media\/VJAm6x0OJAovdobZoC\/giphy.gif?cid=6104955ea9eff5f8b96c3fe37b3f34ca4a8be7eee230678b&rid=giphy.gif&ct=g&cid=6104955ea9eff5f8b96c3fe37b3f34ca4a8be7eee230678b&rid=giphy.gif&ct=g",
                "alt_text": "cool kids",
                "title": {
                    "type": "plain_text",
                    "text": "cool kids",
                    "emoji": true
                },
                "fallback": "480x270px image",
                "image_width": 480,
                "image_height": 270,
                "image_bytes": 1665007,
                "is_animated": true
            },
            {
                "type": "context",
                "block_id": "8JWR0",
                "elements": [
                    {
                        "type": "image",
                        "image_url": "https:\/\/a.slack-edge.com\/dc483\/img\/plugins\/giphy\/service_32.png",
                        "alt_text": "giphy logo"
                    },
                    {
                        "type": "mrkdwn",
                        "text": "Posted using \/giphy | GIF by <https:\/\/giphy.com\/abcnetwork\/|ABC Network>",
                        "verbatim": false
                    }
                ]
            }
        ],
        "thread_ts": "1621238408.000900",
        "parent_user_id": "U01RSRE0N3D"
    },
    {
        "client_msg_id": "796c6990-44f6-44db-9e78-d8b8e06e0307",
        "type": "message",
        "text": "update favourites links!\nplease update your links for Notion materials as :",
        "user": "U01RW140HBP",
        "ts": "1621252438.002100",
        "team": "T01RBRV5F7H",
        "user_team": "T01RBRV5F7H",
        "source_team": "T01RBRV5F7H",
        "user_profile": {
            "avatar_hash": "4c43a3a8d10b",
            "image_72": "https:\/\/avatars.slack-edge.com\/2021-03-21\/1895736308209_4c43a3a8d10bc2fe5e13_72.png",
            "first_name": "siand",
            "real_name": "siand the LT (she\/her)",
            "display_name": "siand the LT (she\/her)",
            "team": "T01RBRV5F7H",
            "name": "sian.davies",
            "is_restricted": false,
            "is_ultra_restricted": false
        },
        "blocks": [
            {
                "type": "rich_text",
                "block_id": "lDn",
                "elements": [
                    {
                        "type": "rich_text_section",
                        "elements": [
                            {
                                "type": "text",
                                "text": "update favourites links!\nplease update your links for Notion materials as :"
                            }
                        ]
                    }
                ]
            }
        ],
        "reactions": [
            {
                "name": "+1",
                "users": [
                    "U01S79YDELR",
                    "U01S081EULS",
                    "U01SD3CDH9P"
                ],
                "count": 3
            }
        ]
    },
    {
        "client_msg_id": "d07ff8f4-a7f6-4b36-a312-7a7ad9815c65",
        "type": "message",
        "text": "• calendar <https:\/\/www.notion.so\/ironhack\/d069723dff344c84a2671d31010d3c11?v=e92549911eb9432ba98ede76c4e86042>\n• classroom recordings <https:\/\/www.notion.so\/ironhack\/a19c60daecc2460396bfd3e2f32ccd34?v=c9cfed266f074df580579b93192d0b96>\n• solutions - <https:\/\/www.notion.so\/ironhack\/2b2030e11f5641819fa5de6aa86d176e?v=a22374e8c71340eda0bdd70fda2f1394>\n• additional resources - <https:\/\/www.notion.so\/ironhack\/8af74fb0e11447e9812e816ec184b958?v=c90c2e1e8d2846f0bc25d8a9e667ff1e>\n• katas - <https:\/\/www.notion.so\/ironhack\/f04376c779aa462793d49e927acd2f9b?v=b1f5bff5716c4915be65ce410a9d1166>\n• code of conduct <https:\/\/www.notion.so\/ironhack\/Our-Code-of-Conduct-c23f61263a7c4ef3a6b1c46a2ec61e3e>",
        "user": "U01RW140HBP",
        "ts": "1621252513.002900",
        "team": "T01RBRV5F7H",
        "user_team": "T01RBRV5F7H",
        "source_team": "T01RBRV5F7H",
        "user_profile": {
            "avatar_hash": "4c43a3a8d10b",
            "image_72": "https:\/\/avatars.slack-edge.com\/2021-03-21\/1895736308209_4c43a3a8d10bc2fe5e13_72.png",
            "first_name": "siand",
            "real_name": "siand the LT (she\/her)",
            "display_name": "siand the LT (she\/her)",
            "team": "T01RBRV5F7H",
            "name": "sian.davies",
            "is_restricted": false,
            "is_ultra_restricted": false
        },
        "blocks": [
            {
                "type": "rich_text",
                "block_id": "XXR",
                "elements": [
                    {
                        "type": "rich_text_list",
                        "elements": [
                            {
                                "type": "rich_text_section",
                                "elements": [
                                    {
                                        "type": "text",
                                        "text": "calendar "
                                    },
                                    {
                                        "type": "link",
                                        "url": "https:\/\/www.notion.so\/ironhack\/d069723dff344c84a2671d31010d3c11?v=e92549911eb9432ba98ede76c4e86042"
                                    }
                                ]
                            },
                            {
                                "type": "rich_text_section",
                                "elements": [
                                    {
                                        "type": "text",
                                        "text": "classroom recordings "
                                    },
                                    {
                                        "type": "link",
                                        "url": "https:\/\/www.notion.so\/ironhack\/a19c60daecc2460396bfd3e2f32ccd34?v=c9cfed266f074df580579b93192d0b96"
                                    }
                                ]
                            },
                            {
                                "type": "rich_text_section",
                                "elements": [
                                    {
                                        "type": "text",
                                        "text": "solutions - "
                                    },
                                    {
                                        "type": "link",
                                        "url": "https:\/\/www.notion.so\/ironhack\/2b2030e11f5641819fa5de6aa86d176e?v=a22374e8c71340eda0bdd70fda2f1394"
                                    }
                                ]
                            },
                            {
                                "type": "rich_text_section",
                                "elements": [
                                    {
                                        "type": "text",
                                        "text": "additional resources - "
                                    },
                                    {
                                        "type": "link",
                                        "url": "https:\/\/www.notion.so\/ironhack\/8af74fb0e11447e9812e816ec184b958?v=c90c2e1e8d2846f0bc25d8a9e667ff1e"
                                    }
                                ]
                            },
                            {
                                "type": "rich_text_section",
                                "elements": [
                                    {
                                        "type": "text",
                                        "text": "katas - "
                                    },
                                    {
                                        "type": "link",
                                        "url": "https:\/\/www.notion.so\/ironhack\/f04376c779aa462793d49e927acd2f9b?v=b1f5bff5716c4915be65ce410a9d1166"
                                    }
                                ]
                            },
                            {
                                "type": "rich_text_section",
                                "elements": [
                                    {
                                        "type": "text",
                                        "text": "code of conduct "
                                    },
                                    {
                                        "type": "link",
                                        "url": "https:\/\/www.notion.so\/ironhack\/Our-Code-of-Conduct-c23f61263a7c4ef3a6b1c46a2ec61e3e"
                                    }
                                ]
                            }
                        ],
                        "style": "bullet",
                        "indent": 0
                    }
                ]
            }
        ]
    }
]