[
    {
        "type": "message",
        "subtype": "channel_topic",
        "ts": "1620284481.082300",
        "user": "U01RW2X7S9Z",
        "text": "<@U01RW2X7S9Z> set the channel topic: :zoom: classroom:\n<https:\/\/zoom.us\/j\/877626245>\npw: 986565",
        "topic": ":zoom: classroom:\n<https:\/\/zoom.us\/j\/877626245>\npw: 986565"
    },
    {
        "client_msg_id": "103ed5c6-0e0d-4a55-8c12-d97246424d15",
        "type": "message",
        "text": "i keep pressing the button to set topic instead of opening the thing",
        "user": "U01RW2X7S9Z",
        "ts": "1620284496.082700",
        "team": "T01RBRV5F7H",
        "user_team": "T01RBRV5F7H",
        "source_team": "T01RBRV5F7H",
        "user_profile": {
            "avatar_hash": "7e12d75d168a",
            "image_72": "https:\/\/avatars.slack-edge.com\/2021-03-19\/1880105796643_7e12d75d168ae25c167d_72.jpg",
            "first_name": "Alexandre",
            "real_name": "Alexandre Sommerkamp",
            "display_name": "Alexandre Sommerkamp",
            "team": "T01RBRV5F7H",
            "name": "alex.c.skp",
            "is_restricted": false,
            "is_ultra_restricted": false
        },
        "blocks": [
            {
                "type": "rich_text",
                "block_id": "slS",
                "elements": [
                    {
                        "type": "rich_text_section",
                        "elements": [
                            {
                                "type": "text",
                                "text": "i keep pressing the button to set topic instead of opening the thing"
                            }
                        ]
                    }
                ]
            }
        ],
        "reactions": [
            {
                "name": "catjam",
                "users": [
                    "U01S7BM4N81"
                ],
                "count": 1
            }
        ]
    },
    {
        "client_msg_id": "08705702-579d-440c-a2e3-65ffa33d5e4f",
        "type": "message",
        "text": "i see you do that every day lol",
        "user": "U01RW140HBP",
        "ts": "1620284509.083100",
        "team": "T01RBRV5F7H",
        "user_team": "T01RBRV5F7H",
        "source_team": "T01RBRV5F7H",
        "user_profile": {
            "avatar_hash": "4c43a3a8d10b",
            "image_72": "https:\/\/avatars.slack-edge.com\/2021-03-21\/1895736308209_4c43a3a8d10bc2fe5e13_72.png",
            "first_name": "siand",
            "real_name": "siand the LT (she\/her)",
            "display_name": "siand the LT (she\/her)",
            "team": "T01RBRV5F7H",
            "name": "sian.davies",
            "is_restricted": false,
            "is_ultra_restricted": false
        },
        "blocks": [
            {
                "type": "rich_text",
                "block_id": "SRH",
                "elements": [
                    {
                        "type": "rich_text_section",
                        "elements": [
                            {
                                "type": "text",
                                "text": "i see you do that every day lol"
                            }
                        ]
                    }
                ]
            }
        ]
    },
    {
        "client_msg_id": "3899104e-942d-416d-82ab-f0c059b8bfd6",
        "type": "message",
        "text": "hahahahahahaa",
        "user": "U01S1CWGTU4",
        "ts": "1620284510.083200",
        "team": "T01RBRV5F7H",
        "user_team": "T01RBRV5F7H",
        "source_team": "T01RBRV5F7H",
        "user_profile": {
            "avatar_hash": "09076999792d",
            "image_72": "https:\/\/avatars.slack-edge.com\/2021-03-21\/1868032103895_09076999792d539af81c_72.png",
            "first_name": "",
            "real_name": "Antonio Saleme Sastre",
            "display_name": "Antonio Saleme Sastre",
            "team": "T01RBRV5F7H",
            "name": "salemesastre",
            "is_restricted": false,
            "is_ultra_restricted": false
        },
        "blocks": [
            {
                "type": "rich_text",
                "block_id": "O51",
                "elements": [
                    {
                        "type": "rich_text_section",
                        "elements": [
                            {
                                "type": "text",
                                "text": "hahahahahahaa"
                            }
                        ]
                    }
                ]
            }
        ]
    },
    {
        "client_msg_id": "3487c8ad-c5a5-4b13-a49d-588b42fe9d3c",
        "type": "message",
        "text": "i need some vacation i believe",
        "user": "U01RW2X7S9Z",
        "ts": "1620284520.083400",
        "team": "T01RBRV5F7H",
        "user_team": "T01RBRV5F7H",
        "source_team": "T01RBRV5F7H",
        "user_profile": {
            "avatar_hash": "7e12d75d168a",
            "image_72": "https:\/\/avatars.slack-edge.com\/2021-03-19\/1880105796643_7e12d75d168ae25c167d_72.jpg",
            "first_name": "Alexandre",
            "real_name": "Alexandre Sommerkamp",
            "display_name": "Alexandre Sommerkamp",
            "team": "T01RBRV5F7H",
            "name": "alex.c.skp",
            "is_restricted": false,
            "is_ultra_restricted": false
        },
        "blocks": [
            {
                "type": "rich_text",
                "block_id": "8YcJb",
                "elements": [
                    {
                        "type": "rich_text_section",
                        "elements": [
                            {
                                "type": "text",
                                "text": "i need some vacation i believe"
                            }
                        ]
                    }
                ]
            }
        ]
    },
    {
        "client_msg_id": "226ed308-0d84-464d-88d7-9cbd70a904ad",
        "type": "message",
        "text": "xD",
        "user": "U01RW2X7S9Z",
        "ts": "1620284521.083700",
        "team": "T01RBRV5F7H",
        "user_team": "T01RBRV5F7H",
        "source_team": "T01RBRV5F7H",
        "user_profile": {
            "avatar_hash": "7e12d75d168a",
            "image_72": "https:\/\/avatars.slack-edge.com\/2021-03-19\/1880105796643_7e12d75d168ae25c167d_72.jpg",
            "first_name": "Alexandre",
            "real_name": "Alexandre Sommerkamp",
            "display_name": "Alexandre Sommerkamp",
            "team": "T01RBRV5F7H",
            "name": "alex.c.skp",
            "is_restricted": false,
            "is_ultra_restricted": false
        },
        "blocks": [
            {
                "type": "rich_text",
                "block_id": "pAF7",
                "elements": [
                    {
                        "type": "rich_text_section",
                        "elements": [
                            {
                                "type": "text",
                                "text": "xD"
                            }
                        ]
                    }
                ]
            }
        ]
    },
    {
        "client_msg_id": "b37898ab-3d82-44b5-9722-a88c72c32605",
        "type": "message",
        "text": "haha we all do Alex",
        "user": "U01RW140HBP",
        "ts": "1620284542.084000",
        "team": "T01RBRV5F7H",
        "user_team": "T01RBRV5F7H",
        "source_team": "T01RBRV5F7H",
        "user_profile": {
            "avatar_hash": "4c43a3a8d10b",
            "image_72": "https:\/\/avatars.slack-edge.com\/2021-03-21\/1895736308209_4c43a3a8d10bc2fe5e13_72.png",
            "first_name": "siand",
            "real_name": "siand the LT (she\/her)",
            "display_name": "siand the LT (she\/her)",
            "team": "T01RBRV5F7H",
            "name": "sian.davies",
            "is_restricted": false,
            "is_ultra_restricted": false
        },
        "blocks": [
            {
                "type": "rich_text",
                "block_id": "VM40i",
                "elements": [
                    {
                        "type": "rich_text_section",
                        "elements": [
                            {
                                "type": "text",
                                "text": "haha we all do Alex"
                            }
                        ]
                    }
                ]
            }
        ]
    },
    {
        "client_msg_id": "ee2c1c8f-832f-4748-ac31-e911a7534d6d",
        "type": "message",
        "text": "im firmly setting the topic there",
        "user": "U01RW2X7S9Z",
        "ts": "1620284544.084100",
        "team": "T01RBRV5F7H",
        "user_team": "T01RBRV5F7H",
        "source_team": "T01RBRV5F7H",
        "user_profile": {
            "avatar_hash": "7e12d75d168a",
            "image_72": "https:\/\/avatars.slack-edge.com\/2021-03-19\/1880105796643_7e12d75d168ae25c167d_72.jpg",
            "first_name": "Alexandre",
            "real_name": "Alexandre Sommerkamp",
            "display_name": "Alexandre Sommerkamp",
            "team": "T01RBRV5F7H",
            "name": "alex.c.skp",
            "is_restricted": false,
            "is_ultra_restricted": false
        },
        "blocks": [
            {
                "type": "rich_text",
                "block_id": "z7oc",
                "elements": [
                    {
                        "type": "rich_text_section",
                        "elements": [
                            {
                                "type": "text",
                                "text": "im firmly setting the topic there"
                            }
                        ]
                    }
                ]
            }
        ]
    },
    {
        "type": "message",
        "text": "As one of our follow up actions from yesterdays poll :\n\n• for this weeks GNOD project - I have put a very simple minimum viable product together in jupyter notebook which takes a user input (song name) and compares it to the top 100 to provide a song recommendation. This is for the first product image (shown in the notebook) and can be adapted to the names \/ columns of your own top 100 variables.\n• in addition, this could, of course, be extended for the second version of the product (the spotipy songs+ features, kaggle database, unsupervised clustering) , and can be added to by modularising the scraping code, recommender function, spotipy code etc \ni will be available in a breakout room later this afternoon for a q&amp;a on how to use this template.",
        "files": [
            {
                "id": "F021S3CNVUY",
                "created": 1620287426,
                "timestamp": 1620287426,
                "name": "Music Recommender v.2.ipynb",
                "title": "Music Recommender v.2.ipynb",
                "mimetype": "application\/octet-stream",
                "filetype": "binary",
                "pretty_type": "Binary",
                "user": "U01RW140HBP",
                "editable": false,
                "size": 91794,
                "mode": "hosted",
                "is_external": false,
                "external_type": "",
                "is_public": true,
                "public_url_shared": false,
                "display_as_bot": false,
                "username": "",
                "url_private": "https:\/\/files.slack.com\/files-pri\/T01RBRV5F7H-F021S3CNVUY\/music_recommender_v.2.ipynb?t=xoxe-1861879185255-2068564688150-2068564727718-519dfbdd8f50e154f7dac1ab76bfc0d2",
                "url_private_download": "https:\/\/files.slack.com\/files-pri\/T01RBRV5F7H-F021S3CNVUY\/download\/music_recommender_v.2.ipynb?t=xoxe-1861879185255-2068564688150-2068564727718-519dfbdd8f50e154f7dac1ab76bfc0d2",
                "permalink": "https:\/\/data-ft-ber-03-2021.slack.com\/files\/U01RW140HBP\/F021S3CNVUY\/music_recommender_v.2.ipynb",
                "permalink_public": "https:\/\/slack-files.com\/T01RBRV5F7H-F021S3CNVUY-452354bc1b",
                "is_starred": false,
                "has_rich_preview": false
            }
        ],
        "upload": false,
        "blocks": [
            {
                "type": "rich_text",
                "block_id": "qeXi+",
                "elements": [
                    {
                        "type": "rich_text_section",
                        "elements": [
                            {
                                "type": "text",
                                "text": "As one of our follow up actions from yesterdays poll :\n\n"
                            }
                        ]
                    },
                    {
                        "type": "rich_text_list",
                        "style": "bullet",
                        "indent": 0,
                        "elements": [
                            {
                                "type": "rich_text_section",
                                "elements": [
                                    {
                                        "type": "text",
                                        "text": "for this weeks GNOD project - I have put a very simple minimum viable product together in jupyter notebook which takes a user input (song name) and compares it to the top 100 to provide a song recommendation. This is for the first product image (shown in the notebook) and can be adapted to the names \/ columns of your own top 100 variables."
                                    }
                                ]
                            }
                        ]
                    },
                    {
                        "type": "rich_text_section",
                        "elements": [
                            {
                                "type": "text",
                                "text": "\n"
                            }
                        ]
                    },
                    {
                        "type": "rich_text_list",
                        "style": "bullet",
                        "indent": 0,
                        "elements": [
                            {
                                "type": "rich_text_section",
                                "elements": [
                                    {
                                        "type": "text",
                                        "text": "in addition, this could, of course, be extended for the second version of the product (the spotipy songs+ features, kaggle database, unsupervised clustering) , and can be added to by modularising the scraping code, recommender function, spotipy code etc "
                                    }
                                ]
                            }
                        ]
                    },
                    {
                        "type": "rich_text_section",
                        "elements": [
                            {
                                "type": "text",
                                "text": "\ni will be available in a breakout room later this afternoon for a q&a on how to use this template."
                            }
                        ]
                    }
                ]
            }
        ],
        "user": "U01RW140HBP",
        "display_as_bot": false,
        "ts": "1620287432.089800",
        "edited": {
            "user": "U01RW140HBP",
            "ts": "1620295840.000000"
        },
        "thread_ts": "1620287432.089800",
        "reply_count": 7,
        "reply_users_count": 2,
        "latest_reply": "1620309173.098800",
        "reply_users": [
            "U01S7KCL3DF",
            "U01RW140HBP"
        ],
        "replies": [
            {
                "user": "U01S7KCL3DF",
                "ts": "1620290043.090300"
            },
            {
                "user": "U01RW140HBP",
                "ts": "1620290641.091000"
            },
            {
                "user": "U01RW140HBP",
                "ts": "1620290657.091200"
            },
            {
                "user": "U01S7KCL3DF",
                "ts": "1620292324.092900"
            },
            {
                "user": "U01RW140HBP",
                "ts": "1620292375.093100"
            },
            {
                "user": "U01S7KCL3DF",
                "ts": "1620309154.098600"
            },
            {
                "user": "U01RW140HBP",
                "ts": "1620309173.098800"
            }
        ],
        "is_locked": false,
        "subscribed": false,
        "reactions": [
            {
                "name": "pray",
                "users": [
                    "U01S7KCL3DF",
                    "U01RRV4JX6Z",
                    "U01RV3K524T",
                    "U01S133DZ9A",
                    "U01S0MFJ3HR",
                    "U01S0P26NKD",
                    "U01S081EULS"
                ],
                "count": 7
            }
        ]
    },
    {
        "client_msg_id": "494e4937-c441-4af0-8dfe-ab737f941a3e",
        "type": "message",
        "text": "<@U01RW140HBP> could I get your opinion? I’m quite behind on everything…\n\nI was thinking of going back over previous days\/notebooks, get something atleast functional… then coming back to the unsupervised ML lectures later (maybe tonight)? Would that be an idea?",
        "user": "U01S7KCL3DF",
        "ts": "1620290043.090300",
        "team": "T01RBRV5F7H",
        "user_team": "T01RBRV5F7H",
        "source_team": "T01RBRV5F7H",
        "user_profile": {
            "avatar_hash": "17b52091bb62",
            "image_72": "https:\/\/avatars.slack-edge.com\/2021-03-19\/1875964347925_17b52091bb62c2340b4c_72.png",
            "first_name": "Sam",
            "real_name": "Sam Katterfield",
            "display_name": "Sam",
            "team": "T01RBRV5F7H",
            "name": "samkatterfield",
            "is_restricted": false,
            "is_ultra_restricted": false
        },
        "blocks": [
            {
                "type": "rich_text",
                "block_id": "d3lWu",
                "elements": [
                    {
                        "type": "rich_text_section",
                        "elements": [
                            {
                                "type": "user",
                                "user_id": "U01RW140HBP"
                            },
                            {
                                "type": "text",
                                "text": " could I get your opinion? I’m quite behind on everything…\n\nI was thinking of going back over previous days\/notebooks, get something atleast functional… then coming back to the unsupervised ML lectures later (maybe tonight)? Would that be an idea?"
                            }
                        ]
                    }
                ]
            }
        ],
        "thread_ts": "1620287432.089800",
        "parent_user_id": "U01RW140HBP"
    },
    {
        "client_msg_id": "ae21b343-f7da-4089-abe7-d4d8549b26c6",
        "type": "message",
        "text": "event next week : <https:\/\/wearetechwomen.com\/conference\/>",
        "user": "U01RW140HBP",
        "ts": "1620290213.090800",
        "team": "T01RBRV5F7H",
        "user_team": "T01RBRV5F7H",
        "source_team": "T01RBRV5F7H",
        "user_profile": {
            "avatar_hash": "4c43a3a8d10b",
            "image_72": "https:\/\/avatars.slack-edge.com\/2021-03-21\/1895736308209_4c43a3a8d10bc2fe5e13_72.png",
            "first_name": "siand",
            "real_name": "siand the LT (she\/her)",
            "display_name": "siand the LT (she\/her)",
            "team": "T01RBRV5F7H",
            "name": "sian.davies",
            "is_restricted": false,
            "is_ultra_restricted": false
        },
        "attachments": [
            {
                "service_name": "WeAreTechWomen - Supporting Women in Technology",
                "title": "Virtual Global Women in Tech Conference 2021 | WeAreTechWomen",
                "title_link": "https:\/\/wearetechwomen.com\/conference\/",
                "text": "WeAreTechWomen is hosting its 2nd global virtual conference for women in tech, focusing on disruption &amp; innovation in the industry. Access for only £70",
                "fallback": "WeAreTechWomen - Supporting Women in Technology: Virtual Global Women in Tech Conference 2021 | WeAreTechWomen",
                "thumb_url": "https:\/\/wearetechwomen.com\/wp-content\/uploads\/2015\/07\/OTW-Main-Image-banner-pop-e1612523156192.jpg",
                "fields": [
                    {
                        "title": "Estimated reading time",
                        "value": "14 minutes",
                        "short": true
                    }
                ],
                "from_url": "https:\/\/wearetechwomen.com\/conference\/",
                "thumb_width": 1000,
                "thumb_height": 667,
                "service_icon": "https:\/\/wearetechwomen.com\/wp-content\/uploads\/fbrfg\/apple-touch-icon.png",
                "id": 1,
                "original_url": "https:\/\/wearetechwomen.com\/conference\/"
            }
        ],
        "blocks": [
            {
                "type": "rich_text",
                "block_id": "O=d",
                "elements": [
                    {
                        "type": "rich_text_section",
                        "elements": [
                            {
                                "type": "text",
                                "text": "event next week : "
                            },
                            {
                                "type": "link",
                                "url": "https:\/\/wearetechwomen.com\/conference\/"
                            }
                        ]
                    }
                ]
            }
        ],
        "reactions": [
            {
                "name": "+1",
                "users": [
                    "U01S65G72SY"
                ],
                "count": 1
            }
        ]
    },
    {
        "client_msg_id": "27fe3524-7606-4276-8f8f-ff44c0913eeb",
        "type": "message",
        "text": "its up to you Sam. the lectures are all recorded as you know - if you feel you need to take a step back and review the earlier part of the week, I am sure flo wont be offended :slightly_smiling_face:",
        "user": "U01RW140HBP",
        "ts": "1620290641.091000",
        "team": "T01RBRV5F7H",
        "user_team": "T01RBRV5F7H",
        "source_team": "T01RBRV5F7H",
        "user_profile": {
            "avatar_hash": "4c43a3a8d10b",
            "image_72": "https:\/\/avatars.slack-edge.com\/2021-03-21\/1895736308209_4c43a3a8d10bc2fe5e13_72.png",
            "first_name": "siand",
            "real_name": "siand the LT (she\/her)",
            "display_name": "siand the LT (she\/her)",
            "team": "T01RBRV5F7H",
            "name": "sian.davies",
            "is_restricted": false,
            "is_ultra_restricted": false
        },
        "blocks": [
            {
                "type": "rich_text",
                "block_id": "Ou+5",
                "elements": [
                    {
                        "type": "rich_text_section",
                        "elements": [
                            {
                                "type": "text",
                                "text": "its up to you Sam. the lectures are all recorded as you know - if you feel you need to take a step back and review the earlier part of the week, I am sure flo wont be offended "
                            },
                            {
                                "type": "emoji",
                                "name": "slightly_smiling_face"
                            }
                        ]
                    }
                ]
            }
        ],
        "thread_ts": "1620287432.089800",
        "parent_user_id": "U01RW140HBP"
    },
    {
        "client_msg_id": "338c59b6-16d1-41bc-9722-ee41fe23fa95",
        "type": "message",
        "text": "the unsupervised part is definitely at the more advanced end of the project",
        "user": "U01RW140HBP",
        "ts": "1620290657.091200",
        "team": "T01RBRV5F7H",
        "user_team": "T01RBRV5F7H",
        "source_team": "T01RBRV5F7H",
        "user_profile": {
            "avatar_hash": "4c43a3a8d10b",
            "image_72": "https:\/\/avatars.slack-edge.com\/2021-03-21\/1895736308209_4c43a3a8d10bc2fe5e13_72.png",
            "first_name": "siand",
            "real_name": "siand the LT (she\/her)",
            "display_name": "siand the LT (she\/her)",
            "team": "T01RBRV5F7H",
            "name": "sian.davies",
            "is_restricted": false,
            "is_ultra_restricted": false
        },
        "blocks": [
            {
                "type": "rich_text",
                "block_id": "j5FN7",
                "elements": [
                    {
                        "type": "rich_text_section",
                        "elements": [
                            {
                                "type": "text",
                                "text": "the unsupervised part is definitely at the more advanced end of the project"
                            }
                        ]
                    }
                ]
            }
        ],
        "thread_ts": "1620287432.089800",
        "parent_user_id": "U01RW140HBP"
    },
    {
        "type": "message",
        "text": "<!channel>,\nlecture notebook so far",
        "files": [
            {
                "id": "F0212NKP7PD",
                "created": 1620291584,
                "timestamp": 1620291584,
                "name": "8.6_intro_to_unsupervised_learning_2021_03.ipynb",
                "title": "8.6_intro_to_unsupervised_learning_2021_03.ipynb",
                "mimetype": "text\/plain",
                "filetype": "text",
                "pretty_type": "Plain Text",
                "user": "U01SJKB2MG8",
                "editable": true,
                "size": 728313,
                "mode": "snippet",
                "is_external": false,
                "external_type": "",
                "is_public": true,
                "public_url_shared": false,
                "display_as_bot": false,
                "username": "",
                "url_private": "https:\/\/files.slack.com\/files-pri\/T01RBRV5F7H-F0212NKP7PD\/8.6_intro_to_unsupervised_learning_2021_03.ipynb?t=xoxe-1861879185255-2068564688150-2068564727718-519dfbdd8f50e154f7dac1ab76bfc0d2",
                "url_private_download": "https:\/\/files.slack.com\/files-pri\/T01RBRV5F7H-F0212NKP7PD\/download\/8.6_intro_to_unsupervised_learning_2021_03.ipynb?t=xoxe-1861879185255-2068564688150-2068564727718-519dfbdd8f50e154f7dac1ab76bfc0d2",
                "permalink": "https:\/\/data-ft-ber-03-2021.slack.com\/files\/U01SJKB2MG8\/F0212NKP7PD\/8.6_intro_to_unsupervised_learning_2021_03.ipynb",
                "permalink_public": "https:\/\/slack-files.com\/T01RBRV5F7H-F0212NKP7PD-f9ff5fe895",
                "edit_link": "https:\/\/data-ft-ber-03-2021.slack.com\/files\/U01SJKB2MG8\/F0212NKP7PD\/8.6_intro_to_unsupervised_learning_2021_03.ipynb\/edit",
                "is_starred": false,
                "has_rich_preview": false
            },
            {
                "id": "F0212NL2399",
                "created": 1620291589,
                "timestamp": 1620291589,
                "name": "k_means.gif",
                "title": "k_means.gif",
                "mimetype": "image\/gif",
                "filetype": "gif",
                "pretty_type": "GIF",
                "user": "U01SJKB2MG8",
                "editable": false,
                "size": 530915,
                "mode": "hosted",
                "is_external": false,
                "external_type": "",
                "is_public": true,
                "public_url_shared": false,
                "display_as_bot": false,
                "username": "",
                "url_private": "https:\/\/files.slack.com\/files-pri\/T01RBRV5F7H-F0212NL2399\/k_means.gif?t=xoxe-1861879185255-2068564688150-2068564727718-519dfbdd8f50e154f7dac1ab76bfc0d2",
                "url_private_download": "https:\/\/files.slack.com\/files-pri\/T01RBRV5F7H-F0212NL2399\/download\/k_means.gif?t=xoxe-1861879185255-2068564688150-2068564727718-519dfbdd8f50e154f7dac1ab76bfc0d2",
                "thumb_64": "https:\/\/files.slack.com\/files-tmb\/T01RBRV5F7H-F0212NL2399-179d9e0836\/k_means_64.png?t=xoxe-1861879185255-2068564688150-2068564727718-519dfbdd8f50e154f7dac1ab76bfc0d2",
                "thumb_80": "https:\/\/files.slack.com\/files-tmb\/T01RBRV5F7H-F0212NL2399-179d9e0836\/k_means_80.png?t=xoxe-1861879185255-2068564688150-2068564727718-519dfbdd8f50e154f7dac1ab76bfc0d2",
                "thumb_360": "https:\/\/files.slack.com\/files-tmb\/T01RBRV5F7H-F0212NL2399-179d9e0836\/k_means_360.png?t=xoxe-1861879185255-2068564688150-2068564727718-519dfbdd8f50e154f7dac1ab76bfc0d2",
                "thumb_360_w": 360,
                "thumb_360_h": 360,
                "thumb_480": "https:\/\/files.slack.com\/files-tmb\/T01RBRV5F7H-F0212NL2399-179d9e0836\/k_means_480.png?t=xoxe-1861879185255-2068564688150-2068564727718-519dfbdd8f50e154f7dac1ab76bfc0d2",
                "thumb_480_w": 480,
                "thumb_480_h": 480,
                "thumb_160": "https:\/\/files.slack.com\/files-tmb\/T01RBRV5F7H-F0212NL2399-179d9e0836\/k_means_160.png?t=xoxe-1861879185255-2068564688150-2068564727718-519dfbdd8f50e154f7dac1ab76bfc0d2",
                "thumb_360_gif": "https:\/\/files.slack.com\/files-tmb\/T01RBRV5F7H-F0212NL2399-179d9e0836\/k_means_360.gif?t=xoxe-1861879185255-2068564688150-2068564727718-519dfbdd8f50e154f7dac1ab76bfc0d2",
                "thumb_480_gif": "https:\/\/files.slack.com\/files-tmb\/T01RBRV5F7H-F0212NL2399-179d9e0836\/k_means_480.gif?t=xoxe-1861879185255-2068564688150-2068564727718-519dfbdd8f50e154f7dac1ab76bfc0d2",
                "original_w": 480,
                "original_h": 480,
                "deanimate": "https:\/\/files.slack.com\/files-tmb\/T01RBRV5F7H-F0212NL2399-179d9e0836\/k_means_deanimate.png?t=xoxe-1861879185255-2068564688150-2068564727718-519dfbdd8f50e154f7dac1ab76bfc0d2",
                "deanimate_gif": "https:\/\/files.slack.com\/files-tmb\/T01RBRV5F7H-F0212NL2399-179d9e0836\/k_means_deanimate_gif.png?t=xoxe-1861879185255-2068564688150-2068564727718-519dfbdd8f50e154f7dac1ab76bfc0d2",
                "thumb_tiny": "AwAwADDTzRmkP61FNN5QDfe5xgDmgCWkXI4JyfpSI24f4HpTjnIxQAuaM1AJsyYQEgd\/Wpgcnpg0ABPIFMeMMfTjnFPPUUpIAyTgUAMRAqkKTz704qG69KAcjOCPrSOxXnHHrQAzywWPJwPepAMACoxKep+70\/GpPSgAPUUEA9aXFIRxQAtNdQy4NOwPSkA4oAiWBVOQSfTNS4waMClxzQB\/\/9k=",
                "permalink": "https:\/\/data-ft-ber-03-2021.slack.com\/files\/U01SJKB2MG8\/F0212NL2399\/k_means.gif",
                "permalink_public": "https:\/\/slack-files.com\/T01RBRV5F7H-F0212NL2399-3ff039cbb9",
                "is_starred": false,
                "has_rich_preview": false
            }
        ],
        "upload": false,
        "blocks": [
            {
                "type": "rich_text",
                "block_id": "BBl",
                "elements": [
                    {
                        "type": "rich_text_section",
                        "elements": [
                            {
                                "type": "broadcast",
                                "range": "channel"
                            },
                            {
                                "type": "text",
                                "text": ",\nlecture notebook so far"
                            }
                        ]
                    }
                ]
            }
        ],
        "user": "U01SJKB2MG8",
        "ts": "1620291598.092100",
        "thread_ts": "1620291598.092100",
        "reply_count": 1,
        "reply_users_count": 1,
        "latest_reply": "1620291627.092300",
        "reply_users": [
            "U01RW140HBP"
        ],
        "replies": [
            {
                "user": "U01RW140HBP",
                "ts": "1620291627.092300"
            }
        ],
        "is_locked": false,
        "subscribed": false,
        "reactions": [
            {
                "name": "raised_hands",
                "users": [
                    "U01S1CWGTU4",
                    "U01S0MFJ3HR",
                    "U01RKN0EGDV",
                    "U01S081EULS",
                    "U01SD3CDH9P",
                    "U01RXCQHMHT"
                ],
                "count": 6
            }
        ]
    },
    {
        "client_msg_id": "7b70c692-f1a9-40e0-b01f-050262d25f2d",
        "type": "message",
        "text": "<@U01RKN0EGDV>",
        "user": "U01RW140HBP",
        "ts": "1620291627.092300",
        "team": "T01RBRV5F7H",
        "user_team": "T01RBRV5F7H",
        "source_team": "T01RBRV5F7H",
        "user_profile": {
            "avatar_hash": "4c43a3a8d10b",
            "image_72": "https:\/\/avatars.slack-edge.com\/2021-03-21\/1895736308209_4c43a3a8d10bc2fe5e13_72.png",
            "first_name": "siand",
            "real_name": "siand the LT (she\/her)",
            "display_name": "siand the LT (she\/her)",
            "team": "T01RBRV5F7H",
            "name": "sian.davies",
            "is_restricted": false,
            "is_ultra_restricted": false
        },
        "blocks": [
            {
                "type": "rich_text",
                "block_id": "AeN",
                "elements": [
                    {
                        "type": "rich_text_section",
                        "elements": [
                            {
                                "type": "user",
                                "user_id": "U01RKN0EGDV"
                            }
                        ]
                    }
                ]
            }
        ],
        "thread_ts": "1620291598.092100",
        "parent_user_id": "U01SJKB2MG8",
        "reactions": [
            {
                "name": "raised_hands",
                "users": [
                    "U01RKN0EGDV"
                ],
                "count": 1
            }
        ]
    },
    {
        "client_msg_id": "1af65068-9f8d-4eea-bbb4-bea1271ffdbf",
        "type": "message",
        "text": "ok lets see how we go… i know these big zoom video files take a while to encode",
        "user": "U01S7KCL3DF",
        "ts": "1620292324.092900",
        "team": "T01RBRV5F7H",
        "user_team": "T01RBRV5F7H",
        "source_team": "T01RBRV5F7H",
        "user_profile": {
            "avatar_hash": "17b52091bb62",
            "image_72": "https:\/\/avatars.slack-edge.com\/2021-03-19\/1875964347925_17b52091bb62c2340b4c_72.png",
            "first_name": "Sam",
            "real_name": "Sam Katterfield",
            "display_name": "Sam",
            "team": "T01RBRV5F7H",
            "name": "samkatterfield",
            "is_restricted": false,
            "is_ultra_restricted": false
        },
        "blocks": [
            {
                "type": "rich_text",
                "block_id": "9=uQI",
                "elements": [
                    {
                        "type": "rich_text_section",
                        "elements": [
                            {
                                "type": "text",
                                "text": "ok lets see how we go… i know these big zoom video files take a while to encode"
                            }
                        ]
                    }
                ]
            }
        ],
        "thread_ts": "1620287432.089800",
        "parent_user_id": "U01RW140HBP"
    },
    {
        "client_msg_id": "552fd2a9-76c7-4042-868c-7ea9ad1010e3",
        "type": "message",
        "text": "yes we wont generally have todays video until tomorrow morning from the mechanics at zoom",
        "user": "U01RW140HBP",
        "ts": "1620292375.093100",
        "team": "T01RBRV5F7H",
        "user_team": "T01RBRV5F7H",
        "source_team": "T01RBRV5F7H",
        "user_profile": {
            "avatar_hash": "4c43a3a8d10b",
            "image_72": "https:\/\/avatars.slack-edge.com\/2021-03-21\/1895736308209_4c43a3a8d10bc2fe5e13_72.png",
            "first_name": "siand",
            "real_name": "siand the LT (she\/her)",
            "display_name": "siand the LT (she\/her)",
            "team": "T01RBRV5F7H",
            "name": "sian.davies",
            "is_restricted": false,
            "is_ultra_restricted": false
        },
        "blocks": [
            {
                "type": "rich_text",
                "block_id": "Obi",
                "elements": [
                    {
                        "type": "rich_text_section",
                        "elements": [
                            {
                                "type": "text",
                                "text": "yes we wont generally have todays video until tomorrow morning from the mechanics at zoom"
                            }
                        ]
                    }
                ]
            }
        ],
        "thread_ts": "1620287432.089800",
        "parent_user_id": "U01RW140HBP"
    },
    {
        "type": "message",
        "text": "copied from “fun”",
        "user": "U01RW140HBP",
        "ts": "1620295321.093600",
        "team": "T01RBRV5F7H",
        "user_team": "T01RBRV5F7H",
        "source_team": "T01RBRV5F7H",
        "user_profile": {
            "avatar_hash": "4c43a3a8d10b",
            "image_72": "https:\/\/avatars.slack-edge.com\/2021-03-21\/1895736308209_4c43a3a8d10bc2fe5e13_72.png",
            "first_name": "siand",
            "real_name": "siand the LT (she\/her)",
            "display_name": "siand the LT (she\/her)",
            "team": "T01RBRV5F7H",
            "name": "sian.davies",
            "is_restricted": false,
            "is_ultra_restricted": false
        },
        "attachments": [
            {
                "fallback": "[May 6th, 2021 11:49 AM] florian.titze: ```def get_inertia(n_clusters):\n    kmeans = KMeans(n_clusters=8, random_state=1234)\n    \n    # train your model here\n    # calculate an inertia\n    reture kmeans.inertia\n    \ncluster_range = range(1,11)\n\ndct = {cluster_number:get_inertia(cluster_number) for cluster_number in cluster_range}```",
                "ts": "1620294549.012800",
                "author_id": "U01SJKB2MG8",
                "author_subname": "Florian Titze",
                "channel_id": "C01RPHG9G69",
                "channel_name": "fun_committee",
                "is_msg_unfurl": true,
                "text": "```def get_inertia(n_clusters):\n    kmeans = KMeans(n_clusters=8, random_state=1234)\n    \n    # train your model here\n    # calculate an inertia\n    reture kmeans.inertia\n    \ncluster_range = range(1,11)\n\ndct = {cluster_number:get_inertia(cluster_number) for cluster_number in cluster_range}```",
                "author_name": "Florian Titze",
                "author_link": "https:\/\/data-ft-ber-03-2021.slack.com\/team\/U01SJKB2MG8",
                "author_icon": "https:\/\/avatars.slack-edge.com\/2021-03-19\/1885033153332_88fa894fdb5366452adf_48.jpg",
                "mrkdwn_in": [
                    "text"
                ],
                "color": "D0D0D0",
                "from_url": "https:\/\/data-ft-ber-03-2021.slack.com\/archives\/C01RPHG9G69\/p1620294549012800",
                "is_share": true,
                "footer": "Posted in #fun_committee"
            }
        ],
        "blocks": [
            {
                "type": "rich_text",
                "block_id": "Fw2ng",
                "elements": [
                    {
                        "type": "rich_text_section",
                        "elements": [
                            {
                                "type": "text",
                                "text": "copied from “fun”"
                            }
                        ]
                    }
                ]
            }
        ],
        "reactions": [
            {
                "name": "joy",
                "users": [
                    "U01SJKB2MG8"
                ],
                "count": 1
            },
            {
                "name": "girl-grin",
                "users": [
                    "U01SJKB2MG8"
                ],
                "count": 1
            },
            {
                "name": "laughing",
                "users": [
                    "U01S133DZ9A"
                ],
                "count": 1
            }
        ]
    },
    {
        "client_msg_id": "d273c008-260d-4c22-8dae-8ff17057809a",
        "type": "message",
        "text": "<!channel>,\nlunch break until *2:15 pm*\n:ramen:\n\nBut afterwards, free lab time. Teaching team will be back around 2:30 pm",
        "user": "U01SJKB2MG8",
        "ts": "1620299874.094900",
        "team": "T01RBRV5F7H",
        "user_team": "T01RBRV5F7H",
        "source_team": "T01RBRV5F7H",
        "user_profile": {
            "avatar_hash": "88fa894fdb53",
            "image_72": "https:\/\/avatars.slack-edge.com\/2021-03-19\/1885033153332_88fa894fdb5366452adf_72.jpg",
            "first_name": "Florian",
            "real_name": "Florian Titze",
            "display_name": "Flo Titze",
            "team": "T01RBRV5F7H",
            "name": "florian.titze",
            "is_restricted": false,
            "is_ultra_restricted": false
        },
        "edited": {
            "user": "U01SJKB2MG8",
            "ts": "1620302995.000000"
        },
        "blocks": [
            {
                "type": "rich_text",
                "block_id": "Xly",
                "elements": [
                    {
                        "type": "rich_text_section",
                        "elements": [
                            {
                                "type": "broadcast",
                                "range": "channel"
                            },
                            {
                                "type": "text",
                                "text": ",\nlunch break until "
                            },
                            {
                                "type": "text",
                                "text": "2:15 pm",
                                "style": {
                                    "bold": true
                                }
                            },
                            {
                                "type": "text",
                                "text": "\n"
                            },
                            {
                                "type": "emoji",
                                "name": "ramen"
                            },
                            {
                                "type": "text",
                                "text": "\n\nBut afterwards, free lab time. Teaching team will be back around 2:30 pm"
                            }
                        ]
                    }
                ]
            }
        ]
    },
    {
        "type": "message",
        "text": "final lecture notebook",
        "files": [
            {
                "id": "F02138AFYV9",
                "created": 1620301334,
                "timestamp": 1620301334,
                "name": "8.6_intro_to_unsupervised_learning_2021_03.ipynb",
                "title": "8.6_intro_to_unsupervised_learning_2021_03.ipynb",
                "mimetype": "application\/octet-stream",
                "filetype": "binary",
                "pretty_type": "Binary",
                "user": "U01SJKB2MG8",
                "editable": false,
                "size": 1085716,
                "mode": "hosted",
                "is_external": false,
                "external_type": "",
                "is_public": true,
                "public_url_shared": false,
                "display_as_bot": false,
                "username": "",
                "url_private": "https:\/\/files.slack.com\/files-pri\/T01RBRV5F7H-F02138AFYV9\/8.6_intro_to_unsupervised_learning_2021_03.ipynb?t=xoxe-1861879185255-2068564688150-2068564727718-519dfbdd8f50e154f7dac1ab76bfc0d2",
                "url_private_download": "https:\/\/files.slack.com\/files-pri\/T01RBRV5F7H-F02138AFYV9\/download\/8.6_intro_to_unsupervised_learning_2021_03.ipynb?t=xoxe-1861879185255-2068564688150-2068564727718-519dfbdd8f50e154f7dac1ab76bfc0d2",
                "permalink": "https:\/\/data-ft-ber-03-2021.slack.com\/files\/U01SJKB2MG8\/F02138AFYV9\/8.6_intro_to_unsupervised_learning_2021_03.ipynb",
                "permalink_public": "https:\/\/slack-files.com\/T01RBRV5F7H-F02138AFYV9-616fed1d77",
                "is_starred": false,
                "has_rich_preview": false
            }
        ],
        "upload": false,
        "blocks": [
            {
                "type": "rich_text",
                "block_id": "LlnK",
                "elements": [
                    {
                        "type": "rich_text_section",
                        "elements": [
                            {
                                "type": "text",
                                "text": "final lecture notebook"
                            }
                        ]
                    }
                ]
            }
        ],
        "user": "U01SJKB2MG8",
        "display_as_bot": false,
        "ts": "1620301341.095200"
    },
    {
        "client_msg_id": "b49dfcb4-602f-4b11-a3da-42d82f47ceed",
        "type": "message",
        "text": "<!channel>,\ngood news! :tada:\nYou have the whole morning tomorrow to work on your projects!\nAfter lunch you can show us what you have achieved!",
        "user": "U01SJKB2MG8",
        "ts": "1620305791.096600",
        "team": "T01RBRV5F7H",
        "user_team": "T01RBRV5F7H",
        "source_team": "T01RBRV5F7H",
        "user_profile": {
            "avatar_hash": "88fa894fdb53",
            "image_72": "https:\/\/avatars.slack-edge.com\/2021-03-19\/1885033153332_88fa894fdb5366452adf_72.jpg",
            "first_name": "Florian",
            "real_name": "Florian Titze",
            "display_name": "Flo Titze",
            "team": "T01RBRV5F7H",
            "name": "florian.titze",
            "is_restricted": false,
            "is_ultra_restricted": false
        },
        "blocks": [
            {
                "type": "rich_text",
                "block_id": "\/gGCo",
                "elements": [
                    {
                        "type": "rich_text_section",
                        "elements": [
                            {
                                "type": "broadcast",
                                "range": "channel"
                            },
                            {
                                "type": "text",
                                "text": ",\ngood news! "
                            },
                            {
                                "type": "emoji",
                                "name": "tada"
                            },
                            {
                                "type": "text",
                                "text": "\nYou have the whole morning tomorrow to work on your projects!\nAfter lunch you can show us what you have achieved!"
                            }
                        ]
                    }
                ]
            }
        ],
        "reactions": [
            {
                "name": "giphy",
                "users": [
                    "U01RW2X7S9Z",
                    "U01RSRE0N3D",
                    "U01S081EULS"
                ],
                "count": 3
            },
            {
                "name": "clap",
                "users": [
                    "U01S79YDELR"
                ],
                "count": 1
            }
        ]
    },
    {
        "client_msg_id": "069613e2-39b5-4d48-a360-764c653a2477",
        "type": "message",
        "text": "remember YOGA with robert at 4 today",
        "user": "U01RW140HBP",
        "ts": "1620305988.097400",
        "team": "T01RBRV5F7H",
        "user_team": "T01RBRV5F7H",
        "source_team": "T01RBRV5F7H",
        "user_profile": {
            "avatar_hash": "4c43a3a8d10b",
            "image_72": "https:\/\/avatars.slack-edge.com\/2021-03-21\/1895736308209_4c43a3a8d10bc2fe5e13_72.png",
            "first_name": "siand",
            "real_name": "siand the LT (she\/her)",
            "display_name": "siand the LT (she\/her)",
            "team": "T01RBRV5F7H",
            "name": "sian.davies",
            "is_restricted": false,
            "is_ultra_restricted": false
        },
        "blocks": [
            {
                "type": "rich_text",
                "block_id": "nHoY5",
                "elements": [
                    {
                        "type": "rich_text_section",
                        "elements": [
                            {
                                "type": "text",
                                "text": "remember YOGA with robert at 4 today"
                            }
                        ]
                    }
                ]
            }
        ]
    },
    {
        "client_msg_id": "006b1578-acab-4b84-9f14-1264a38f3c1e",
        "type": "message",
        "text": "Yoga party day!!!",
        "user": "U01RUTP1ZQB",
        "ts": "1620306006.098000",
        "team": "T01RBRV5F7H",
        "user_team": "T01RBRV5F7H",
        "source_team": "T01RBRV5F7H",
        "user_profile": {
            "avatar_hash": "36a33ae8e1df",
            "image_72": "https:\/\/avatars.slack-edge.com\/2021-03-19\/1878730954818_36a33ae8e1df8718c064_72.png",
            "first_name": "",
            "real_name": "Jonas Tonndorff",
            "display_name": "Jonas Tonndorff",
            "team": "T01RBRV5F7H",
            "name": "jonas.tonndorff",
            "is_restricted": false,
            "is_ultra_restricted": false
        },
        "blocks": [
            {
                "type": "rich_text",
                "block_id": "dE5",
                "elements": [
                    {
                        "type": "rich_text_section",
                        "elements": [
                            {
                                "type": "text",
                                "text": "Yoga party day!!!"
                            }
                        ]
                    }
                ]
            }
        ]
    },
    {
        "client_msg_id": "1a26b018-a233-482d-b3cc-c06ee8aef604",
        "type": "message",
        "text": "<@U01RW140HBP> will you be available in a breakout room maybe after yoga? :innocent:",
        "user": "U01S7KCL3DF",
        "ts": "1620309154.098600",
        "team": "T01RBRV5F7H",
        "user_team": "T01RBRV5F7H",
        "source_team": "T01RBRV5F7H",
        "user_profile": {
            "avatar_hash": "17b52091bb62",
            "image_72": "https:\/\/avatars.slack-edge.com\/2021-03-19\/1875964347925_17b52091bb62c2340b4c_72.png",
            "first_name": "Sam",
            "real_name": "Sam Katterfield",
            "display_name": "Sam",
            "team": "T01RBRV5F7H",
            "name": "samkatterfield",
            "is_restricted": false,
            "is_ultra_restricted": false
        },
        "blocks": [
            {
                "type": "rich_text",
                "block_id": "GMk0",
                "elements": [
                    {
                        "type": "rich_text_section",
                        "elements": [
                            {
                                "type": "user",
                                "user_id": "U01RW140HBP"
                            },
                            {
                                "type": "text",
                                "text": " will you be available in a breakout room maybe after yoga? "
                            },
                            {
                                "type": "emoji",
                                "name": "innocent"
                            }
                        ]
                    }
                ]
            }
        ],
        "thread_ts": "1620287432.089800",
        "parent_user_id": "U01RW140HBP"
    },
    {
        "client_msg_id": "f62eef04-8916-4433-8a17-941d725c6b02",
        "type": "message",
        "text": "yes",
        "user": "U01RW140HBP",
        "ts": "1620309173.098800",
        "team": "T01RBRV5F7H",
        "user_team": "T01RBRV5F7H",
        "source_team": "T01RBRV5F7H",
        "user_profile": {
            "avatar_hash": "4c43a3a8d10b",
            "image_72": "https:\/\/avatars.slack-edge.com\/2021-03-21\/1895736308209_4c43a3a8d10bc2fe5e13_72.png",
            "first_name": "siand",
            "real_name": "siand the LT (she\/her)",
            "display_name": "siand the LT (she\/her)",
            "team": "T01RBRV5F7H",
            "name": "sian.davies",
            "is_restricted": false,
            "is_ultra_restricted": false
        },
        "blocks": [
            {
                "type": "rich_text",
                "block_id": "F78F",
                "elements": [
                    {
                        "type": "rich_text_section",
                        "elements": [
                            {
                                "type": "text",
                                "text": "yes"
                            }
                        ]
                    }
                ]
            }
        ],
        "thread_ts": "1620287432.089800",
        "parent_user_id": "U01RW140HBP",
        "reactions": [
            {
                "name": "+1",
                "users": [
                    "U01S7KCL3DF"
                ],
                "count": 1
            }
        ]
    },
    {
        "type": "message",
        "text": "",
        "user": "U01RW140HBP",
        "ts": "1620314471.099400",
        "team": "T01RBRV5F7H",
        "user_team": "T01RBRV5F7H",
        "source_team": "T01RBRV5F7H",
        "user_profile": {
            "avatar_hash": "4c43a3a8d10b",
            "image_72": "https:\/\/avatars.slack-edge.com\/2021-03-21\/1895736308209_4c43a3a8d10bc2fe5e13_72.png",
            "first_name": "siand",
            "real_name": "siand the LT (she\/her)",
            "display_name": "siand the LT (she\/her)",
            "team": "T01RBRV5F7H",
            "name": "sian.davies",
            "is_restricted": false,
            "is_ultra_restricted": false
        },
        "attachments": [
            {
                "fallback": "[May 5th, 2021 3:44 PM] florian.titze: <!channel>,\n607 playlist IDs in case you need some. Just import it into df....",
                "ts": "1620222290.014800",
                "author_id": "U01SJKB2MG8",
                "author_subname": "Florian Titze",
                "channel_id": "C01RYQKD2GL",
                "channel_name": "data_resources",
                "is_msg_unfurl": true,
                "text": "<!channel>,\n607 playlist IDs in case you need some. Just import it into df....",
                "author_name": "Florian Titze",
                "author_link": "https:\/\/data-ft-ber-03-2021.slack.com\/team\/U01SJKB2MG8",
                "author_icon": "https:\/\/avatars.slack-edge.com\/2021-03-19\/1885033153332_88fa894fdb5366452adf_48.jpg",
                "mrkdwn_in": [
                    "text"
                ],
                "files": [
                    {
                        "id": "F020J4B8SHM",
                        "created": 1620222287,
                        "timestamp": 1620222287,
                        "name": "607ids.csv",
                        "title": "607ids.csv",
                        "mimetype": "text\/csv",
                        "filetype": "csv",
                        "pretty_type": "CSV",
                        "user": "U01SJKB2MG8",
                        "editable": true,
                        "size": 16289,
                        "mode": "snippet",
                        "is_external": false,
                        "external_type": "",
                        "is_public": true,
                        "public_url_shared": false,
                        "display_as_bot": false,
                        "username": "",
                        "url_private": "https:\/\/files.slack.com\/files-pri\/T01RBRV5F7H-F020J4B8SHM\/607ids.csv",
                        "url_private_download": "https:\/\/files.slack.com\/files-pri\/T01RBRV5F7H-F020J4B8SHM\/download\/607ids.csv",
                        "permalink": "https:\/\/data-ft-ber-03-2021.slack.com\/files\/U01SJKB2MG8\/F020J4B8SHM\/607ids.csv",
                        "permalink_public": "https:\/\/slack-files.com\/T01RBRV5F7H-F020J4B8SHM-c6ef445471",
                        "edit_link": "https:\/\/data-ft-ber-03-2021.slack.com\/files\/U01SJKB2MG8\/F020J4B8SHM\/607ids.csv\/edit",
                        "preview": ",playlist\n0,37i9dQZF1DWUFmyho2wkQU\n1,37i9dQZF1DZ06evO1Xa1Op\n2,37i9dQZF1DXcbGhAooTSJy\n3,37i9dQZF1DWZMWLrh2UzwC",
                        "preview_highlight": "<div class=\"CodeMirror cm-s-default CodeMirrorServer\" oncopy=\"if(event.clipboardData){event.clipboardData.setData('text\/plain',window.getSelection().toString().replace(\/\\u200b\/g,''));event.preventDefault();event.stopPropagation();}\">\n<div class=\"CodeMirror-code\">\n<div><pre>,playlist<\/pre><\/div>\n<div><pre>0,37i9dQZF1DWUFmyho2wkQU<\/pre><\/div>\n<div><pre>1,37i9dQZF1DZ06evO1Xa1Op<\/pre><\/div>\n<div><pre>2,37i9dQZF1DXcbGhAooTSJy<\/pre><\/div>\n<div><pre>3,37i9dQZF1DWZMWLrh2UzwC<\/pre><\/div>\n<\/div>\n<\/div>\n",
                        "lines": 609,
                        "lines_more": 604,
                        "preview_is_truncated": true,
                        "is_starred": false,
                        "has_rich_preview": false
                    }
                ],
                "color": "D0D0D0",
                "from_url": "https:\/\/data-ft-ber-03-2021.slack.com\/archives\/C01RYQKD2GL\/p1620222290014800",
                "is_share": true,
                "footer": "Posted in #data_resources"
            }
        ],
        "thread_ts": "1620314471.099400",
        "reply_count": 7,
        "reply_users_count": 3,
        "latest_reply": "1620374399.004000",
        "reply_users": [
            "U01RW140HBP",
            "U01S7BM4N81",
            "U01SJKB2MG8"
        ],
        "replies": [
            {
                "user": "U01RW140HBP",
                "ts": "1620316816.099700"
            },
            {
                "user": "U01S7BM4N81",
                "ts": "1620370535.000900"
            },
            {
                "user": "U01RW140HBP",
                "ts": "1620370963.002300"
            },
            {
                "user": "U01SJKB2MG8",
                "ts": "1620373113.003400"
            },
            {
                "user": "U01RW140HBP",
                "ts": "1620373201.003600"
            },
            {
                "user": "U01SJKB2MG8",
                "ts": "1620373214.003800"
            },
            {
                "user": "U01RW140HBP",
                "ts": "1620374399.004000"
            }
        ],
        "is_locked": false,
        "subscribed": false,
        "reactions": [
            {
                "name": "raised_hands",
                "users": [
                    "U01S0MFJ3HR",
                    "U01S7KCL3DF"
                ],
                "count": 2
            }
        ]
    },
    {
        "client_msg_id": "46305a0d-660f-405e-8b0e-0c92b259c18d",
        "type": "message",
        "text": "<@U01SJKB2MG8> dont we also need the playlist owner for this to work ? :confused:",
        "user": "U01RW140HBP",
        "ts": "1620316816.099700",
        "team": "T01RBRV5F7H",
        "user_team": "T01RBRV5F7H",
        "source_team": "T01RBRV5F7H",
        "user_profile": {
            "avatar_hash": "4c43a3a8d10b",
            "image_72": "https:\/\/avatars.slack-edge.com\/2021-03-21\/1895736308209_4c43a3a8d10bc2fe5e13_72.png",
            "first_name": "siand",
            "real_name": "siand the LT (she\/her)",
            "display_name": "siand the LT (she\/her)",
            "team": "T01RBRV5F7H",
            "name": "sian.davies",
            "is_restricted": false,
            "is_ultra_restricted": false
        },
        "blocks": [
            {
                "type": "rich_text",
                "block_id": "doUj",
                "elements": [
                    {
                        "type": "rich_text_section",
                        "elements": [
                            {
                                "type": "user",
                                "user_id": "U01SJKB2MG8"
                            },
                            {
                                "type": "text",
                                "text": " dont we also need the playlist owner for this to work ? "
                            },
                            {
                                "type": "emoji",
                                "name": "confused"
                            }
                        ]
                    }
                ]
            }
        ],
        "thread_ts": "1620314471.099400",
        "parent_user_id": "U01RW140HBP"
    },
    {
        "client_msg_id": "423df8d8-5d38-4c9a-901a-265dd9b3f8cc",
        "type": "message",
        "text": "They’re all made by “spotify” user :slightly_smiling_face:",
        "user": "U01S7BM4N81",
        "ts": "1620370535.000900",
        "team": "T01RBRV5F7H",
        "user_team": "T01RBRV5F7H",
        "source_team": "T01RBRV5F7H",
        "user_profile": {
            "avatar_hash": "2adfc641e87e",
            "image_72": "https:\/\/avatars.slack-edge.com\/2021-04-16\/1994438084416_2adfc641e87e3a953d9c_72.png",
            "first_name": "Thamo",
            "real_name": "Thamo",
            "display_name": "Thamo",
            "team": "T01RBRV5F7H",
            "name": "thamokoeper",
            "is_restricted": false,
            "is_ultra_restricted": false
        },
        "edited": {
            "user": "U01S7BM4N81",
            "ts": "1620370559.000000"
        },
        "blocks": [
            {
                "type": "rich_text",
                "block_id": "eZDW",
                "elements": [
                    {
                        "type": "rich_text_section",
                        "elements": [
                            {
                                "type": "text",
                                "text": "They’re all made by “spotify” user "
                            },
                            {
                                "type": "emoji",
                                "name": "slightly_smiling_face"
                            }
                        ]
                    }
                ]
            }
        ],
        "thread_ts": "1620314471.099400",
        "parent_user_id": "U01RW140HBP"
    }
]