[
    {
        "client_msg_id": "decb0a98-8cec-481a-8055-9f8b4f723127",
        "type": "message",
        "text": "would be great to hear a bit about different use cases for machine learning for banks… fraud detection etc.",
        "user": "U01S6LCPM0C",
        "ts": "1618470275.008200",
        "team": "T01RBRV5F7H",
        "user_team": "T01RBRV5F7H",
        "source_team": "T01RBRV5F7H",
        "user_profile": {
            "avatar_hash": "gef13325ef15",
            "image_72": "https:\/\/secure.gravatar.com\/avatar\/ef13325ef1599f9a41dadef061142601.jpg?s=72&d=https%3A%2F%2Fa.slack-edge.com%2Fdf10d%2Fimg%2Favatars%2Fava_0005-72.png",
            "first_name": "",
            "real_name": "Jerrit Steinebach",
            "display_name": "Jerrit Steinebach",
            "team": "T01RBRV5F7H",
            "name": "jerrit.steinebach",
            "is_restricted": false,
            "is_ultra_restricted": false
        },
        "blocks": [
            {
                "type": "rich_text",
                "block_id": "FLaQ",
                "elements": [
                    {
                        "type": "rich_text_section",
                        "elements": [
                            {
                                "type": "text",
                                "text": "would be great to hear a bit about different use cases for machine learning for banks… fraud detection etc."
                            }
                        ]
                    }
                ]
            }
        ],
        "thread_ts": "1618386009.000400",
        "parent_user_id": "U01RW140HBP"
    },
    {
        "client_msg_id": "6368367a-52dd-4fc0-aa5f-50f6d64fb4b6",
        "type": "message",
        "text": "What steps would he recommend to shift towards a more developer side of data, as data architect\/engineer?",
        "user": "U01RW2X7S9Z",
        "ts": "1618473342.008400",
        "team": "T01RBRV5F7H",
        "user_team": "T01RBRV5F7H",
        "source_team": "T01RBRV5F7H",
        "user_profile": {
            "avatar_hash": "7e12d75d168a",
            "image_72": "https:\/\/avatars.slack-edge.com\/2021-03-19\/1880105796643_7e12d75d168ae25c167d_72.jpg",
            "first_name": "Alexandre",
            "real_name": "Alexandre Sommerkamp",
            "display_name": "Alexandre Sommerkamp",
            "team": "T01RBRV5F7H",
            "name": "alex.c.skp",
            "is_restricted": false,
            "is_ultra_restricted": false
        },
        "blocks": [
            {
                "type": "rich_text",
                "block_id": "XMcXV",
                "elements": [
                    {
                        "type": "rich_text_section",
                        "elements": [
                            {
                                "type": "text",
                                "text": "What steps would he recommend to shift towards a more developer side of data, as data architect\/engineer?"
                            }
                        ]
                    }
                ]
            }
        ],
        "thread_ts": "1618386009.000400",
        "parent_user_id": "U01RW140HBP"
    },
    {
        "type": "message",
        "text": "for what its worth : my miro scribbles on the metrics",
        "files": [
            {
                "id": "F01V38M6YGY",
                "created": 1618474414,
                "timestamp": 1618474414,
                "name": "image.png",
                "title": "image.png",
                "mimetype": "image\/png",
                "filetype": "png",
                "pretty_type": "PNG",
                "user": "U01RW140HBP",
                "editable": false,
                "size": 286189,
                "mode": "hosted",
                "is_external": false,
                "external_type": "",
                "is_public": true,
                "public_url_shared": false,
                "display_as_bot": false,
                "username": "",
                "url_private": "https:\/\/files.slack.com\/files-pri\/T01RBRV5F7H-F01V38M6YGY\/image.png?t=xoxe-1861879185255-2068564688150-2068564727718-519dfbdd8f50e154f7dac1ab76bfc0d2",
                "url_private_download": "https:\/\/files.slack.com\/files-pri\/T01RBRV5F7H-F01V38M6YGY\/download\/image.png?t=xoxe-1861879185255-2068564688150-2068564727718-519dfbdd8f50e154f7dac1ab76bfc0d2",
                "thumb_64": "https:\/\/files.slack.com\/files-tmb\/T01RBRV5F7H-F01V38M6YGY-5813c4a2e6\/image_64.png?t=xoxe-1861879185255-2068564688150-2068564727718-519dfbdd8f50e154f7dac1ab76bfc0d2",
                "thumb_80": "https:\/\/files.slack.com\/files-tmb\/T01RBRV5F7H-F01V38M6YGY-5813c4a2e6\/image_80.png?t=xoxe-1861879185255-2068564688150-2068564727718-519dfbdd8f50e154f7dac1ab76bfc0d2",
                "thumb_360": "https:\/\/files.slack.com\/files-tmb\/T01RBRV5F7H-F01V38M6YGY-5813c4a2e6\/image_360.png?t=xoxe-1861879185255-2068564688150-2068564727718-519dfbdd8f50e154f7dac1ab76bfc0d2",
                "thumb_360_w": 360,
                "thumb_360_h": 181,
                "thumb_480": "https:\/\/files.slack.com\/files-tmb\/T01RBRV5F7H-F01V38M6YGY-5813c4a2e6\/image_480.png?t=xoxe-1861879185255-2068564688150-2068564727718-519dfbdd8f50e154f7dac1ab76bfc0d2",
                "thumb_480_w": 480,
                "thumb_480_h": 242,
                "thumb_160": "https:\/\/files.slack.com\/files-tmb\/T01RBRV5F7H-F01V38M6YGY-5813c4a2e6\/image_160.png?t=xoxe-1861879185255-2068564688150-2068564727718-519dfbdd8f50e154f7dac1ab76bfc0d2",
                "thumb_720": "https:\/\/files.slack.com\/files-tmb\/T01RBRV5F7H-F01V38M6YGY-5813c4a2e6\/image_720.png?t=xoxe-1861879185255-2068564688150-2068564727718-519dfbdd8f50e154f7dac1ab76bfc0d2",
                "thumb_720_w": 720,
                "thumb_720_h": 363,
                "thumb_800": "https:\/\/files.slack.com\/files-tmb\/T01RBRV5F7H-F01V38M6YGY-5813c4a2e6\/image_800.png?t=xoxe-1861879185255-2068564688150-2068564727718-519dfbdd8f50e154f7dac1ab76bfc0d2",
                "thumb_800_w": 800,
                "thumb_800_h": 403,
                "thumb_960": "https:\/\/files.slack.com\/files-tmb\/T01RBRV5F7H-F01V38M6YGY-5813c4a2e6\/image_960.png?t=xoxe-1861879185255-2068564688150-2068564727718-519dfbdd8f50e154f7dac1ab76bfc0d2",
                "thumb_960_w": 960,
                "thumb_960_h": 484,
                "thumb_1024": "https:\/\/files.slack.com\/files-tmb\/T01RBRV5F7H-F01V38M6YGY-5813c4a2e6\/image_1024.png?t=xoxe-1861879185255-2068564688150-2068564727718-519dfbdd8f50e154f7dac1ab76bfc0d2",
                "thumb_1024_w": 1024,
                "thumb_1024_h": 516,
                "original_w": 1601,
                "original_h": 807,
                "thumb_tiny": "AwAYADC+TzSg5oxz1oAoAU9KT3pTSDBHFABRRRQAZA7ik3AdMUx\/vN+FIOtAEm4Y6gUZA7ioz0oPWgCXBpaKBQB\/\/9k=",
                "permalink": "https:\/\/data-ft-ber-03-2021.slack.com\/files\/U01RW140HBP\/F01V38M6YGY\/image.png",
                "permalink_public": "https:\/\/slack-files.com\/T01RBRV5F7H-F01V38M6YGY-e09ea3420c",
                "is_starred": false,
                "has_rich_preview": false
            }
        ],
        "upload": false,
        "blocks": [
            {
                "type": "rich_text",
                "block_id": "fVV",
                "elements": [
                    {
                        "type": "rich_text_section",
                        "elements": [
                            {
                                "type": "text",
                                "text": "for what its worth : my miro scribbles on the metrics"
                            }
                        ]
                    }
                ]
            }
        ],
        "user": "U01RW140HBP",
        "display_as_bot": false,
        "ts": "1618474417.008800",
        "reactions": [
            {
                "name": "+1",
                "users": [
                    "U01S7KCL3DF"
                ],
                "count": 1
            }
        ]
    },
    {
        "client_msg_id": "cc1e26a4-61b0-4d3e-b0b7-80e027005586",
        "type": "message",
        "text": "Thanks Sian. Beautiful morning to you",
        "user": "U01RV3K524T",
        "ts": "1618474488.008900",
        "team": "T01RBRV5F7H",
        "user_team": "T01RBRV5F7H",
        "source_team": "T01RBRV5F7H",
        "user_profile": {
            "avatar_hash": "96eac43da464",
            "image_72": "https:\/\/avatars.slack-edge.com\/2021-03-19\/1875837396901_96eac43da4641e00e5fe_72.jpg",
            "first_name": "Olubunmi",
            "real_name": "Olubunmi Haastrup",
            "display_name": "",
            "team": "T01RBRV5F7H",
            "name": "habimcrown",
            "is_restricted": false,
            "is_ultra_restricted": false
        },
        "blocks": [
            {
                "type": "rich_text",
                "block_id": "SQASN",
                "elements": [
                    {
                        "type": "rich_text_section",
                        "elements": [
                            {
                                "type": "text",
                                "text": "Thanks Sian. Beautiful morning to you"
                            }
                        ]
                    }
                ]
            }
        ]
    },
    {
        "type": "message",
        "text": "",
        "files": [
            {
                "id": "F01UDMBLKDZ",
                "created": 1618474846,
                "timestamp": 1618474846,
                "name": "unit4_partially_processed.csv",
                "title": "unit4_partially_processed.csv",
                "mimetype": "text\/csv",
                "filetype": "csv",
                "pretty_type": "CSV",
                "user": "U01RW140HBP",
                "editable": false,
                "size": 9250059,
                "mode": "hosted",
                "is_external": false,
                "external_type": "",
                "is_public": true,
                "public_url_shared": false,
                "display_as_bot": false,
                "username": "",
                "url_private": "https:\/\/files.slack.com\/files-pri\/T01RBRV5F7H-F01UDMBLKDZ\/unit4_partially_processed.csv?t=xoxe-1861879185255-2068564688150-2068564727718-519dfbdd8f50e154f7dac1ab76bfc0d2",
                "url_private_download": "https:\/\/files.slack.com\/files-pri\/T01RBRV5F7H-F01UDMBLKDZ\/download\/unit4_partially_processed.csv?t=xoxe-1861879185255-2068564688150-2068564727718-519dfbdd8f50e154f7dac1ab76bfc0d2",
                "permalink": "https:\/\/data-ft-ber-03-2021.slack.com\/files\/U01RW140HBP\/F01UDMBLKDZ\/unit4_partially_processed.csv",
                "permalink_public": "https:\/\/slack-files.com\/T01RBRV5F7H-F01UDMBLKDZ-f22772f2d3",
                "is_starred": false,
                "has_rich_preview": false
            }
        ],
        "upload": false,
        "user": "U01RW140HBP",
        "display_as_bot": false,
        "ts": "1618474852.009000",
        "thread_ts": "1618474852.009000",
        "reply_count": 1,
        "reply_users_count": 1,
        "latest_reply": "1618475022.009200",
        "reply_users": [
            "U01RXCQHMHT"
        ],
        "replies": [
            {
                "user": "U01RXCQHMHT",
                "ts": "1618475022.009200"
            }
        ],
        "is_locked": false,
        "subscribed": false
    },
    {
        "client_msg_id": "a9f854b6-9d60-4671-867b-ec4f48f2be6f",
        "type": "message",
        "text": "<@U01RS9Y6UJH> here it is",
        "user": "U01RXCQHMHT",
        "ts": "1618475022.009200",
        "team": "T01RBRV5F7H",
        "user_team": "T01RBRV5F7H",
        "source_team": "T01RBRV5F7H",
        "user_profile": {
            "avatar_hash": "7290c61c38a0",
            "image_72": "https:\/\/avatars.slack-edge.com\/2021-03-22\/1898002028225_7290c61c38a01ad66680_72.jpg",
            "first_name": "Thanh",
            "real_name": "Thanh Tung Ha Thuc DAFT Berlin March 2021",
            "display_name": "Tony Ha",
            "team": "T01RBRV5F7H",
            "name": "tony.hathuc",
            "is_restricted": false,
            "is_ultra_restricted": false
        },
        "blocks": [
            {
                "type": "rich_text",
                "block_id": "AIxwC",
                "elements": [
                    {
                        "type": "rich_text_section",
                        "elements": [
                            {
                                "type": "user",
                                "user_id": "U01RS9Y6UJH"
                            },
                            {
                                "type": "text",
                                "text": " here it is"
                            }
                        ]
                    }
                ]
            }
        ],
        "thread_ts": "1618474852.009000",
        "parent_user_id": "U01RW140HBP"
    },
    {
        "client_msg_id": "cad11a3e-e2fd-4e6b-ba6c-7a58542ed49c",
        "type": "message",
        "text": "today I am feeling more than ready for some chair yoga - who is with me on that ?? :zzz:",
        "user": "U01RW140HBP",
        "ts": "1618492074.011100",
        "team": "T01RBRV5F7H",
        "user_team": "T01RBRV5F7H",
        "source_team": "T01RBRV5F7H",
        "user_profile": {
            "avatar_hash": "4c43a3a8d10b",
            "image_72": "https:\/\/avatars.slack-edge.com\/2021-03-21\/1895736308209_4c43a3a8d10bc2fe5e13_72.png",
            "first_name": "siand",
            "real_name": "siand the LT (she\/her)",
            "display_name": "siand the LT (she\/her)",
            "team": "T01RBRV5F7H",
            "name": "sian.davies",
            "is_restricted": false,
            "is_ultra_restricted": false
        },
        "blocks": [
            {
                "type": "rich_text",
                "block_id": "NHV",
                "elements": [
                    {
                        "type": "rich_text_section",
                        "elements": [
                            {
                                "type": "text",
                                "text": "today I am feeling more than ready for some chair yoga - who is with me on that ?? "
                            },
                            {
                                "type": "emoji",
                                "name": "zzz"
                            }
                        ]
                    }
                ]
            }
        ],
        "reactions": [
            {
                "name": "zzz",
                "users": [
                    "U01RSRE0N3D"
                ],
                "count": 1
            }
        ]
    },
    {
        "bot_id": "B01S7FSR36Y",
        "type": "message",
        "text": "yoga",
        "user": "U01RW2X7S9Z",
        "ts": "1618492096.011300",
        "team": "T01RBRV5F7H",
        "bot_profile": {
            "id": "B01S7FSR36Y",
            "deleted": false,
            "name": "giphy",
            "updated": 1616421896,
            "app_id": "A0F827J2C",
            "icons": {
                "image_36": "https:\/\/a.slack-edge.com\/dc483\/img\/plugins\/giphy\/service_72.png",
                "image_48": "https:\/\/a.slack-edge.com\/dc483\/img\/plugins\/giphy\/service_48.png",
                "image_72": "https:\/\/a.slack-edge.com\/dc483\/img\/plugins\/giphy\/service_72.png"
            },
            "team_id": "T01RBRV5F7H"
        },
        "blocks": [
            {
                "type": "image",
                "block_id": "mkn3",
                "image_url": "https:\/\/media1.giphy.com\/media\/xUPGcyi4YxcZp8dWZq\/giphy.gif?cid=6104955ee8b3254c8d5234c9a705be996506ece5620784d2&rid=giphy.gif&ct=g",
                "alt_text": "yoga",
                "title": {
                    "type": "plain_text",
                    "text": "yoga",
                    "emoji": true
                },
                "fallback": "400x250px image",
                "image_width": 400,
                "image_height": 250,
                "image_bytes": 1724335,
                "is_animated": true
            },
            {
                "type": "context",
                "block_id": "bTb",
                "elements": [
                    {
                        "type": "image",
                        "image_url": "https:\/\/a.slack-edge.com\/dc483\/img\/plugins\/giphy\/service_32.png",
                        "alt_text": "giphy logo"
                    },
                    {
                        "type": "mrkdwn",
                        "text": "Posted using \/giphy | GIF by <https:\/\/giphy.com\/makespace\/|MakeSpace>",
                        "verbatim": false
                    }
                ]
            }
        ],
        "thread_ts": "1618492096.011300",
        "reply_count": 4,
        "reply_users_count": 3,
        "latest_reply": "1618667762.022700",
        "reply_users": [
            "U01S7KCL3DF",
            "U01RW2X7S9Z",
            "U01RRV4JX6Z"
        ],
        "replies": [
            {
                "user": "U01S7KCL3DF",
                "ts": "1618492376.011700"
            },
            {
                "user": "U01RW2X7S9Z",
                "ts": "1618492627.011900"
            },
            {
                "user": "U01RW2X7S9Z",
                "ts": "1618492643.012100"
            },
            {
                "user": "U01RRV4JX6Z",
                "ts": "1618667762.022700"
            }
        ],
        "is_locked": false,
        "subscribed": false,
        "reactions": [
            {
                "name": "rolling_on_the_floor_laughing",
                "users": [
                    "U01RW140HBP",
                    "U01RSRE0N3D",
                    "U01S79YDELR",
                    "U01S0MFJ3HR"
                ],
                "count": 4
            }
        ]
    },
    {
        "client_msg_id": "ca0ac400-f53e-4fc7-abc3-06b2953c7926",
        "type": "message",
        "text": "you trained your cat in that yet?",
        "user": "U01S7KCL3DF",
        "ts": "1618492376.011700",
        "team": "T01RBRV5F7H",
        "user_team": "T01RBRV5F7H",
        "source_team": "T01RBRV5F7H",
        "user_profile": {
            "avatar_hash": "17b52091bb62",
            "image_72": "https:\/\/avatars.slack-edge.com\/2021-03-19\/1875964347925_17b52091bb62c2340b4c_72.png",
            "first_name": "Sam",
            "real_name": "Sam Katterfield",
            "display_name": "Sam",
            "team": "T01RBRV5F7H",
            "name": "samkatterfield",
            "is_restricted": false,
            "is_ultra_restricted": false
        },
        "blocks": [
            {
                "type": "rich_text",
                "block_id": "fCU=P",
                "elements": [
                    {
                        "type": "rich_text_section",
                        "elements": [
                            {
                                "type": "text",
                                "text": "you trained your cat in that yet?"
                            }
                        ]
                    }
                ]
            }
        ],
        "thread_ts": "1618492096.011300",
        "parent_user_id": "U01RW2X7S9Z"
    },
    {
        "client_msg_id": "c2932cf8-a908-418e-ae5e-8697f713c2bc",
        "type": "message",
        "text": "not yet, but he gives the hand, high fives, and plays catch",
        "user": "U01RW2X7S9Z",
        "ts": "1618492627.011900",
        "team": "T01RBRV5F7H",
        "user_team": "T01RBRV5F7H",
        "source_team": "T01RBRV5F7H",
        "user_profile": {
            "avatar_hash": "7e12d75d168a",
            "image_72": "https:\/\/avatars.slack-edge.com\/2021-03-19\/1880105796643_7e12d75d168ae25c167d_72.jpg",
            "first_name": "Alexandre",
            "real_name": "Alexandre Sommerkamp",
            "display_name": "Alexandre Sommerkamp",
            "team": "T01RBRV5F7H",
            "name": "alex.c.skp",
            "is_restricted": false,
            "is_ultra_restricted": false
        },
        "blocks": [
            {
                "type": "rich_text",
                "block_id": "Oy+h",
                "elements": [
                    {
                        "type": "rich_text_section",
                        "elements": [
                            {
                                "type": "text",
                                "text": "not yet, but he gives the hand, high fives, and plays catch"
                            }
                        ]
                    }
                ]
            }
        ],
        "thread_ts": "1618492096.011300",
        "parent_user_id": "U01RW2X7S9Z"
    },
    {
        "client_msg_id": "f1fbbcfa-094a-4772-9f9a-4a106fdbdf59",
        "type": "message",
        "text": "he goes great lengths for snacks",
        "user": "U01RW2X7S9Z",
        "ts": "1618492643.012100",
        "team": "T01RBRV5F7H",
        "user_team": "T01RBRV5F7H",
        "source_team": "T01RBRV5F7H",
        "user_profile": {
            "avatar_hash": "7e12d75d168a",
            "image_72": "https:\/\/avatars.slack-edge.com\/2021-03-19\/1880105796643_7e12d75d168ae25c167d_72.jpg",
            "first_name": "Alexandre",
            "real_name": "Alexandre Sommerkamp",
            "display_name": "Alexandre Sommerkamp",
            "team": "T01RBRV5F7H",
            "name": "alex.c.skp",
            "is_restricted": false,
            "is_ultra_restricted": false
        },
        "blocks": [
            {
                "type": "rich_text",
                "block_id": "0J22",
                "elements": [
                    {
                        "type": "rich_text_section",
                        "elements": [
                            {
                                "type": "text",
                                "text": "he goes great lengths for snacks"
                            }
                        ]
                    }
                ]
            }
        ],
        "thread_ts": "1618492096.011300",
        "parent_user_id": "U01RW2X7S9Z"
    },
    {
        "client_msg_id": "c174ce1d-8889-46c8-9255-e981e9130db4",
        "type": "message",
        "text": "<!channel>,\nthere was demand for solutions for the `Lab | Imbalanced Data` from Tuesday (you know, Customer Churn, SMOTE &amp; TomekLinks). I've reworked the solutions (which originally didn't work for some of you). Have them here\n<https:\/\/github.com\/student-IH-labs-and-stuff\/BER-DAFT-MAR21\/blob\/main\/Solutions\/unit4\/day2\/lab_imbalanced_data_solutions.ipynb>",
        "user": "U01SJKB2MG8",
        "ts": "1618492803.013600",
        "team": "T01RBRV5F7H",
        "user_team": "T01RBRV5F7H",
        "source_team": "T01RBRV5F7H",
        "user_profile": {
            "avatar_hash": "88fa894fdb53",
            "image_72": "https:\/\/avatars.slack-edge.com\/2021-03-19\/1885033153332_88fa894fdb5366452adf_72.jpg",
            "first_name": "Florian",
            "real_name": "Florian Titze",
            "display_name": "Flo Titze",
            "team": "T01RBRV5F7H",
            "name": "florian.titze",
            "is_restricted": false,
            "is_ultra_restricted": false
        },
        "edited": {
            "user": "U01SJKB2MG8",
            "ts": "1618492862.000000"
        },
        "blocks": [
            {
                "type": "rich_text",
                "block_id": "uKuZ",
                "elements": [
                    {
                        "type": "rich_text_section",
                        "elements": [
                            {
                                "type": "broadcast",
                                "range": "channel"
                            },
                            {
                                "type": "text",
                                "text": ",\nthere was demand for solutions for the "
                            },
                            {
                                "type": "text",
                                "text": "Lab | Imbalanced Data",
                                "style": {
                                    "code": true
                                }
                            },
                            {
                                "type": "text",
                                "text": " from Tuesday (you know, Customer Churn, SMOTE & TomekLinks). I've reworked the solutions (which originally didn't work for some of you). Have them here\n"
                            },
                            {
                                "type": "link",
                                "url": "https:\/\/github.com\/student-IH-labs-and-stuff\/BER-DAFT-MAR21\/blob\/main\/Solutions\/unit4\/day2\/lab_imbalanced_data_solutions.ipynb"
                            }
                        ]
                    }
                ]
            }
        ],
        "reactions": [
            {
                "name": "raised_hands",
                "users": [
                    "U01S7BM4N81",
                    "U01RW2X7S9Z",
                    "U01RW140HBP",
                    "U01S0MFJ3HR"
                ],
                "count": 4
            },
            {
                "name": "+1",
                "users": [
                    "U01RN7BVD1C"
                ],
                "count": 1
            }
        ]
    }
]