[
    {
        "client_msg_id": "2e363491-113f-42d7-9530-59286d945256",
        "type": "message",
        "text": "as long we’re all in some polyamorous relationship I think we’re above board",
        "user": "U01S7KCL3DF",
        "ts": "1619421354.040700",
        "team": "T01RBRV5F7H",
        "user_team": "T01RBRV5F7H",
        "source_team": "T01RBRV5F7H",
        "user_profile": {
            "avatar_hash": "17b52091bb62",
            "image_72": "https:\/\/avatars.slack-edge.com\/2021-03-19\/1875964347925_17b52091bb62c2340b4c_72.png",
            "first_name": "Sam",
            "real_name": "Sam Katterfield",
            "display_name": "Sam",
            "team": "T01RBRV5F7H",
            "name": "samkatterfield",
            "is_restricted": false,
            "is_ultra_restricted": false
        },
        "blocks": [
            {
                "type": "rich_text",
                "block_id": "GOy",
                "elements": [
                    {
                        "type": "rich_text_section",
                        "elements": [
                            {
                                "type": "text",
                                "text": "as long we’re all in some polyamorous relationship I think we’re above board"
                            }
                        ]
                    }
                ]
            }
        ],
        "thread_ts": "1619419939.039300",
        "parent_user_id": "U01RS9Y6UJH",
        "reactions": [
            {
                "name": "sweat_smile",
                "users": [
                    "U01SK96QF5E"
                ],
                "count": 1
            },
            {
                "name": "rolling_on_the_floor_laughing",
                "users": [
                    "U01RW140HBP"
                ],
                "count": 1
            }
        ]
    },
    {
        "client_msg_id": "b3a2879f-f473-4fb9-b126-833e96e1dcb7",
        "type": "message",
        "text": "ironhack does not condone corona restriction rule breaking … but personally i am glad",
        "user": "U01RW140HBP",
        "ts": "1619422671.041300",
        "team": "T01RBRV5F7H",
        "user_team": "T01RBRV5F7H",
        "source_team": "T01RBRV5F7H",
        "user_profile": {
            "avatar_hash": "4c43a3a8d10b",
            "image_72": "https:\/\/avatars.slack-edge.com\/2021-03-21\/1895736308209_4c43a3a8d10bc2fe5e13_72.png",
            "first_name": "siand",
            "real_name": "siand the LT (she\/her)",
            "display_name": "siand the LT (she\/her)",
            "team": "T01RBRV5F7H",
            "name": "sian.davies",
            "is_restricted": false,
            "is_ultra_restricted": false
        },
        "blocks": [
            {
                "type": "rich_text",
                "block_id": "T0E",
                "elements": [
                    {
                        "type": "rich_text_section",
                        "elements": [
                            {
                                "type": "text",
                                "text": "ironhack does not condone corona restriction rule breaking … but personally i am glad"
                            }
                        ]
                    }
                ]
            }
        ],
        "thread_ts": "1619419939.039300",
        "parent_user_id": "U01RS9Y6UJH",
        "reactions": [
            {
                "name": "slightly_smiling_face",
                "users": [
                    "U01S133DZ9A",
                    "U01SD3CDH9P"
                ],
                "count": 2
            }
        ]
    },
    {
        "type": "message",
        "text": "this one",
        "files": [
            {
                "id": "F020069CM8T",
                "created": 1619424286,
                "timestamp": 1619424286,
                "name": "teaching book - calcs.twbx",
                "title": "teaching book - calcs.twbx",
                "mimetype": "application\/zip",
                "filetype": "zip",
                "pretty_type": "Zip",
                "user": "U01RXCQHMHT",
                "editable": false,
                "size": 480373,
                "mode": "hosted",
                "is_external": false,
                "external_type": "",
                "is_public": true,
                "public_url_shared": false,
                "display_as_bot": false,
                "username": "",
                "url_private": "https:\/\/files.slack.com\/files-pri\/T01RBRV5F7H-F020069CM8T\/teaching_book_-_calcs.twbx?t=xoxe-1861879185255-2068564688150-2068564727718-519dfbdd8f50e154f7dac1ab76bfc0d2",
                "url_private_download": "https:\/\/files.slack.com\/files-pri\/T01RBRV5F7H-F020069CM8T\/download\/teaching_book_-_calcs.twbx?t=xoxe-1861879185255-2068564688150-2068564727718-519dfbdd8f50e154f7dac1ab76bfc0d2",
                "permalink": "https:\/\/data-ft-ber-03-2021.slack.com\/files\/U01RXCQHMHT\/F020069CM8T\/teaching_book_-_calcs.twbx",
                "permalink_public": "https:\/\/slack-files.com\/T01RBRV5F7H-F020069CM8T-b296be5d63",
                "is_starred": false,
                "has_rich_preview": false
            }
        ],
        "upload": false,
        "blocks": [
            {
                "type": "rich_text",
                "block_id": "KJ4dA",
                "elements": [
                    {
                        "type": "rich_text_section",
                        "elements": [
                            {
                                "type": "text",
                                "text": "this one"
                            }
                        ]
                    }
                ]
            }
        ],
        "user": "U01RXCQHMHT",
        "display_as_bot": false,
        "ts": "1619424296.041700",
        "thread_ts": "1619424296.041700",
        "reply_count": 3,
        "reply_users_count": 2,
        "latest_reply": "1619451846.049700",
        "reply_users": [
            "U01S79YDELR",
            "U01RXCQHMHT"
        ],
        "replies": [
            {
                "user": "U01S79YDELR",
                "ts": "1619439420.044200"
            },
            {
                "user": "U01RXCQHMHT",
                "ts": "1619449401.048200"
            },
            {
                "user": "U01S79YDELR",
                "ts": "1619451846.049700"
            }
        ],
        "is_locked": false,
        "subscribed": false,
        "reactions": [
            {
                "name": "raised_hands",
                "users": [
                    "U01S79YDELR"
                ],
                "count": 1
            }
        ]
    },
    {
        "client_msg_id": "bc7f79f2-b662-40b6-8148-a0506c027cc1",
        "type": "message",
        "text": "we start at 14:30 right? Sorry I'm not sure anymore",
        "user": "U01RN7BVD1C",
        "ts": "1619438423.042500",
        "team": "T01RBRV5F7H",
        "user_team": "T01RBRV5F7H",
        "source_team": "T01RBRV5F7H",
        "user_profile": {
            "avatar_hash": "55e0c1b57456",
            "image_72": "https:\/\/avatars.slack-edge.com\/2021-03-20\/1882033802643_55e0c1b574562994417f_72.jpg",
            "first_name": "Josephine",
            "real_name": "Josephine Biedermann",
            "display_name": "Phine",
            "team": "T01RBRV5F7H",
            "name": "josephinebiedermann",
            "is_restricted": false,
            "is_ultra_restricted": false
        },
        "blocks": [
            {
                "type": "rich_text",
                "block_id": "ubJvS",
                "elements": [
                    {
                        "type": "rich_text_section",
                        "elements": [
                            {
                                "type": "text",
                                "text": "we start at 14:30 right? Sorry I'm not sure anymore"
                            }
                        ]
                    }
                ]
            }
        ]
    },
    {
        "client_msg_id": "9c02fdb8-1758-4c3e-90aa-f42bc4c7fed7",
        "type": "message",
        "text": "Yes! Can someone share here the Dataset from Kaggle for later today? THanks :slightly_smiling_face:",
        "user": "U01S081EULS",
        "ts": "1619438940.042700",
        "team": "T01RBRV5F7H",
        "user_team": "T01RBRV5F7H",
        "source_team": "T01RBRV5F7H",
        "user_profile": {
            "avatar_hash": "072722b5938a",
            "image_72": "https:\/\/avatars.slack-edge.com\/2021-03-22\/1869523305975_072722b5938a81b68381_72.png",
            "first_name": "",
            "real_name": "Federico Giuliani",
            "display_name": "Federico Giuliani",
            "team": "T01RBRV5F7H",
            "name": "defe_fg",
            "is_restricted": false,
            "is_ultra_restricted": false
        },
        "edited": {
            "user": "U01S081EULS",
            "ts": "1619439077.000000"
        },
        "blocks": [
            {
                "type": "rich_text",
                "block_id": "HvSG",
                "elements": [
                    {
                        "type": "rich_text_section",
                        "elements": [
                            {
                                "type": "text",
                                "text": "Yes! Can someone share here the Dataset from Kaggle for later today? THanks "
                            },
                            {
                                "type": "emoji",
                                "name": "slightly_smiling_face"
                            }
                        ]
                    }
                ]
            }
        ],
        "thread_ts": "1619438940.042700",
        "reply_count": 4,
        "reply_users_count": 2,
        "latest_reply": "1619439800.045100",
        "reply_users": [
            "U01S79YDELR",
            "U01S081EULS"
        ],
        "replies": [
            {
                "user": "U01S79YDELR",
                "ts": "1619439110.043200"
            },
            {
                "user": "U01S79YDELR",
                "ts": "1619439150.043500"
            },
            {
                "user": "U01S081EULS",
                "ts": "1619439327.043900"
            },
            {
                "user": "U01S79YDELR",
                "ts": "1619439800.045100"
            }
        ],
        "is_locked": false,
        "subscribed": false
    },
    {
        "client_msg_id": "ad94095f-bcfc-49f2-ace6-85ea666c074b",
        "type": "message",
        "text": "<https:\/\/www.kaggle.com\/carrie1\/ecommerce-data>",
        "user": "U01S79YDELR",
        "ts": "1619439110.043200",
        "team": "T01RBRV5F7H",
        "user_team": "T01RBRV5F7H",
        "source_team": "T01RBRV5F7H",
        "user_profile": {
            "avatar_hash": "606def897de6",
            "image_72": "https:\/\/avatars.slack-edge.com\/2021-03-22\/1910932493456_606def897de66681d932_72.jpg",
            "first_name": "",
            "real_name": "Karina Condeixa",
            "display_name": "Karina Condeixa",
            "team": "T01RBRV5F7H",
            "name": "karina.condeixa",
            "is_restricted": false,
            "is_ultra_restricted": false
        },
        "attachments": [
            {
                "title": "E-Commerce Data",
                "title_link": "https:\/\/www.kaggle.com\/carrie1\/ecommerce-data",
                "text": "Actual transactions from UK retailer",
                "fallback": "E-Commerce Data",
                "thumb_url": "https:\/\/storage.googleapis.com\/kaggle-datasets-images\/1985\/3404\/86a442881be475eef09214be8458269f\/dataset-card.jpg",
                "from_url": "https:\/\/www.kaggle.com\/carrie1\/ecommerce-data",
                "thumb_width": 1200,
                "thumb_height": 1200,
                "service_name": "kaggle.com",
                "id": 1,
                "original_url": "https:\/\/www.kaggle.com\/carrie1\/ecommerce-data"
            }
        ],
        "blocks": [
            {
                "type": "rich_text",
                "block_id": "=ll",
                "elements": [
                    {
                        "type": "rich_text_section",
                        "elements": [
                            {
                                "type": "link",
                                "url": "https:\/\/www.kaggle.com\/carrie1\/ecommerce-data"
                            }
                        ]
                    }
                ]
            }
        ],
        "thread_ts": "1619438940.042700",
        "parent_user_id": "U01S081EULS"
    },
    {
        "client_msg_id": "2bf3eec2-c7dd-4660-9683-4b0271838f98",
        "type": "message",
        "text": "do you want the file or is the link ok?",
        "user": "U01S79YDELR",
        "ts": "1619439150.043500",
        "team": "T01RBRV5F7H",
        "user_team": "T01RBRV5F7H",
        "source_team": "T01RBRV5F7H",
        "user_profile": {
            "avatar_hash": "606def897de6",
            "image_72": "https:\/\/avatars.slack-edge.com\/2021-03-22\/1910932493456_606def897de66681d932_72.jpg",
            "first_name": "",
            "real_name": "Karina Condeixa",
            "display_name": "Karina Condeixa",
            "team": "T01RBRV5F7H",
            "name": "karina.condeixa",
            "is_restricted": false,
            "is_ultra_restricted": false
        },
        "edited": {
            "user": "U01S79YDELR",
            "ts": "1619439161.000000"
        },
        "blocks": [
            {
                "type": "rich_text",
                "block_id": "sl6",
                "elements": [
                    {
                        "type": "rich_text_section",
                        "elements": [
                            {
                                "type": "text",
                                "text": "do you want the file or is the link ok?"
                            }
                        ]
                    }
                ]
            }
        ],
        "thread_ts": "1619438940.042700",
        "parent_user_id": "U01S081EULS"
    },
    {
        "client_msg_id": "81c0136b-1c88-44af-af4a-9f9ac5df17da",
        "type": "message",
        "text": "Thank you <@U01S79YDELR> :slightly_smiling_face:  I need the file since I have issue to login",
        "user": "U01S081EULS",
        "ts": "1619439327.043900",
        "team": "T01RBRV5F7H",
        "user_team": "T01RBRV5F7H",
        "source_team": "T01RBRV5F7H",
        "user_profile": {
            "avatar_hash": "072722b5938a",
            "image_72": "https:\/\/avatars.slack-edge.com\/2021-03-22\/1869523305975_072722b5938a81b68381_72.png",
            "first_name": "",
            "real_name": "Federico Giuliani",
            "display_name": "Federico Giuliani",
            "team": "T01RBRV5F7H",
            "name": "defe_fg",
            "is_restricted": false,
            "is_ultra_restricted": false
        },
        "blocks": [
            {
                "type": "rich_text",
                "block_id": "FoG",
                "elements": [
                    {
                        "type": "rich_text_section",
                        "elements": [
                            {
                                "type": "text",
                                "text": "Thank you "
                            },
                            {
                                "type": "user",
                                "user_id": "U01S79YDELR"
                            },
                            {
                                "type": "text",
                                "text": " "
                            },
                            {
                                "type": "emoji",
                                "name": "slightly_smiling_face"
                            },
                            {
                                "type": "text",
                                "text": "  I need the file since I have issue to login"
                            }
                        ]
                    }
                ]
            }
        ],
        "thread_ts": "1619438940.042700",
        "parent_user_id": "U01S081EULS"
    },
    {
        "client_msg_id": "abb84c26-4fa7-410e-9bcc-333983455314",
        "type": "message",
        "text": "is this with the modifications she made in class?",
        "user": "U01S79YDELR",
        "ts": "1619439420.044200",
        "team": "T01RBRV5F7H",
        "user_team": "T01RBRV5F7H",
        "source_team": "T01RBRV5F7H",
        "user_profile": {
            "avatar_hash": "606def897de6",
            "image_72": "https:\/\/avatars.slack-edge.com\/2021-03-22\/1910932493456_606def897de66681d932_72.jpg",
            "first_name": "",
            "real_name": "Karina Condeixa",
            "display_name": "Karina Condeixa",
            "team": "T01RBRV5F7H",
            "name": "karina.condeixa",
            "is_restricted": false,
            "is_ultra_restricted": false
        },
        "blocks": [
            {
                "type": "rich_text",
                "block_id": "tRys",
                "elements": [
                    {
                        "type": "rich_text_section",
                        "elements": [
                            {
                                "type": "text",
                                "text": "is this with the modifications she made in class?"
                            }
                        ]
                    }
                ]
            }
        ],
        "thread_ts": "1619424296.041700",
        "parent_user_id": "U01RXCQHMHT"
    },
    {
        "client_msg_id": "581c93e4-4217-4784-a7c4-5a459d5e4233",
        "type": "message",
        "text": "uploading. slowly.. <@U01S081EULS>",
        "user": "U01S79YDELR",
        "ts": "1619439560.044800",
        "team": "T01RBRV5F7H",
        "user_team": "T01RBRV5F7H",
        "source_team": "T01RBRV5F7H",
        "user_profile": {
            "avatar_hash": "606def897de6",
            "image_72": "https:\/\/avatars.slack-edge.com\/2021-03-22\/1910932493456_606def897de66681d932_72.jpg",
            "first_name": "",
            "real_name": "Karina Condeixa",
            "display_name": "Karina Condeixa",
            "team": "T01RBRV5F7H",
            "name": "karina.condeixa",
            "is_restricted": false,
            "is_ultra_restricted": false
        },
        "edited": {
            "user": "U01S79YDELR",
            "ts": "1619439598.000000"
        },
        "blocks": [
            {
                "type": "rich_text",
                "block_id": "2ViQC",
                "elements": [
                    {
                        "type": "rich_text_section",
                        "elements": [
                            {
                                "type": "text",
                                "text": "uploading. slowly.. "
                            },
                            {
                                "type": "user",
                                "user_id": "U01S081EULS"
                            }
                        ]
                    }
                ]
            }
        ],
        "reactions": [
            {
                "name": "raised_hands",
                "users": [
                    "U01S081EULS"
                ],
                "count": 1
            }
        ]
    },
    {
        "type": "message",
        "text": "",
        "files": [
            {
                "id": "F02010H47V1",
                "created": 1619439499,
                "timestamp": 1619439499,
                "name": "eComerceData.csv",
                "title": "eComerceData.csv",
                "mimetype": "text\/csv",
                "filetype": "csv",
                "pretty_type": "CSV",
                "user": "U01S79YDELR",
                "editable": false,
                "size": 45580638,
                "mode": "hosted",
                "is_external": false,
                "external_type": "",
                "is_public": true,
                "public_url_shared": false,
                "display_as_bot": false,
                "username": "",
                "url_private": "https:\/\/files.slack.com\/files-pri\/T01RBRV5F7H-F02010H47V1\/ecomercedata.csv?t=xoxe-1861879185255-2068564688150-2068564727718-519dfbdd8f50e154f7dac1ab76bfc0d2",
                "url_private_download": "https:\/\/files.slack.com\/files-pri\/T01RBRV5F7H-F02010H47V1\/download\/ecomercedata.csv?t=xoxe-1861879185255-2068564688150-2068564727718-519dfbdd8f50e154f7dac1ab76bfc0d2",
                "permalink": "https:\/\/data-ft-ber-03-2021.slack.com\/files\/U01S79YDELR\/F02010H47V1\/ecomercedata.csv",
                "permalink_public": "https:\/\/slack-files.com\/T01RBRV5F7H-F02010H47V1-da42b53fcb",
                "is_starred": false,
                "has_rich_preview": false
            }
        ],
        "upload": false,
        "user": "U01S79YDELR",
        "display_as_bot": false,
        "ts": "1619439800.045100",
        "thread_ts": "1619438940.042700",
        "parent_user_id": "U01S081EULS",
        "reactions": [
            {
                "name": "+1",
                "users": [
                    "U01S081EULS"
                ],
                "count": 1
            }
        ]
    },
    {
        "client_msg_id": "60823a9d-9f28-4309-b1f0-4c84fd94a4da",
        "type": "message",
        "text": "<!channel> Hey Class :slightly_smiling_face:\n\nSian Is running 10 minuts late but will be with you soon :slightly_smiling_face:",
        "user": "U01RUTP1ZQB",
        "ts": "1619440002.045900",
        "team": "T01RBRV5F7H",
        "user_team": "T01RBRV5F7H",
        "source_team": "T01RBRV5F7H",
        "user_profile": {
            "avatar_hash": "36a33ae8e1df",
            "image_72": "https:\/\/avatars.slack-edge.com\/2021-03-19\/1878730954818_36a33ae8e1df8718c064_72.png",
            "first_name": "",
            "real_name": "Jonas Tonndorff",
            "display_name": "Jonas Tonndorff",
            "team": "T01RBRV5F7H",
            "name": "jonas.tonndorff",
            "is_restricted": false,
            "is_ultra_restricted": false
        },
        "blocks": [
            {
                "type": "rich_text",
                "block_id": "TyFrN",
                "elements": [
                    {
                        "type": "rich_text_section",
                        "elements": [
                            {
                                "type": "broadcast",
                                "range": "channel"
                            },
                            {
                                "type": "text",
                                "text": " Hey Class "
                            },
                            {
                                "type": "emoji",
                                "name": "slightly_smiling_face"
                            },
                            {
                                "type": "text",
                                "text": "\n\nSian Is running 10 minuts late but will be with you soon "
                            },
                            {
                                "type": "emoji",
                                "name": "slightly_smiling_face"
                            }
                        ]
                    }
                ]
            }
        ],
        "reactions": [
            {
                "name": "+1",
                "users": [
                    "U01RN7BVD1C",
                    "U01S7BM4N81",
                    "U01S1CWGTU4",
                    "U01S7KCL3DF",
                    "U01RW2X7S9Z",
                    "U01RXCQHMHT"
                ],
                "count": 6
            }
        ]
    },
    {
        "client_msg_id": "4a3d9cba-3ea2-442b-a3d9-d2c81e144207",
        "type": "message",
        "text": "i have published my class workbook from today so if you missed any of the challenges and want to compare your results - its here <https:\/\/public.tableau.com\/profile\/sianedavies#!\/vizhome\/teachingbook-calcs\/Lodtagcustomerrecency>",
        "user": "U01RW140HBP",
        "ts": "1619446227.047200",
        "team": "T01RBRV5F7H",
        "user_team": "T01RBRV5F7H",
        "source_team": "T01RBRV5F7H",
        "user_profile": {
            "avatar_hash": "4c43a3a8d10b",
            "image_72": "https:\/\/avatars.slack-edge.com\/2021-03-21\/1895736308209_4c43a3a8d10bc2fe5e13_72.png",
            "first_name": "siand",
            "real_name": "siand the LT (she\/her)",
            "display_name": "siand the LT (she\/her)",
            "team": "T01RBRV5F7H",
            "name": "sian.davies",
            "is_restricted": false,
            "is_ultra_restricted": false
        },
        "blocks": [
            {
                "type": "rich_text",
                "block_id": "6H+FL",
                "elements": [
                    {
                        "type": "rich_text_section",
                        "elements": [
                            {
                                "type": "text",
                                "text": "i have published my class workbook from today so if you missed any of the challenges and want to compare your results - its here "
                            },
                            {
                                "type": "link",
                                "url": "https:\/\/public.tableau.com\/profile\/sianedavies#!\/vizhome\/teachingbook-calcs\/Lodtagcustomerrecency"
                            }
                        ]
                    }
                ]
            }
        ],
        "reactions": [
            {
                "name": "raised_hands",
                "users": [
                    "U01RKN0EGDV",
                    "U01S7BM4N81",
                    "U01RXCQHMHT",
                    "U01S1CWGTU4",
                    "U01S081EULS",
                    "U01S79YDELR",
                    "U01S7KCL3DF"
                ],
                "count": 7
            }
        ]
    },
    {
        "client_msg_id": "43fd91f7-21f8-4288-abf4-7ee2974cb7e8",
        "type": "message",
        "text": "it would be awesome!",
        "user": "U01SK96QF5E",
        "ts": "1619449380.048000",
        "team": "T01RBRV5F7H",
        "user_team": "T01RBRV5F7H",
        "source_team": "T01RBRV5F7H",
        "user_profile": {
            "avatar_hash": "94c1e7ff9e09",
            "image_72": "https:\/\/avatars.slack-edge.com\/2021-03-21\/1883381430979_94c1e7ff9e09a95d14cb_72.jpg",
            "first_name": "Lilla",
            "real_name": "Lilla Szulyovszky",
            "display_name": "lilla",
            "team": "T01RBRV5F7H",
            "name": "lilla.szulyovszky",
            "is_restricted": false,
            "is_ultra_restricted": false
        },
        "blocks": [
            {
                "type": "rich_text",
                "block_id": "MIXme",
                "elements": [
                    {
                        "type": "rich_text_section",
                        "elements": [
                            {
                                "type": "text",
                                "text": "it would be awesome!"
                            }
                        ]
                    }
                ]
            }
        ],
        "thread_ts": "1619368366.035500",
        "parent_user_id": "U01S79YDELR"
    },
    {
        "client_msg_id": "af3e6e4c-e440-4084-8c34-c908039689f7",
        "type": "message",
        "text": "no, i don't think this is the modified version. just that someone was struggling to find the file that we were working with today, so i just posted it in general :slightly_smiling_face:",
        "user": "U01RXCQHMHT",
        "ts": "1619449401.048200",
        "team": "T01RBRV5F7H",
        "user_team": "T01RBRV5F7H",
        "source_team": "T01RBRV5F7H",
        "user_profile": {
            "avatar_hash": "7290c61c38a0",
            "image_72": "https:\/\/avatars.slack-edge.com\/2021-03-22\/1898002028225_7290c61c38a01ad66680_72.jpg",
            "first_name": "Thanh",
            "real_name": "Thanh Tung Ha Thuc DAFT Berlin March 2021",
            "display_name": "Tony Ha",
            "team": "T01RBRV5F7H",
            "name": "tony.hathuc",
            "is_restricted": false,
            "is_ultra_restricted": false
        },
        "blocks": [
            {
                "type": "rich_text",
                "block_id": "mfrWf",
                "elements": [
                    {
                        "type": "rich_text_section",
                        "elements": [
                            {
                                "type": "text",
                                "text": "no, i don't think this is the modified version. just that someone was struggling to find the file that we were working with today, so i just posted it in general "
                            },
                            {
                                "type": "emoji",
                                "name": "slightly_smiling_face"
                            }
                        ]
                    }
                ]
            }
        ],
        "thread_ts": "1619424296.041700",
        "parent_user_id": "U01RXCQHMHT"
    },
    {
        "client_msg_id": "a0c1f1ec-537b-444f-a705-45333ea8d4ed",
        "type": "message",
        "text": "hmmm let me think on it - could it be a good web scraping examples <@U01SJKB2MG8>?",
        "user": "U01RW140HBP",
        "ts": "1619449624.048400",
        "team": "T01RBRV5F7H",
        "user_team": "T01RBRV5F7H",
        "source_team": "T01RBRV5F7H",
        "user_profile": {
            "avatar_hash": "4c43a3a8d10b",
            "image_72": "https:\/\/avatars.slack-edge.com\/2021-03-21\/1895736308209_4c43a3a8d10bc2fe5e13_72.png",
            "first_name": "siand",
            "real_name": "siand the LT (she\/her)",
            "display_name": "siand the LT (she\/her)",
            "team": "T01RBRV5F7H",
            "name": "sian.davies",
            "is_restricted": false,
            "is_ultra_restricted": false
        },
        "blocks": [
            {
                "type": "rich_text",
                "block_id": "t0t",
                "elements": [
                    {
                        "type": "rich_text_section",
                        "elements": [
                            {
                                "type": "text",
                                "text": "hmmm let me think on it - could it be a good web scraping examples "
                            },
                            {
                                "type": "user",
                                "user_id": "U01SJKB2MG8"
                            },
                            {
                                "type": "text",
                                "text": "?"
                            }
                        ]
                    }
                ]
            }
        ],
        "thread_ts": "1619368366.035500",
        "parent_user_id": "U01S79YDELR"
    },
    {
        "client_msg_id": "5b92b839-e937-4add-abcc-faefcb2e84db",
        "type": "message",
        "text": "we could create a different view of the the calendar - gallery, timeline, board, list and table are also possible. Would that help as a starter?",
        "user": "U01SJKB2MG8",
        "ts": "1619449858.048600",
        "team": "T01RBRV5F7H",
        "user_team": "T01RBRV5F7H",
        "source_team": "T01RBRV5F7H",
        "user_profile": {
            "avatar_hash": "88fa894fdb53",
            "image_72": "https:\/\/avatars.slack-edge.com\/2021-03-19\/1885033153332_88fa894fdb5366452adf_72.jpg",
            "first_name": "Florian",
            "real_name": "Florian Titze",
            "display_name": "Flo Titze",
            "team": "T01RBRV5F7H",
            "name": "florian.titze",
            "is_restricted": false,
            "is_ultra_restricted": false
        },
        "blocks": [
            {
                "type": "rich_text",
                "block_id": "Gn6pA",
                "elements": [
                    {
                        "type": "rich_text_section",
                        "elements": [
                            {
                                "type": "text",
                                "text": "we could create a different view of the the calendar - gallery, timeline, board, list and table are also possible. Would that help as a starter?"
                            }
                        ]
                    }
                ]
            }
        ],
        "thread_ts": "1619368366.035500",
        "parent_user_id": "U01S79YDELR"
    },
    {
        "client_msg_id": "349f4c9e-50b3-4c5b-8e6d-49a552dafb6c",
        "type": "message",
        "text": "yes i think so - list is probably a good one to go for !",
        "user": "U01RW140HBP",
        "ts": "1619449898.048800",
        "team": "T01RBRV5F7H",
        "user_team": "T01RBRV5F7H",
        "source_team": "T01RBRV5F7H",
        "user_profile": {
            "avatar_hash": "4c43a3a8d10b",
            "image_72": "https:\/\/avatars.slack-edge.com\/2021-03-21\/1895736308209_4c43a3a8d10bc2fe5e13_72.png",
            "first_name": "siand",
            "real_name": "siand the LT (she\/her)",
            "display_name": "siand the LT (she\/her)",
            "team": "T01RBRV5F7H",
            "name": "sian.davies",
            "is_restricted": false,
            "is_ultra_restricted": false
        },
        "blocks": [
            {
                "type": "rich_text",
                "block_id": "PMN",
                "elements": [
                    {
                        "type": "rich_text_section",
                        "elements": [
                            {
                                "type": "text",
                                "text": "yes i think so - list is probably a good one to go for !"
                            }
                        ]
                    }
                ]
            }
        ],
        "thread_ts": "1619368366.035500",
        "parent_user_id": "U01S79YDELR"
    },
    {
        "client_msg_id": "1989cc91-6d23-4796-bac4-4a57610b7df6",
        "type": "message",
        "text": "ok, Table and List views are added",
        "user": "U01SJKB2MG8",
        "ts": "1619450008.049000",
        "team": "T01RBRV5F7H",
        "user_team": "T01RBRV5F7H",
        "source_team": "T01RBRV5F7H",
        "user_profile": {
            "avatar_hash": "88fa894fdb53",
            "image_72": "https:\/\/avatars.slack-edge.com\/2021-03-19\/1885033153332_88fa894fdb5366452adf_72.jpg",
            "first_name": "Florian",
            "real_name": "Florian Titze",
            "display_name": "Flo Titze",
            "team": "T01RBRV5F7H",
            "name": "florian.titze",
            "is_restricted": false,
            "is_ultra_restricted": false
        },
        "blocks": [
            {
                "type": "rich_text",
                "block_id": "dcHgM",
                "elements": [
                    {
                        "type": "rich_text_section",
                        "elements": [
                            {
                                "type": "text",
                                "text": "ok, Table and List views are added"
                            }
                        ]
                    }
                ]
            }
        ],
        "thread_ts": "1619368366.035500",
        "parent_user_id": "U01S79YDELR"
    },
    {
        "client_msg_id": "695d21ef-29f6-4c6b-ac95-2efefd76d61b",
        "type": "message",
        "text": "lovely!",
        "user": "U01RW140HBP",
        "ts": "1619450905.049200",
        "team": "T01RBRV5F7H",
        "user_team": "T01RBRV5F7H",
        "source_team": "T01RBRV5F7H",
        "user_profile": {
            "avatar_hash": "4c43a3a8d10b",
            "image_72": "https:\/\/avatars.slack-edge.com\/2021-03-21\/1895736308209_4c43a3a8d10bc2fe5e13_72.png",
            "first_name": "siand",
            "real_name": "siand the LT (she\/her)",
            "display_name": "siand the LT (she\/her)",
            "team": "T01RBRV5F7H",
            "name": "sian.davies",
            "is_restricted": false,
            "is_ultra_restricted": false
        },
        "blocks": [
            {
                "type": "rich_text",
                "block_id": "91f",
                "elements": [
                    {
                        "type": "rich_text_section",
                        "elements": [
                            {
                                "type": "text",
                                "text": "lovely!"
                            }
                        ]
                    }
                ]
            }
        ],
        "thread_ts": "1619368366.035500",
        "parent_user_id": "U01S79YDELR"
    },
    {
        "client_msg_id": "5f26b909-ab5d-4b24-9f8d-d554a1bb8057",
        "type": "message",
        "text": "it seems Notion havent finished making their api - but this guy started work on his own rogue version <https:\/\/blog.kowalczyk.info\/article\/88aee8f43620471aa9dbcad28368174c\/how-i-reverse-engineered-notion-api.html>",
        "user": "U01RW140HBP",
        "ts": "1619451086.049400",
        "team": "T01RBRV5F7H",
        "user_team": "T01RBRV5F7H",
        "source_team": "T01RBRV5F7H",
        "user_profile": {
            "avatar_hash": "4c43a3a8d10b",
            "image_72": "https:\/\/avatars.slack-edge.com\/2021-03-21\/1895736308209_4c43a3a8d10bc2fe5e13_72.png",
            "first_name": "siand",
            "real_name": "siand the LT (she\/her)",
            "display_name": "siand the LT (she\/her)",
            "team": "T01RBRV5F7H",
            "name": "sian.davies",
            "is_restricted": false,
            "is_ultra_restricted": false
        },
        "attachments": [
            {
                "title": "How I reverse engineered Notion API",
                "title_link": "https:\/\/blog.kowalczyk.info\/article\/88aee8f43620471aa9dbcad28368174c\/how-i-reverse-engineered-notion-api.html",
                "text": "A tale of how I reverse engineered Notion API and wrote a Go library for it.",
                "fallback": "How I reverse engineered Notion API",
                "image_url": "https:\/\/blog.kowalczyk.info\/img\/ef07000c618ce08ccf00deafbd5c6be278956568.jpg",
                "from_url": "https:\/\/blog.kowalczyk.info\/article\/88aee8f43620471aa9dbcad28368174c\/how-i-reverse-engineered-notion-api.html",
                "image_width": 594,
                "image_height": 250,
                "image_bytes": 138069,
                "service_icon": "https:\/\/blog.kowalczyk.info\/favicon.ico",
                "service_name": "blog.kowalczyk.info",
                "id": 1,
                "original_url": "https:\/\/blog.kowalczyk.info\/article\/88aee8f43620471aa9dbcad28368174c\/how-i-reverse-engineered-notion-api.html"
            }
        ],
        "blocks": [
            {
                "type": "rich_text",
                "block_id": "53x",
                "elements": [
                    {
                        "type": "rich_text_section",
                        "elements": [
                            {
                                "type": "text",
                                "text": "it seems Notion havent finished making their api - but this guy started work on his own rogue version "
                            },
                            {
                                "type": "link",
                                "url": "https:\/\/blog.kowalczyk.info\/article\/88aee8f43620471aa9dbcad28368174c\/how-i-reverse-engineered-notion-api.html"
                            }
                        ]
                    }
                ]
            }
        ],
        "thread_ts": "1619368366.035500",
        "parent_user_id": "U01S79YDELR"
    },
    {
        "client_msg_id": "95158ec3-fa9a-47fc-bacf-9c69bb5dbced",
        "type": "message",
        "text": "ok :slightly_smiling_face:",
        "user": "U01S79YDELR",
        "ts": "1619451846.049700",
        "team": "T01RBRV5F7H",
        "user_team": "T01RBRV5F7H",
        "source_team": "T01RBRV5F7H",
        "user_profile": {
            "avatar_hash": "606def897de6",
            "image_72": "https:\/\/avatars.slack-edge.com\/2021-03-22\/1910932493456_606def897de66681d932_72.jpg",
            "first_name": "",
            "real_name": "Karina Condeixa",
            "display_name": "Karina Condeixa",
            "team": "T01RBRV5F7H",
            "name": "karina.condeixa",
            "is_restricted": false,
            "is_ultra_restricted": false
        },
        "blocks": [
            {
                "type": "rich_text",
                "block_id": "7G6",
                "elements": [
                    {
                        "type": "rich_text_section",
                        "elements": [
                            {
                                "type": "text",
                                "text": "ok "
                            },
                            {
                                "type": "emoji",
                                "name": "slightly_smiling_face"
                            }
                        ]
                    }
                ]
            }
        ],
        "thread_ts": "1619424296.041700",
        "parent_user_id": "U01RXCQHMHT"
    },
    {
        "client_msg_id": "d94448e0-fdca-4f17-a0c3-c279d50e850f",
        "type": "message",
        "text": "<https:\/\/www.berliner-zeitung.de\/en\/snow-and-sleet-in-may-an-expert-warns-that-were-in-for-a-cold-spell-li.155317>\n\ngood thing everyone met when they did :snowman:",
        "user": "U01S7KCL3DF",
        "ts": "1619454889.049900",
        "team": "T01RBRV5F7H",
        "user_team": "T01RBRV5F7H",
        "source_team": "T01RBRV5F7H",
        "user_profile": {
            "avatar_hash": "17b52091bb62",
            "image_72": "https:\/\/avatars.slack-edge.com\/2021-03-19\/1875964347925_17b52091bb62c2340b4c_72.png",
            "first_name": "Sam",
            "real_name": "Sam Katterfield",
            "display_name": "Sam",
            "team": "T01RBRV5F7H",
            "name": "samkatterfield",
            "is_restricted": false,
            "is_ultra_restricted": false
        },
        "attachments": [
            {
                "service_name": "Berliner Zeitung",
                "title": "Winter reaches into May",
                "title_link": "https:\/\/www.berliner-zeitung.de\/en\/snow-and-sleet-in-may-an-expert-warns-that-were-in-for-a-cold-spell-li.155317",
                "text": "Meteorologist Dominik Jung expects termperatures 12 degrees below normal for eastern Germany.",
                "fallback": "Berliner Zeitung: Winter reaches into May",
                "image_url": "https:\/\/berliner-zeitung.imgix.net\/2021\/4\/26\/8d309769-f2c0-4b54-8d42-9a236b59b148.jpeg?w=1200&h=630&fit=crop&crop=faces",
                "from_url": "https:\/\/www.berliner-zeitung.de\/en\/snow-and-sleet-in-may-an-expert-warns-that-were-in-for-a-cold-spell-li.155317",
                "image_width": 476,
                "image_height": 250,
                "image_bytes": 88918,
                "service_icon": "https:\/\/www.berliner-zeitung.de\/apple-touch-icon.png?v=WG268x3wXy",
                "id": 1,
                "original_url": "https:\/\/www.berliner-zeitung.de\/en\/snow-and-sleet-in-may-an-expert-warns-that-were-in-for-a-cold-spell-li.155317"
            }
        ],
        "blocks": [
            {
                "type": "rich_text",
                "block_id": "8kh",
                "elements": [
                    {
                        "type": "rich_text_section",
                        "elements": [
                            {
                                "type": "link",
                                "url": "https:\/\/www.berliner-zeitung.de\/en\/snow-and-sleet-in-may-an-expert-warns-that-were-in-for-a-cold-spell-li.155317"
                            },
                            {
                                "type": "text",
                                "text": "\n\ngood thing everyone met when they did "
                            },
                            {
                                "type": "emoji",
                                "name": "snowman"
                            }
                        ]
                    }
                ]
            }
        ],
        "thread_ts": "1619419939.039300",
        "parent_user_id": "U01RS9Y6UJH",
        "reactions": [
            {
                "name": "face_with_rolling_eyes",
                "users": [
                    "U01S79YDELR"
                ],
                "count": 1
            }
        ]
    },
    {
        "client_msg_id": "890e0e44-6c8f-4e49-9c96-501e9c68e462",
        "type": "message",
        "text": "brrrrr",
        "user": "U01RW140HBP",
        "ts": "1619455807.050200",
        "team": "T01RBRV5F7H",
        "user_team": "T01RBRV5F7H",
        "source_team": "T01RBRV5F7H",
        "user_profile": {
            "avatar_hash": "4c43a3a8d10b",
            "image_72": "https:\/\/avatars.slack-edge.com\/2021-03-21\/1895736308209_4c43a3a8d10bc2fe5e13_72.png",
            "first_name": "siand",
            "real_name": "siand the LT (she\/her)",
            "display_name": "siand the LT (she\/her)",
            "team": "T01RBRV5F7H",
            "name": "sian.davies",
            "is_restricted": false,
            "is_ultra_restricted": false
        },
        "blocks": [
            {
                "type": "rich_text",
                "block_id": "m8uv",
                "elements": [
                    {
                        "type": "rich_text_section",
                        "elements": [
                            {
                                "type": "text",
                                "text": "brrrrr"
                            }
                        ]
                    }
                ]
            }
        ],
        "thread_ts": "1619419939.039300",
        "parent_user_id": "U01RS9Y6UJH"
    }
]