[
    {
        "client_msg_id": "3e1c9d33-03e8-4e01-be10-a3ab1d93d5f0",
        "type": "message",
        "text": "Reminder <!channel>,\nif you want to volunteer and join the *Fun Committee,* please PM me by the end of the day :v:",
        "user": "U01RSRE0N3D",
        "ts": "1617357583.001500",
        "team": "T01RBRV5F7H",
        "user_team": "T01RBRV5F7H",
        "source_team": "T01RBRV5F7H",
        "user_profile": {
            "avatar_hash": "5b0571ca5e6f",
            "image_72": "https:\/\/avatars.slack-edge.com\/2021-03-18\/1876877550179_5b0571ca5e6fe1f759fe_72.jpg",
            "first_name": "Kosta",
            "real_name": "Kosta",
            "display_name": "Kosta",
            "team": "T01RBRV5F7H",
            "name": "kostadin.mitkov",
            "is_restricted": false,
            "is_ultra_restricted": false
        },
        "blocks": [
            {
                "type": "rich_text",
                "block_id": "HlO5",
                "elements": [
                    {
                        "type": "rich_text_section",
                        "elements": [
                            {
                                "type": "text",
                                "text": "Reminder "
                            },
                            {
                                "type": "broadcast",
                                "range": "channel"
                            },
                            {
                                "type": "text",
                                "text": ",\nif you want to volunteer and join the "
                            },
                            {
                                "type": "text",
                                "text": "Fun Committee,",
                                "style": {
                                    "bold": true
                                }
                            },
                            {
                                "type": "text",
                                "text": " please PM me by the end of the day "
                            },
                            {
                                "type": "emoji",
                                "name": "v"
                            }
                        ]
                    }
                ]
            }
        ]
    }
]