[
    {
        "client_msg_id": "4dfaacfe-e97f-421a-91ec-602179513f41",
        "type": "message",
        "text": "<!channel> kahoot starts now :v:",
        "user": "U01RSRE0N3D",
        "ts": "1621006256.000500",
        "team": "T01RBRV5F7H",
        "user_team": "T01RBRV5F7H",
        "source_team": "T01RBRV5F7H",
        "user_profile": {
            "avatar_hash": "5b0571ca5e6f",
            "image_72": "https:\/\/avatars.slack-edge.com\/2021-03-18\/1876877550179_5b0571ca5e6fe1f759fe_72.jpg",
            "first_name": "Kosta",
            "real_name": "Kosta",
            "display_name": "Kosta",
            "team": "T01RBRV5F7H",
            "name": "kostadin.mitkov",
            "is_restricted": false,
            "is_ultra_restricted": false
        },
        "blocks": [
            {
                "type": "rich_text",
                "block_id": "RWL5",
                "elements": [
                    {
                        "type": "rich_text_section",
                        "elements": [
                            {
                                "type": "broadcast",
                                "range": "channel"
                            },
                            {
                                "type": "text",
                                "text": " kahoot starts now "
                            },
                            {
                                "type": "emoji",
                                "name": "v"
                            }
                        ]
                    }
                ]
            }
        ]
    }
]