[
    {
        "bot_id": "B01S7FSR36Y",
        "type": "message",
        "text": "this is fine",
        "user": "U01S7BM4N81",
        "ts": "1617002555.007500",
        "team": "T01RBRV5F7H",
        "bot_profile": {
            "id": "B01S7FSR36Y",
            "deleted": false,
            "name": "giphy",
            "updated": 1616421896,
            "app_id": "A0F827J2C",
            "icons": {
                "image_36": "https:\/\/a.slack-edge.com\/dc483\/img\/plugins\/giphy\/service_72.png",
                "image_48": "https:\/\/a.slack-edge.com\/dc483\/img\/plugins\/giphy\/service_48.png",
                "image_72": "https:\/\/a.slack-edge.com\/dc483\/img\/plugins\/giphy\/service_72.png"
            },
            "team_id": "T01RBRV5F7H"
        },
        "blocks": [
            {
                "type": "image",
                "block_id": "cq4",
                "image_url": "https:\/\/media1.giphy.com\/media\/NTur7XlVDUdqM\/giphy.gif?cid=6104955eaf877134260e784f611ede0a97dbe23c52c83b99&rid=giphy.gif&ct=g",
                "alt_text": "this is fine",
                "title": {
                    "type": "plain_text",
                    "text": "this is fine",
                    "emoji": true
                },
                "fallback": "480x270px image",
                "image_width": 480,
                "image_height": 270,
                "image_bytes": 1910277,
                "is_animated": true
            },
            {
                "type": "context",
                "block_id": "eLU3d",
                "elements": [
                    {
                        "type": "image",
                        "image_url": "https:\/\/a.slack-edge.com\/dc483\/img\/plugins\/giphy\/service_32.png",
                        "alt_text": "giphy logo"
                    },
                    {
                        "type": "mrkdwn",
                        "text": "Posted using \/giphy",
                        "verbatim": false
                    }
                ]
            }
        ]
    },
    {
        "type": "message",
        "text": "",
        "files": [
            {
                "id": "F01TCNWHPGQ",
                "created": 1617002558,
                "timestamp": 1617002558,
                "name": "Bildschirmfoto 2021-03-29 um 09.21.16.png",
                "title": "Bildschirmfoto 2021-03-29 um 09.21.16.png",
                "mimetype": "image\/png",
                "filetype": "png",
                "pretty_type": "PNG",
                "user": "U01S7BM4N81",
                "editable": false,
                "size": 28575,
                "mode": "hosted",
                "is_external": false,
                "external_type": "",
                "is_public": true,
                "public_url_shared": false,
                "display_as_bot": false,
                "username": "",
                "url_private": "https:\/\/files.slack.com\/files-pri\/T01RBRV5F7H-F01TCNWHPGQ\/bildschirmfoto_2021-03-29_um_09.21.16.png?t=xoxe-1861879185255-2068564688150-2068564727718-519dfbdd8f50e154f7dac1ab76bfc0d2",
                "url_private_download": "https:\/\/files.slack.com\/files-pri\/T01RBRV5F7H-F01TCNWHPGQ\/download\/bildschirmfoto_2021-03-29_um_09.21.16.png?t=xoxe-1861879185255-2068564688150-2068564727718-519dfbdd8f50e154f7dac1ab76bfc0d2",
                "thumb_64": "https:\/\/files.slack.com\/files-tmb\/T01RBRV5F7H-F01TCNWHPGQ-e9d316ab32\/bildschirmfoto_2021-03-29_um_09.21.16_64.png?t=xoxe-1861879185255-2068564688150-2068564727718-519dfbdd8f50e154f7dac1ab76bfc0d2",
                "thumb_80": "https:\/\/files.slack.com\/files-tmb\/T01RBRV5F7H-F01TCNWHPGQ-e9d316ab32\/bildschirmfoto_2021-03-29_um_09.21.16_80.png?t=xoxe-1861879185255-2068564688150-2068564727718-519dfbdd8f50e154f7dac1ab76bfc0d2",
                "thumb_360": "https:\/\/files.slack.com\/files-tmb\/T01RBRV5F7H-F01TCNWHPGQ-e9d316ab32\/bildschirmfoto_2021-03-29_um_09.21.16_360.png?t=xoxe-1861879185255-2068564688150-2068564727718-519dfbdd8f50e154f7dac1ab76bfc0d2",
                "thumb_360_w": 343,
                "thumb_360_h": 104,
                "thumb_160": "https:\/\/files.slack.com\/files-tmb\/T01RBRV5F7H-F01TCNWHPGQ-e9d316ab32\/bildschirmfoto_2021-03-29_um_09.21.16_160.png?t=xoxe-1861879185255-2068564688150-2068564727718-519dfbdd8f50e154f7dac1ab76bfc0d2",
                "image_exif_rotation": 1,
                "original_w": 343,
                "original_h": 104,
                "thumb_tiny": "AwAOADC0F25AHf3o59B+tP2jnPNLtX+6KAI9\/OOPyNLuX3\/I0uzk4C4J7igpnrtxnPApaj0FyPf8qAAef50u1f7tKAAeBTEf\/9k=",
                "permalink": "https:\/\/data-ft-ber-03-2021.slack.com\/files\/U01S7BM4N81\/F01TCNWHPGQ\/bildschirmfoto_2021-03-29_um_09.21.16.png",
                "permalink_public": "https:\/\/slack-files.com\/T01RBRV5F7H-F01TCNWHPGQ-7f0fb75029",
                "is_starred": false,
                "has_rich_preview": false
            }
        ],
        "upload": false,
        "user": "U01S7BM4N81",
        "display_as_bot": false,
        "ts": "1617002561.007600",
        "thread_ts": "1617002561.007600",
        "reply_count": 1,
        "reply_users_count": 1,
        "latest_reply": "1617002724.008700",
        "reply_users": [
            "U01RSRE0N3D"
        ],
        "replies": [
            {
                "user": "U01RSRE0N3D",
                "ts": "1617002724.008700"
            }
        ],
        "is_locked": false,
        "subscribed": true,
        "last_read": "1617002724.008700",
        "reactions": [
            {
                "name": "grimacing",
                "users": [
                    "U01SJKB2MG8",
                    "U01RSRE0N3D"
                ],
                "count": 2
            },
            {
                "name": "sunglasses",
                "users": [
                    "U01RW2X7S9Z"
                ],
                "count": 1
            },
            {
                "name": "this-is-fine-fire",
                "users": [
                    "U01RSRE0N3D"
                ],
                "count": 1
            }
        ]
    },
    {
        "client_msg_id": "cf495998-0ac4-4899-9334-92905e0af0be",
        "type": "message",
        "text": "Lets pump it to 14 hours this week, those are rookie numbers",
        "user": "U01S7BM4N81",
        "ts": "1617002723.008600",
        "team": "T01RBRV5F7H",
        "user_team": "T01RBRV5F7H",
        "source_team": "T01RBRV5F7H",
        "user_profile": {
            "avatar_hash": "2adfc641e87e",
            "image_72": "https:\/\/avatars.slack-edge.com\/2021-04-16\/1994438084416_2adfc641e87e3a953d9c_72.png",
            "first_name": "Thamo",
            "real_name": "Thamo",
            "display_name": "Thamo",
            "team": "T01RBRV5F7H",
            "name": "thamokoeper",
            "is_restricted": false,
            "is_ultra_restricted": false
        },
        "blocks": [
            {
                "type": "rich_text",
                "block_id": "9Vbv4",
                "elements": [
                    {
                        "type": "rich_text_section",
                        "elements": [
                            {
                                "type": "text",
                                "text": "Lets pump it to 14 hours this week, those are rookie numbers"
                            }
                        ]
                    }
                ]
            }
        ],
        "reactions": [
            {
                "name": "this-is-fine-fire",
                "users": [
                    "U01RSRE0N3D"
                ],
                "count": 1
            }
        ]
    },
    {
        "client_msg_id": "57f233e3-1cdd-4b75-8f72-782c0072a32e",
        "type": "message",
        "text": "Well, 13 is a bad number :think-about-it:",
        "user": "U01RSRE0N3D",
        "ts": "1617002724.008700",
        "team": "T01RBRV5F7H",
        "user_team": "T01RBRV5F7H",
        "source_team": "T01RBRV5F7H",
        "user_profile": {
            "avatar_hash": "5b0571ca5e6f",
            "image_72": "https:\/\/avatars.slack-edge.com\/2021-03-18\/1876877550179_5b0571ca5e6fe1f759fe_72.jpg",
            "first_name": "Kosta",
            "real_name": "Kosta",
            "display_name": "Kosta",
            "team": "T01RBRV5F7H",
            "name": "kostadin.mitkov",
            "is_restricted": false,
            "is_ultra_restricted": false
        },
        "blocks": [
            {
                "type": "rich_text",
                "block_id": "bt5",
                "elements": [
                    {
                        "type": "rich_text_section",
                        "elements": [
                            {
                                "type": "text",
                                "text": "Well, 13 is a bad number "
                            },
                            {
                                "type": "emoji",
                                "name": "think-about-it"
                            }
                        ]
                    }
                ]
            }
        ],
        "thread_ts": "1617002561.007600",
        "parent_user_id": "U01S7BM4N81"
    }
]