[
    {
        "client_msg_id": "b7b4448d-baa9-4000-8002-8162d829c4a9",
        "type": "message",
        "text": "<https:\/\/open.spotify.com\/album\/6aGfK3YpRxZ1rJfaNRckLH?si=6bj-OQbiROSHoXALTa1jvg>",
        "user": "U01RW2X7S9Z",
        "ts": "1618492671.000200",
        "team": "T01RBRV5F7H",
        "user_team": "T01RBRV5F7H",
        "source_team": "T01RBRV5F7H",
        "user_profile": {
            "avatar_hash": "7e12d75d168a",
            "image_72": "https:\/\/avatars.slack-edge.com\/2021-03-19\/1880105796643_7e12d75d168ae25c167d_72.jpg",
            "first_name": "Alexandre",
            "real_name": "Alexandre Sommerkamp",
            "display_name": "Alexandre Sommerkamp",
            "team": "T01RBRV5F7H",
            "name": "alex.c.skp",
            "is_restricted": false,
            "is_ultra_restricted": false
        },
        "attachments": [
            {
                "service_name": "Spotify",
                "service_url": "https:\/\/spotify.com",
                "title": "Blizzard of Ozz (Expanded Edition)",
                "title_link": "https:\/\/open.spotify.com\/album\/6aGfK3YpRxZ1rJfaNRckLH?si=6bj-OQbiROSHoXALTa1jvg",
                "thumb_url": "https:\/\/i.scdn.co\/image\/ab67616d00001e025776e18c520194c48d92815b",
                "thumb_width": 300,
                "thumb_height": 300,
                "fallback": "Spotify Audio: Blizzard of Ozz (Expanded Edition)",
                "audio_html": "<iframe width=\"300\" height=\"380\" allowtransparency=\"true\" frameborder=\"0\" allow=\"encrypted-media\" title=\"Spotify Embed: Blizzard of Ozz (Expanded Edition)\" src=\"https:\/\/open.spotify.com\/embed\/album\/6aGfK3YpRxZ1rJfaNRckLH?si=6bj-OQbiROSHoXALTa1jvg\"><\/iframe>",
                "audio_html_width": 300,
                "audio_html_height": 380,
                "from_url": "https:\/\/open.spotify.com\/album\/6aGfK3YpRxZ1rJfaNRckLH?si=6bj-OQbiROSHoXALTa1jvg",
                "service_icon": "https:\/\/a.slack-edge.com\/80588\/img\/unfurl_icons\/spotify.png",
                "id": 1,
                "original_url": "https:\/\/open.spotify.com\/album\/6aGfK3YpRxZ1rJfaNRckLH?si=6bj-OQbiROSHoXALTa1jvg"
            }
        ],
        "blocks": [
            {
                "type": "rich_text",
                "block_id": "qU6vf",
                "elements": [
                    {
                        "type": "rich_text_section",
                        "elements": [
                            {
                                "type": "link",
                                "url": "https:\/\/open.spotify.com\/album\/6aGfK3YpRxZ1rJfaNRckLH?si=6bj-OQbiROSHoXALTa1jvg"
                            }
                        ]
                    }
                ]
            }
        ],
        "thread_ts": "1618492671.000200",
        "reply_count": 3,
        "reply_users_count": 2,
        "latest_reply": "1618563930.000800",
        "reply_users": [
            "U01S7KCL3DF",
            "U01RW2X7S9Z"
        ],
        "replies": [
            {
                "user": "U01S7KCL3DF",
                "ts": "1618559742.000100"
            },
            {
                "user": "U01RW2X7S9Z",
                "ts": "1618563904.000600"
            },
            {
                "user": "U01RW2X7S9Z",
                "ts": "1618563930.000800"
            }
        ],
        "is_locked": false,
        "subscribed": false
    },
    {
        "client_msg_id": "0b90e1e8-bc51-4ff8-a626-ccd7933059cd",
        "type": "message",
        "text": "<https:\/\/open.spotify.com\/album\/7qfE4LkRtnmWn5Vg7GFex0?si=63BxEpiYRkqnzivqNQvO5A>",
        "user": "U01RW140HBP",
        "ts": "1618492852.000500",
        "team": "T01RBRV5F7H",
        "user_team": "T01RBRV5F7H",
        "source_team": "T01RBRV5F7H",
        "user_profile": {
            "avatar_hash": "4c43a3a8d10b",
            "image_72": "https:\/\/avatars.slack-edge.com\/2021-03-21\/1895736308209_4c43a3a8d10bc2fe5e13_72.png",
            "first_name": "siand",
            "real_name": "siand the LT (she\/her)",
            "display_name": "siand the LT (she\/her)",
            "team": "T01RBRV5F7H",
            "name": "sian.davies",
            "is_restricted": false,
            "is_ultra_restricted": false
        },
        "attachments": [
            {
                "service_name": "Spotify",
                "service_url": "https:\/\/spotify.com",
                "title": "We Come From The Sun",
                "title_link": "https:\/\/open.spotify.com\/album\/7qfE4LkRtnmWn5Vg7GFex0?si=63BxEpiYRkqnzivqNQvO5A",
                "thumb_url": "https:\/\/i.scdn.co\/image\/ab67616d00001e02e72a76fcfaea1ac204cc7561",
                "thumb_width": 300,
                "thumb_height": 300,
                "fallback": "Spotify Audio: We Come From The Sun",
                "audio_html": "<iframe width=\"300\" height=\"380\" allowtransparency=\"true\" frameborder=\"0\" allow=\"encrypted-media\" title=\"Spotify Embed: We Come From The Sun\" src=\"https:\/\/open.spotify.com\/embed\/album\/7qfE4LkRtnmWn5Vg7GFex0?si=63BxEpiYRkqnzivqNQvO5A\"><\/iframe>",
                "audio_html_width": 300,
                "audio_html_height": 380,
                "from_url": "https:\/\/open.spotify.com\/album\/7qfE4LkRtnmWn5Vg7GFex0?si=63BxEpiYRkqnzivqNQvO5A",
                "service_icon": "https:\/\/a.slack-edge.com\/80588\/img\/unfurl_icons\/spotify.png",
                "id": 1,
                "original_url": "https:\/\/open.spotify.com\/album\/7qfE4LkRtnmWn5Vg7GFex0?si=63BxEpiYRkqnzivqNQvO5A"
            }
        ],
        "blocks": [
            {
                "type": "rich_text",
                "block_id": "sm7Fe",
                "elements": [
                    {
                        "type": "rich_text_section",
                        "elements": [
                            {
                                "type": "link",
                                "url": "https:\/\/open.spotify.com\/album\/7qfE4LkRtnmWn5Vg7GFex0?si=63BxEpiYRkqnzivqNQvO5A"
                            }
                        ]
                    }
                ]
            }
        ],
        "thread_ts": "1618492852.000500",
        "reply_count": 1,
        "reply_users_count": 1,
        "latest_reply": "1618493160.000700",
        "reply_users": [
            "U01RW140HBP"
        ],
        "replies": [
            {
                "user": "U01RW140HBP",
                "ts": "1618493160.000700"
            }
        ],
        "is_locked": false,
        "subscribed": false,
        "reactions": [
            {
                "name": "+1",
                "users": [
                    "U01S081EULS"
                ],
                "count": 1
            }
        ]
    },
    {
        "client_msg_id": "61b45fdb-db54-49c3-8a55-49e1adc8ef73",
        "type": "message",
        "text": "a little spoken word with music for a change",
        "user": "U01RW140HBP",
        "ts": "1618493160.000700",
        "team": "T01RBRV5F7H",
        "user_team": "T01RBRV5F7H",
        "source_team": "T01RBRV5F7H",
        "user_profile": {
            "avatar_hash": "4c43a3a8d10b",
            "image_72": "https:\/\/avatars.slack-edge.com\/2021-03-21\/1895736308209_4c43a3a8d10bc2fe5e13_72.png",
            "first_name": "siand",
            "real_name": "siand the LT (she\/her)",
            "display_name": "siand the LT (she\/her)",
            "team": "T01RBRV5F7H",
            "name": "sian.davies",
            "is_restricted": false,
            "is_ultra_restricted": false
        },
        "blocks": [
            {
                "type": "rich_text",
                "block_id": "ET0s",
                "elements": [
                    {
                        "type": "rich_text_section",
                        "elements": [
                            {
                                "type": "text",
                                "text": "a little spoken word with music for a change"
                            }
                        ]
                    }
                ]
            }
        ],
        "thread_ts": "1618492852.000500",
        "parent_user_id": "U01RW140HBP"
    },
    {
        "client_msg_id": "6630246f-52b0-41f6-b96d-cfdaad1e60c0",
        "type": "message",
        "text": "<https:\/\/open.spotify.com\/album\/6ScNKLKYY6rpgCIJThLnMH|https:\/\/open.spotify.com\/artist\/4YYxffPVDFe9XoqqbRW6Bq >",
        "user": "U01S1CWGTU4",
        "ts": "1618502712.001200",
        "team": "T01RBRV5F7H",
        "user_team": "T01RBRV5F7H",
        "source_team": "T01RBRV5F7H",
        "user_profile": {
            "avatar_hash": "09076999792d",
            "image_72": "https:\/\/avatars.slack-edge.com\/2021-03-21\/1868032103895_09076999792d539af81c_72.png",
            "first_name": "",
            "real_name": "Antonio Saleme Sastre",
            "display_name": "Antonio Saleme Sastre",
            "team": "T01RBRV5F7H",
            "name": "salemesastre",
            "is_restricted": false,
            "is_ultra_restricted": false
        },
        "attachments": [
            {
                "service_name": "Spotify",
                "service_url": "https:\/\/spotify.com",
                "title": "L-Gante: Bzrp Music Sessions, Vol. 38",
                "title_link": "https:\/\/open.spotify.com\/album\/6ScNKLKYY6rpgCIJThLnMH",
                "thumb_url": "https:\/\/i.scdn.co\/image\/ab67616d00001e02dada4e65cefce3bdc16a8dae",
                "thumb_width": 300,
                "thumb_height": 300,
                "fallback": "Spotify Audio: L-Gante: Bzrp Music Sessions, Vol. 38",
                "audio_html": "<iframe width=\"300\" height=\"380\" allowtransparency=\"true\" frameborder=\"0\" allow=\"encrypted-media\" title=\"Spotify Embed: L-Gante: Bzrp Music Sessions, Vol. 38\" src=\"https:\/\/open.spotify.com\/embed\/album\/6ScNKLKYY6rpgCIJThLnMH\"><\/iframe>",
                "audio_html_width": 300,
                "audio_html_height": 380,
                "from_url": "https:\/\/open.spotify.com\/album\/6ScNKLKYY6rpgCIJThLnMH",
                "service_icon": "https:\/\/a.slack-edge.com\/80588\/img\/unfurl_icons\/spotify.png",
                "id": 1,
                "original_url": "https:\/\/open.spotify.com\/album\/6ScNKLKYY6rpgCIJThLnMH"
            }
        ],
        "blocks": [
            {
                "type": "rich_text",
                "block_id": "ju=+2",
                "elements": [
                    {
                        "type": "rich_text_section",
                        "elements": [
                            {
                                "type": "link",
                                "url": "https:\/\/open.spotify.com\/album\/6ScNKLKYY6rpgCIJThLnMH",
                                "text": "https:\/\/open.spotify.com\/artist\/4YYxffPVDFe9XoqqbRW6Bq "
                            }
                        ]
                    }
                ]
            }
        ],
        "thread_ts": "1618502712.001200",
        "reply_count": 1,
        "reply_users_count": 1,
        "latest_reply": "1618563562.000400",
        "reply_users": [
            "U01RKN0EGDV"
        ],
        "replies": [
            {
                "user": "U01RKN0EGDV",
                "ts": "1618563562.000400"
            }
        ],
        "is_locked": false,
        "subscribed": false,
        "reactions": [
            {
                "name": "dimitri",
                "users": [
                    "U01RW2X7S9Z"
                ],
                "count": 1
            },
            {
                "name": "surprised_owl",
                "users": [
                    "U01RKN0EGDV"
                ],
                "count": 1
            }
        ]
    }
]