[
    {
        "client_msg_id": "b6c544d0-6b28-4222-863d-0c0bdfa00ca4",
        "type": "message",
        "text": "let's get in the mood for some Ranking :musical_note:\n\n<https:\/\/www.youtube.com\/watch?v=joh37lrvf-s&amp;ab_channel=viktortik>",
        "user": "U01S7KCL3DF",
        "ts": "1617794145.000300",
        "team": "T01RBRV5F7H",
        "user_team": "T01RBRV5F7H",
        "source_team": "T01RBRV5F7H",
        "user_profile": {
            "avatar_hash": "17b52091bb62",
            "image_72": "https:\/\/avatars.slack-edge.com\/2021-03-19\/1875964347925_17b52091bb62c2340b4c_72.png",
            "first_name": "Sam",
            "real_name": "Sam Katterfield",
            "display_name": "Sam",
            "team": "T01RBRV5F7H",
            "name": "samkatterfield",
            "is_restricted": false,
            "is_ultra_restricted": false
        },
        "attachments": [
            {
                "service_name": "YouTube",
                "service_url": "https:\/\/www.youtube.com\/",
                "title": "Althea &amp; Donna - Uptown Top Ranking",
                "title_link": "https:\/\/www.youtube.com\/watch?v=joh37lrvf-s&amp;ab_channel=viktortik",
                "author_name": "viktortik",
                "author_link": "https:\/\/www.youtube.com\/user\/viktortik",
                "thumb_url": "https:\/\/i.ytimg.com\/vi\/joh37lrvf-s\/hqdefault.jpg",
                "thumb_width": 480,
                "thumb_height": 360,
                "fallback": "YouTube Video: Althea & Donna - Uptown Top Ranking",
                "video_html": "<iframe width=\"400\" height=\"300\" src=\"https:\/\/www.youtube.com\/embed\/joh37lrvf-s?feature=oembed&autoplay=1&iv_load_policy=3\" frameborder=\"0\" allow=\"accelerometer; autoplay; clipboard-write; encrypted-media; gyroscope; picture-in-picture\" allowfullscreen><\/iframe>",
                "video_html_width": 400,
                "video_html_height": 300,
                "from_url": "https:\/\/www.youtube.com\/watch?v=joh37lrvf-s&amp;ab_channel=viktortik",
                "service_icon": "https:\/\/a.slack-edge.com\/80588\/img\/unfurl_icons\/youtube.png",
                "id": 1,
                "original_url": "https:\/\/www.youtube.com\/watch?v=joh37lrvf-s&amp;ab_channel=viktortik"
            }
        ],
        "blocks": [
            {
                "type": "rich_text",
                "block_id": "dbB",
                "elements": [
                    {
                        "type": "rich_text_section",
                        "elements": [
                            {
                                "type": "text",
                                "text": "let's get in the mood for some Ranking "
                            },
                            {
                                "type": "emoji",
                                "name": "musical_note"
                            },
                            {
                                "type": "text",
                                "text": "\n\n"
                            },
                            {
                                "type": "link",
                                "url": "https:\/\/www.youtube.com\/watch?v=joh37lrvf-s&ab_channel=viktortik"
                            }
                        ]
                    }
                ]
            }
        ],
        "reactions": [
            {
                "name": "dancing_dog",
                "users": [
                    "U01RSRE0N3D"
                ],
                "count": 1
            },
            {
                "name": "ear",
                "users": [
                    "U01SK96QF5E"
                ],
                "count": 1
            }
        ]
    },
    {
        "client_msg_id": "2d223914-6650-4209-a8a9-eafa3953e30b",
        "type": "message",
        "text": "<https:\/\/soundcloud.com\/leonlicht\/licht-foolik-berliner-luft-x-lokd-viertel-klub-basel-28-7-18>",
        "user": "U01S7BM4N81",
        "ts": "1617806601.000800",
        "team": "T01RBRV5F7H",
        "user_team": "T01RBRV5F7H",
        "source_team": "T01RBRV5F7H",
        "user_profile": {
            "avatar_hash": "2adfc641e87e",
            "image_72": "https:\/\/avatars.slack-edge.com\/2021-04-16\/1994438084416_2adfc641e87e3a953d9c_72.png",
            "first_name": "Thamo",
            "real_name": "Thamo",
            "display_name": "Thamo",
            "team": "T01RBRV5F7H",
            "name": "thamokoeper",
            "is_restricted": false,
            "is_ultra_restricted": false
        },
        "attachments": [
            {
                "service_name": "SoundCloud",
                "service_url": "https:\/\/soundcloud.com",
                "title": "Licht &amp; Foolik - Berliner Luft X LOKD - Viertel Klub Basel 28-7-18 by Leon Licht (Sisyphos)",
                "title_link": "https:\/\/soundcloud.com\/leonlicht\/licht-foolik-berliner-luft-x-lokd-viertel-klub-basel-28-7-18",
                "author_name": "Leon Licht (Sisyphos)",
                "author_link": "https:\/\/soundcloud.com\/leonlicht",
                "thumb_url": "https:\/\/i1.sndcdn.com\/artworks-000381428763-flxgd2-t500x500.jpg",
                "text": "enjoy!",
                "fallback": "SoundCloud Audio: Licht & Foolik - Berliner Luft X LOKD - Viertel Klub Basel 28-7-18 by Leon Licht (Sisyphos)",
                "audio_html": "<iframe width=\"100%\" height=\"150\" scrolling=\"no\" frameborder=\"no\" src=\"https:\/\/w.soundcloud.com\/player\/?visual=true&url=https%3A%2F%2Fapi.soundcloud.com%2Ftracks%2F478651845&show_artwork=true&maxheight=150\"><\/iframe>",
                "audio_html_width": 100,
                "audio_html_height": 150,
                "from_url": "https:\/\/soundcloud.com\/leonlicht\/licht-foolik-berliner-luft-x-lokd-viertel-klub-basel-28-7-18",
                "thumb_width": 500,
                "thumb_height": 500,
                "service_icon": "https:\/\/soundcloud.com\/favicon.ico",
                "id": 1,
                "original_url": "https:\/\/soundcloud.com\/leonlicht\/licht-foolik-berliner-luft-x-lokd-viertel-klub-basel-28-7-18"
            }
        ],
        "blocks": [
            {
                "type": "rich_text",
                "block_id": "\/5eN",
                "elements": [
                    {
                        "type": "rich_text_section",
                        "elements": [
                            {
                                "type": "link",
                                "url": "https:\/\/soundcloud.com\/leonlicht\/licht-foolik-berliner-luft-x-lokd-viertel-klub-basel-28-7-18"
                            }
                        ]
                    }
                ]
            }
        ]
    }
]