[
    {
        "client_msg_id": "a47c33bf-92e4-4107-9ef5-c136fc17e277",
        "type": "message",
        "text": "<https:\/\/open.spotify.com\/playlist\/37i9dQZF1E4kG3LyWyBwEp?si=e2ff5265070a4b91>",
        "user": "U01RW2X7S9Z",
        "ts": "1618823509.001100",
        "team": "T01RBRV5F7H",
        "user_team": "T01RBRV5F7H",
        "source_team": "T01RBRV5F7H",
        "user_profile": {
            "avatar_hash": "7e12d75d168a",
            "image_72": "https:\/\/avatars.slack-edge.com\/2021-03-19\/1880105796643_7e12d75d168ae25c167d_72.jpg",
            "first_name": "Alexandre",
            "real_name": "Alexandre Sommerkamp",
            "display_name": "Alexandre Sommerkamp",
            "team": "T01RBRV5F7H",
            "name": "alex.c.skp",
            "is_restricted": false,
            "is_ultra_restricted": false
        },
        "attachments": [
            {
                "service_name": "Spotify",
                "service_url": "https:\/\/spotify.com",
                "title": "Los Mirlos Radio",
                "title_link": "https:\/\/open.spotify.com\/playlist\/37i9dQZF1E4kG3LyWyBwEp?si=e2ff5265070a4b91",
                "thumb_url": "https:\/\/seeded-session-images.scdn.co\/v1\/img\/artist\/1ga48mxYYI9RuUrWLa3voh\/en",
                "thumb_width": 640,
                "thumb_height": 640,
                "fallback": "Spotify Audio: Los Mirlos Radio",
                "audio_html": "<iframe width=\"300\" height=\"380\" allowtransparency=\"true\" frameborder=\"0\" allow=\"encrypted-media\" title=\"Spotify Embed: Los Mirlos Radio\" src=\"https:\/\/open.spotify.com\/embed\/playlist\/37i9dQZF1E4kG3LyWyBwEp?si=e2ff5265070a4b91\"><\/iframe>",
                "audio_html_width": 300,
                "audio_html_height": 380,
                "from_url": "https:\/\/open.spotify.com\/playlist\/37i9dQZF1E4kG3LyWyBwEp?si=e2ff5265070a4b91",
                "service_icon": "https:\/\/a.slack-edge.com\/80588\/img\/unfurl_icons\/spotify.png",
                "id": 1,
                "original_url": "https:\/\/open.spotify.com\/playlist\/37i9dQZF1E4kG3LyWyBwEp?si=e2ff5265070a4b91"
            }
        ],
        "blocks": [
            {
                "type": "rich_text",
                "block_id": "LHnR",
                "elements": [
                    {
                        "type": "rich_text_section",
                        "elements": [
                            {
                                "type": "link",
                                "url": "https:\/\/open.spotify.com\/playlist\/37i9dQZF1E4kG3LyWyBwEp?si=e2ff5265070a4b91"
                            }
                        ]
                    }
                ]
            }
        ],
        "thread_ts": "1618823509.001100",
        "reply_count": 1,
        "reply_users_count": 1,
        "latest_reply": "1619084169.000500",
        "reply_users": [
            "U01RW140HBP"
        ],
        "replies": [
            {
                "user": "U01RW140HBP",
                "ts": "1619084169.000500"
            }
        ],
        "is_locked": false,
        "subscribed": false,
        "reactions": [
            {
                "name": "heart",
                "users": [
                    "U01S1CWGTU4"
                ],
                "count": 1
            },
            {
                "name": "dancer",
                "users": [
                    "U01SK96QF5E"
                ],
                "count": 1
            }
        ]
    }
]