[
    {
        "client_msg_id": "a7dc37a0-54c2-484f-bea2-5f1f37ded2c2",
        "type": "message",
        "text": "<https:\/\/www.youtube.com\/watch?v=CvWTlFPWjb4&amp;list=PLxA687tYuMWj_V3eiVNidfTBQl1sxYc_7&amp;index=5>",
        "user": "U01RXCQHMHT",
        "ts": "1618690501.003400",
        "team": "T01RBRV5F7H",
        "user_team": "T01RBRV5F7H",
        "source_team": "T01RBRV5F7H",
        "user_profile": {
            "avatar_hash": "7290c61c38a0",
            "image_72": "https:\/\/avatars.slack-edge.com\/2021-03-22\/1898002028225_7290c61c38a01ad66680_72.jpg",
            "first_name": "Thanh",
            "real_name": "Thanh Tung Ha Thuc DAFT Berlin March 2021",
            "display_name": "Tony Ha",
            "team": "T01RBRV5F7H",
            "name": "tony.hathuc",
            "is_restricted": false,
            "is_ultra_restricted": false
        },
        "attachments": [
            {
                "service_name": "YouTube",
                "service_url": "https:\/\/www.youtube.com\/",
                "title": "Logic - Open Mic \/ Aquarius III (Official Audio)",
                "title_link": "https:\/\/www.youtube.com\/watch?v=CvWTlFPWjb4&amp;index=5",
                "author_name": "Visionary Music Group",
                "author_link": "https:\/\/www.youtube.com\/user\/VisionaryMGMT",
                "thumb_url": "https:\/\/i.ytimg.com\/vi\/CvWTlFPWjb4\/hqdefault.jpg",
                "thumb_width": 480,
                "thumb_height": 360,
                "fallback": "YouTube Video: Logic - Open Mic \/ Aquarius III (Official Audio)",
                "video_html": "<iframe width=\"400\" height=\"225\" src=\"https:\/\/www.youtube.com\/embed\/CvWTlFPWjb4?feature=oembed&autoplay=1&iv_load_policy=3\" frameborder=\"0\" allow=\"accelerometer; autoplay; clipboard-write; encrypted-media; gyroscope; picture-in-picture\" allowfullscreen><\/iframe>",
                "video_html_width": 400,
                "video_html_height": 225,
                "from_url": "https:\/\/www.youtube.com\/watch?v=CvWTlFPWjb4&amp;index=5",
                "service_icon": "https:\/\/a.slack-edge.com\/80588\/img\/unfurl_icons\/youtube.png",
                "id": 1,
                "original_url": "https:\/\/www.youtube.com\/watch?v=CvWTlFPWjb4&amp;list=PLxA687tYuMWj_V3eiVNidfTBQl1sxYc_7&amp;index=5"
            }
        ],
        "blocks": [
            {
                "type": "rich_text",
                "block_id": "9wZcK",
                "elements": [
                    {
                        "type": "rich_text_section",
                        "elements": [
                            {
                                "type": "link",
                                "url": "https:\/\/www.youtube.com\/watch?v=CvWTlFPWjb4&list=PLxA687tYuMWj_V3eiVNidfTBQl1sxYc_7&index=5"
                            }
                        ]
                    }
                ]
            }
        ]
    }
]