[
    {
        "client_msg_id": "42dffb93-7564-4e9a-a401-f499fc6cce79",
        "type": "message",
        "text": "u goin to the berlin show…if he’s still alive by then?",
        "user": "U01S7KCL3DF",
        "ts": "1618559742.000100",
        "team": "T01RBRV5F7H",
        "user_team": "T01RBRV5F7H",
        "source_team": "T01RBRV5F7H",
        "user_profile": {
            "avatar_hash": "17b52091bb62",
            "image_72": "https:\/\/avatars.slack-edge.com\/2021-03-19\/1875964347925_17b52091bb62c2340b4c_72.png",
            "first_name": "Sam",
            "real_name": "Sam Katterfield",
            "display_name": "Sam",
            "team": "T01RBRV5F7H",
            "name": "samkatterfield",
            "is_restricted": false,
            "is_ultra_restricted": false
        },
        "blocks": [
            {
                "type": "rich_text",
                "block_id": "z7Oo",
                "elements": [
                    {
                        "type": "rich_text_section",
                        "elements": [
                            {
                                "type": "text",
                                "text": "u goin to the berlin show…if he’s still alive by then?"
                            }
                        ]
                    }
                ]
            }
        ],
        "thread_ts": "1618492671.000200",
        "parent_user_id": "U01RW2X7S9Z"
    },
    {
        "client_msg_id": "e94517d5-8c90-419a-9cfc-1ec17a16514f",
        "type": "message",
        "text": "unexpected hahahhahha",
        "user": "U01RKN0EGDV",
        "ts": "1618563562.000400",
        "team": "T01RBRV5F7H",
        "user_team": "T01RBRV5F7H",
        "source_team": "T01RBRV5F7H",
        "user_profile": {
            "avatar_hash": "abe46e9352ee",
            "image_72": "https:\/\/avatars.slack-edge.com\/2021-03-24\/1878427345639_abe46e9352ee26531094_72.jpg",
            "first_name": "Marian",
            "real_name": "Marian Moreno",
            "display_name": "Marian (she\/her)",
            "team": "T01RBRV5F7H",
            "name": "marimor62",
            "is_restricted": false,
            "is_ultra_restricted": false
        },
        "blocks": [
            {
                "type": "rich_text",
                "block_id": "cAyW",
                "elements": [
                    {
                        "type": "rich_text_section",
                        "elements": [
                            {
                                "type": "text",
                                "text": "unexpected hahahhahha"
                            }
                        ]
                    }
                ]
            }
        ],
        "thread_ts": "1618502712.001200",
        "parent_user_id": "U01S1CWGTU4",
        "reactions": [
            {
                "name": "rolling_on_the_floor_laughing",
                "users": [
                    "U01S1CWGTU4"
                ],
                "count": 1
            }
        ]
    },
    {
        "client_msg_id": "eb87a9a2-de8d-4110-b0a3-e55da716e82f",
        "type": "message",
        "text": "haha saw the posters but didnt plan to",
        "user": "U01RW2X7S9Z",
        "ts": "1618563904.000600",
        "team": "T01RBRV5F7H",
        "user_team": "T01RBRV5F7H",
        "source_team": "T01RBRV5F7H",
        "user_profile": {
            "avatar_hash": "7e12d75d168a",
            "image_72": "https:\/\/avatars.slack-edge.com\/2021-03-19\/1880105796643_7e12d75d168ae25c167d_72.jpg",
            "first_name": "Alexandre",
            "real_name": "Alexandre Sommerkamp",
            "display_name": "Alexandre Sommerkamp",
            "team": "T01RBRV5F7H",
            "name": "alex.c.skp",
            "is_restricted": false,
            "is_ultra_restricted": false
        },
        "blocks": [
            {
                "type": "rich_text",
                "block_id": "DNLDL",
                "elements": [
                    {
                        "type": "rich_text_section",
                        "elements": [
                            {
                                "type": "text",
                                "text": "haha saw the posters but didnt plan to"
                            }
                        ]
                    }
                ]
            }
        ],
        "thread_ts": "1618492671.000200",
        "parent_user_id": "U01RW2X7S9Z"
    },
    {
        "client_msg_id": "92756ea8-0040-423c-a610-187f95308af1",
        "type": "message",
        "text": "id probably come out 90 bucks poorer and dissapointed",
        "user": "U01RW2X7S9Z",
        "ts": "1618563930.000800",
        "team": "T01RBRV5F7H",
        "user_team": "T01RBRV5F7H",
        "source_team": "T01RBRV5F7H",
        "user_profile": {
            "avatar_hash": "7e12d75d168a",
            "image_72": "https:\/\/avatars.slack-edge.com\/2021-03-19\/1880105796643_7e12d75d168ae25c167d_72.jpg",
            "first_name": "Alexandre",
            "real_name": "Alexandre Sommerkamp",
            "display_name": "Alexandre Sommerkamp",
            "team": "T01RBRV5F7H",
            "name": "alex.c.skp",
            "is_restricted": false,
            "is_ultra_restricted": false
        },
        "blocks": [
            {
                "type": "rich_text",
                "block_id": "uZ7",
                "elements": [
                    {
                        "type": "rich_text_section",
                        "elements": [
                            {
                                "type": "text",
                                "text": "id probably come out 90 bucks poorer and dissapointed"
                            }
                        ]
                    }
                ]
            }
        ],
        "thread_ts": "1618492671.000200",
        "parent_user_id": "U01RW2X7S9Z"
    },
    {
        "client_msg_id": "cb10b702-e180-4584-a8e8-29b838088c04",
        "type": "message",
        "text": "I’m on the Y_train\n\n<https:\/\/www.youtube.com\/watch?v=-ctuNkG611U&amp;ab_channel=alugo14>",
        "user": "U01S7KCL3DF",
        "ts": "1618569569.001200",
        "team": "T01RBRV5F7H",
        "user_team": "T01RBRV5F7H",
        "source_team": "T01RBRV5F7H",
        "user_profile": {
            "avatar_hash": "17b52091bb62",
            "image_72": "https:\/\/avatars.slack-edge.com\/2021-03-19\/1875964347925_17b52091bb62c2340b4c_72.png",
            "first_name": "Sam",
            "real_name": "Sam Katterfield",
            "display_name": "Sam",
            "team": "T01RBRV5F7H",
            "name": "samkatterfield",
            "is_restricted": false,
            "is_ultra_restricted": false
        },
        "attachments": [
            {
                "service_name": "YouTube",
                "service_url": "https:\/\/www.youtube.com\/",
                "title": "Guns N Roses - Nightrain (Appetite For Destruction)",
                "title_link": "https:\/\/www.youtube.com\/watch?v=-ctuNkG611U&amp;ab_channel=alugo14",
                "author_name": "alugo 14",
                "author_link": "https:\/\/www.youtube.com\/user\/alugo14",
                "thumb_url": "https:\/\/i.ytimg.com\/vi\/-ctuNkG611U\/hqdefault.jpg",
                "thumb_width": 480,
                "thumb_height": 360,
                "fallback": "YouTube Video: Guns N Roses - Nightrain (Appetite For Destruction)",
                "video_html": "<iframe width=\"400\" height=\"300\" src=\"https:\/\/www.youtube.com\/embed\/-ctuNkG611U?feature=oembed&autoplay=1&iv_load_policy=3\" frameborder=\"0\" allow=\"accelerometer; autoplay; clipboard-write; encrypted-media; gyroscope; picture-in-picture\" allowfullscreen><\/iframe>",
                "video_html_width": 400,
                "video_html_height": 300,
                "from_url": "https:\/\/www.youtube.com\/watch?v=-ctuNkG611U&amp;ab_channel=alugo14",
                "service_icon": "https:\/\/a.slack-edge.com\/80588\/img\/unfurl_icons\/youtube.png",
                "id": 1,
                "original_url": "https:\/\/www.youtube.com\/watch?v=-ctuNkG611U&amp;ab_channel=alugo14"
            }
        ],
        "blocks": [
            {
                "type": "rich_text",
                "block_id": "+MeY",
                "elements": [
                    {
                        "type": "rich_text_section",
                        "elements": [
                            {
                                "type": "text",
                                "text": "I’m on the Y_train\n\n"
                            },
                            {
                                "type": "link",
                                "url": "https:\/\/www.youtube.com\/watch?v=-ctuNkG611U&ab_channel=alugo14"
                            }
                        ]
                    }
                ]
            }
        ],
        "reactions": [
            {
                "name": "fast_parrot",
                "users": [
                    "U01S7BM4N81",
                    "U01S081EULS"
                ],
                "count": 2
            }
        ]
    },
    {
        "client_msg_id": "f9d0b0d7-0a1b-4f15-b5c1-92904f27505f",
        "type": "message",
        "text": "Does sound like the name of a set you'd find on Soundcloud",
        "user": "U01S7KCL3DF",
        "ts": "1618574618.001600",
        "team": "T01RBRV5F7H",
        "user_team": "T01RBRV5F7H",
        "source_team": "T01RBRV5F7H",
        "user_profile": {
            "avatar_hash": "17b52091bb62",
            "image_72": "https:\/\/avatars.slack-edge.com\/2021-03-19\/1875964347925_17b52091bb62c2340b4c_72.png",
            "first_name": "Sam",
            "real_name": "Sam Katterfield",
            "display_name": "Sam",
            "team": "T01RBRV5F7H",
            "name": "samkatterfield",
            "is_restricted": false,
            "is_ultra_restricted": false
        },
        "blocks": [
            {
                "type": "rich_text",
                "block_id": "5WIIy",
                "elements": [
                    {
                        "type": "rich_text_section",
                        "elements": [
                            {
                                "type": "text",
                                "text": "Does sound like the name of a set you'd find on Soundcloud"
                            }
                        ]
                    }
                ]
            }
        ],
        "thread_ts": "1618393774.000500",
        "parent_user_id": "U01S79YDELR"
    },
    {
        "client_msg_id": "31622e28-6e34-4ef5-bb2a-b38d37f0c3da",
        "type": "message",
        "text": "project diet <@U01RW2X7S9Z> :aaw_yeah:\n\n<https:\/\/www.youtube.com\/watch?v=A0UEVUbLpRA&amp;ab_channel=SajmoonPL>",
        "user": "U01S7KCL3DF",
        "ts": "1618576930.002000",
        "team": "T01RBRV5F7H",
        "user_team": "T01RBRV5F7H",
        "source_team": "T01RBRV5F7H",
        "user_profile": {
            "avatar_hash": "17b52091bb62",
            "image_72": "https:\/\/avatars.slack-edge.com\/2021-03-19\/1875964347925_17b52091bb62c2340b4c_72.png",
            "first_name": "Sam",
            "real_name": "Sam Katterfield",
            "display_name": "Sam",
            "team": "T01RBRV5F7H",
            "name": "samkatterfield",
            "is_restricted": false,
            "is_ultra_restricted": false
        },
        "attachments": [
            {
                "service_name": "YouTube",
                "service_url": "https:\/\/www.youtube.com\/",
                "title": "Beenie Man &amp; Fambo - I'm drinking Rum &amp; Red Bull",
                "title_link": "https:\/\/www.youtube.com\/watch?v=A0UEVUbLpRA&amp;ab_channel=SajmoonPL",
                "author_name": "SajmoonPL",
                "author_link": "https:\/\/www.youtube.com\/user\/SajmoonPL",
                "thumb_url": "https:\/\/i.ytimg.com\/vi\/A0UEVUbLpRA\/hqdefault.jpg",
                "thumb_width": 480,
                "thumb_height": 360,
                "fallback": "YouTube Video: Beenie Man & Fambo - I'm drinking Rum & Red Bull",
                "video_html": "<iframe width=\"400\" height=\"300\" src=\"https:\/\/www.youtube.com\/embed\/A0UEVUbLpRA?feature=oembed&autoplay=1&iv_load_policy=3\" frameborder=\"0\" allow=\"accelerometer; autoplay; clipboard-write; encrypted-media; gyroscope; picture-in-picture\" allowfullscreen><\/iframe>",
                "video_html_width": 400,
                "video_html_height": 300,
                "from_url": "https:\/\/www.youtube.com\/watch?v=A0UEVUbLpRA&amp;ab_channel=SajmoonPL",
                "service_icon": "https:\/\/a.slack-edge.com\/80588\/img\/unfurl_icons\/youtube.png",
                "id": 1,
                "original_url": "https:\/\/www.youtube.com\/watch?v=A0UEVUbLpRA&amp;ab_channel=SajmoonPL"
            }
        ],
        "blocks": [
            {
                "type": "rich_text",
                "block_id": "VV3o",
                "elements": [
                    {
                        "type": "rich_text_section",
                        "elements": [
                            {
                                "type": "text",
                                "text": "project diet "
                            },
                            {
                                "type": "user",
                                "user_id": "U01RW2X7S9Z"
                            },
                            {
                                "type": "text",
                                "text": " "
                            },
                            {
                                "type": "emoji",
                                "name": "aaw_yeah"
                            },
                            {
                                "type": "text",
                                "text": "\n\n"
                            },
                            {
                                "type": "link",
                                "url": "https:\/\/www.youtube.com\/watch?v=A0UEVUbLpRA&ab_channel=SajmoonPL"
                            }
                        ]
                    }
                ]
            }
        ]
    },
    {
        "client_msg_id": "dd470882-9e25-42c4-b4b0-9475eb916da0",
        "type": "message",
        "text": "good idea, got some rum here",
        "user": "U01RW2X7S9Z",
        "ts": "1618576955.002300",
        "team": "T01RBRV5F7H",
        "user_team": "T01RBRV5F7H",
        "source_team": "T01RBRV5F7H",
        "user_profile": {
            "avatar_hash": "7e12d75d168a",
            "image_72": "https:\/\/avatars.slack-edge.com\/2021-03-19\/1880105796643_7e12d75d168ae25c167d_72.jpg",
            "first_name": "Alexandre",
            "real_name": "Alexandre Sommerkamp",
            "display_name": "Alexandre Sommerkamp",
            "team": "T01RBRV5F7H",
            "name": "alex.c.skp",
            "is_restricted": false,
            "is_ultra_restricted": false
        },
        "blocks": [
            {
                "type": "rich_text",
                "block_id": "vGuj",
                "elements": [
                    {
                        "type": "rich_text_section",
                        "elements": [
                            {
                                "type": "text",
                                "text": "good idea, got some rum here"
                            }
                        ]
                    }
                ]
            }
        ]
    },
    {
        "client_msg_id": "e4a6436c-5a9c-415d-983c-0514d3fbdf97",
        "type": "message",
        "text": "A friend from Argentina :slightly_smiling_face: <https:\/\/www.youtube.com\/watch?v=tWYZmKe224I>",
        "user": "U01S1CWGTU4",
        "ts": "1618587471.003000",
        "team": "T01RBRV5F7H",
        "user_team": "T01RBRV5F7H",
        "source_team": "T01RBRV5F7H",
        "user_profile": {
            "avatar_hash": "09076999792d",
            "image_72": "https:\/\/avatars.slack-edge.com\/2021-03-21\/1868032103895_09076999792d539af81c_72.png",
            "first_name": "",
            "real_name": "Antonio Saleme Sastre",
            "display_name": "Antonio Saleme Sastre",
            "team": "T01RBRV5F7H",
            "name": "salemesastre",
            "is_restricted": false,
            "is_ultra_restricted": false
        },
        "attachments": [
            {
                "service_name": "YouTube",
                "service_url": "https:\/\/www.youtube.com\/",
                "title": "Summertime Maria Castillo De Lima",
                "title_link": "https:\/\/www.youtube.com\/watch?v=tWYZmKe224I",
                "author_name": "María Castillo De Lima",
                "author_link": "https:\/\/www.youtube.com\/channel\/UCNzxhImdgyhaUR0xWmU5xjw",
                "thumb_url": "https:\/\/i.ytimg.com\/vi\/tWYZmKe224I\/hqdefault.jpg",
                "thumb_width": 480,
                "thumb_height": 360,
                "fallback": "YouTube Video: Summertime Maria Castillo De Lima",
                "video_html": "<iframe width=\"400\" height=\"225\" src=\"https:\/\/www.youtube.com\/embed\/tWYZmKe224I?feature=oembed&autoplay=1&iv_load_policy=3\" frameborder=\"0\" allow=\"accelerometer; autoplay; clipboard-write; encrypted-media; gyroscope; picture-in-picture\" allowfullscreen><\/iframe>",
                "video_html_width": 400,
                "video_html_height": 225,
                "from_url": "https:\/\/www.youtube.com\/watch?v=tWYZmKe224I",
                "service_icon": "https:\/\/a.slack-edge.com\/80588\/img\/unfurl_icons\/youtube.png",
                "id": 1,
                "original_url": "https:\/\/www.youtube.com\/watch?v=tWYZmKe224I"
            }
        ],
        "blocks": [
            {
                "type": "rich_text",
                "block_id": "tuSLE",
                "elements": [
                    {
                        "type": "rich_text_section",
                        "elements": [
                            {
                                "type": "text",
                                "text": "A friend from Argentina "
                            },
                            {
                                "type": "emoji",
                                "name": "slightly_smiling_face"
                            },
                            {
                                "type": "text",
                                "text": " "
                            },
                            {
                                "type": "link",
                                "url": "https:\/\/www.youtube.com\/watch?v=tWYZmKe224I"
                            }
                        ]
                    }
                ]
            }
        ],
        "reactions": [
            {
                "name": "aaw_yeah",
                "users": [
                    "U01S7KCL3DF"
                ],
                "count": 1
            }
        ]
    }
]