[
    {
        "client_msg_id": "a97417bb-ad86-4102-88ce-968ee2b5606a",
        "type": "message",
        "text": "<@U01S7KCL3DF> <https:\/\/www.youtube.com\/watch?v=0qs2cPVZQ8w>",
        "user": "U01RXCQHMHT",
        "ts": "1618747623.000200",
        "team": "T01RBRV5F7H",
        "user_team": "T01RBRV5F7H",
        "source_team": "T01RBRV5F7H",
        "user_profile": {
            "avatar_hash": "7290c61c38a0",
            "image_72": "https:\/\/avatars.slack-edge.com\/2021-03-22\/1898002028225_7290c61c38a01ad66680_72.jpg",
            "first_name": "Thanh",
            "real_name": "Thanh Tung Ha Thuc DAFT Berlin March 2021",
            "display_name": "Tony Ha",
            "team": "T01RBRV5F7H",
            "name": "tony.hathuc",
            "is_restricted": false,
            "is_ultra_restricted": false
        },
        "attachments": [
            {
                "service_name": "YouTube",
                "service_url": "https:\/\/www.youtube.com\/",
                "title": "TRAPPIN IN ＪＡＰＡＮ  10",
                "title_link": "https:\/\/www.youtube.com\/watch?v=0qs2cPVZQ8w",
                "author_name": "R y a n C e l s i u s ° S o u n d s",
                "author_link": "https:\/\/www.youtube.com\/user\/ryancelsiuss",
                "thumb_url": "https:\/\/i.ytimg.com\/vi\/0qs2cPVZQ8w\/hqdefault.jpg",
                "thumb_width": 480,
                "thumb_height": 360,
                "fallback": "YouTube Video: TRAPPIN IN ＪＡＰＡＮ  10",
                "video_html": "<iframe width=\"400\" height=\"225\" src=\"https:\/\/www.youtube.com\/embed\/0qs2cPVZQ8w?feature=oembed&autoplay=1&iv_load_policy=3\" frameborder=\"0\" allow=\"accelerometer; autoplay; clipboard-write; encrypted-media; gyroscope; picture-in-picture\" allowfullscreen><\/iframe>",
                "video_html_width": 400,
                "video_html_height": 225,
                "from_url": "https:\/\/www.youtube.com\/watch?v=0qs2cPVZQ8w",
                "service_icon": "https:\/\/a.slack-edge.com\/80588\/img\/unfurl_icons\/youtube.png",
                "id": 1,
                "original_url": "https:\/\/www.youtube.com\/watch?v=0qs2cPVZQ8w"
            }
        ],
        "blocks": [
            {
                "type": "rich_text",
                "block_id": "ap5z",
                "elements": [
                    {
                        "type": "rich_text_section",
                        "elements": [
                            {
                                "type": "user",
                                "user_id": "U01S7KCL3DF"
                            },
                            {
                                "type": "text",
                                "text": " "
                            },
                            {
                                "type": "link",
                                "url": "https:\/\/www.youtube.com\/watch?v=0qs2cPVZQ8w"
                            }
                        ]
                    }
                ]
            }
        ],
        "thread_ts": "1618747623.000200",
        "reply_count": 2,
        "reply_users_count": 2,
        "latest_reply": "1618749358.000600",
        "reply_users": [
            "U01RXCQHMHT",
            "U01S7KCL3DF"
        ],
        "replies": [
            {
                "user": "U01RXCQHMHT",
                "ts": "1618747631.000400"
            },
            {
                "user": "U01S7KCL3DF",
                "ts": "1618749358.000600"
            }
        ],
        "is_locked": false,
        "subscribed": true,
        "last_read": "1618749358.000600",
        "reactions": [
            {
                "name": "v",
                "users": [
                    "U01RSRE0N3D"
                ],
                "count": 1
            }
        ]
    },
    {
        "client_msg_id": "f7ef8603-7f10-4f53-ab29-9798561c8c69",
        "type": "message",
        "text": "<@U01RSRE0N3D>",
        "user": "U01RXCQHMHT",
        "ts": "1618747631.000400",
        "team": "T01RBRV5F7H",
        "user_team": "T01RBRV5F7H",
        "source_team": "T01RBRV5F7H",
        "user_profile": {
            "avatar_hash": "7290c61c38a0",
            "image_72": "https:\/\/avatars.slack-edge.com\/2021-03-22\/1898002028225_7290c61c38a01ad66680_72.jpg",
            "first_name": "Thanh",
            "real_name": "Thanh Tung Ha Thuc DAFT Berlin March 2021",
            "display_name": "Tony Ha",
            "team": "T01RBRV5F7H",
            "name": "tony.hathuc",
            "is_restricted": false,
            "is_ultra_restricted": false
        },
        "blocks": [
            {
                "type": "rich_text",
                "block_id": "OKr",
                "elements": [
                    {
                        "type": "rich_text_section",
                        "elements": [
                            {
                                "type": "user",
                                "user_id": "U01RSRE0N3D"
                            }
                        ]
                    }
                ]
            }
        ],
        "thread_ts": "1618747623.000200",
        "parent_user_id": "U01RXCQHMHT"
    },
    {
        "client_msg_id": "4ece9294-a4d2-43d1-bebb-6d860c2968ed",
        "type": "message",
        "text": "JP Drill?",
        "user": "U01S7KCL3DF",
        "ts": "1618749358.000600",
        "team": "T01RBRV5F7H",
        "user_team": "T01RBRV5F7H",
        "source_team": "T01RBRV5F7H",
        "user_profile": {
            "avatar_hash": "17b52091bb62",
            "image_72": "https:\/\/avatars.slack-edge.com\/2021-03-19\/1875964347925_17b52091bb62c2340b4c_72.png",
            "first_name": "Sam",
            "real_name": "Sam Katterfield",
            "display_name": "Sam",
            "team": "T01RBRV5F7H",
            "name": "samkatterfield",
            "is_restricted": false,
            "is_ultra_restricted": false
        },
        "blocks": [
            {
                "type": "rich_text",
                "block_id": "FRGp",
                "elements": [
                    {
                        "type": "rich_text_section",
                        "elements": [
                            {
                                "type": "text",
                                "text": "JP Drill?"
                            }
                        ]
                    }
                ]
            }
        ],
        "thread_ts": "1618747623.000200",
        "parent_user_id": "U01RXCQHMHT"
    },
    {
        "client_msg_id": "b21d923d-43a7-421d-a47a-64a6fac8a4d1",
        "type": "message",
        "text": "good morning! <https:\/\/youtu.be\/tVvTDVswTxQ|https:\/\/youtu.be\/tVvTDVswTxQ>",
        "user": "U01S1CWGTU4",
        "ts": "1618814172.000600",
        "team": "T01RBRV5F7H",
        "user_team": "T01RBRV5F7H",
        "source_team": "T01RBRV5F7H",
        "user_profile": {
            "avatar_hash": "09076999792d",
            "image_72": "https:\/\/avatars.slack-edge.com\/2021-03-21\/1868032103895_09076999792d539af81c_72.png",
            "first_name": "",
            "real_name": "Antonio Saleme Sastre",
            "display_name": "Antonio Saleme Sastre",
            "team": "T01RBRV5F7H",
            "name": "salemesastre",
            "is_restricted": false,
            "is_ultra_restricted": false
        },
        "attachments": [
            {
                "service_name": "YouTube",
                "service_url": "https:\/\/www.youtube.com\/",
                "title": "Ji Ji Ji - Estadio Único de La Plata - Indio en Concierto [2008] Full HD",
                "title_link": "https:\/\/youtu.be\/tVvTDVswTxQ",
                "author_name": "Indio Solari Oficial",
                "author_link": "https:\/\/www.youtube.com\/channel\/UCzq3uuDGcV7U3l39tqRMwhA",
                "thumb_url": "https:\/\/i.ytimg.com\/vi\/tVvTDVswTxQ\/hqdefault.jpg",
                "thumb_width": 480,
                "thumb_height": 360,
                "fallback": "YouTube Video: Ji Ji Ji - Estadio Único de La Plata - Indio en Concierto [2008] Full HD",
                "video_html": "<iframe width=\"400\" height=\"225\" src=\"https:\/\/www.youtube.com\/embed\/tVvTDVswTxQ?feature=oembed&autoplay=1&iv_load_policy=3\" frameborder=\"0\" allow=\"accelerometer; autoplay; clipboard-write; encrypted-media; gyroscope; picture-in-picture\" allowfullscreen><\/iframe>",
                "video_html_width": 400,
                "video_html_height": 225,
                "from_url": "https:\/\/youtu.be\/tVvTDVswTxQ",
                "service_icon": "https:\/\/a.slack-edge.com\/80588\/img\/unfurl_icons\/youtube.png",
                "id": 1,
                "original_url": "https:\/\/youtu.be\/tVvTDVswTxQ"
            }
        ],
        "blocks": [
            {
                "type": "rich_text",
                "block_id": "GLx=",
                "elements": [
                    {
                        "type": "rich_text_section",
                        "elements": [
                            {
                                "type": "text",
                                "text": "good morning! "
                            },
                            {
                                "type": "link",
                                "url": "https:\/\/youtu.be\/tVvTDVswTxQ",
                                "text": "https:\/\/youtu.be\/tVvTDVswTxQ"
                            }
                        ]
                    }
                ]
            }
        ],
        "reactions": [
            {
                "name": "raised_hands",
                "users": [
                    "U01RW140HBP",
                    "U01S081EULS"
                ],
                "count": 2
            },
            {
                "name": "giphy",
                "users": [
                    "U01RW2X7S9Z"
                ],
                "count": 1
            },
            {
                "name": "dancing_dog",
                "users": [
                    "U01RKN0EGDV"
                ],
                "count": 1
            }
        ]
    }
]