[
    {
        "type": "message",
        "text": "the YouTube algorithm is coming up with some dream combos",
        "files": [
            {
                "id": "F01ULCVAFQ8",
                "created": 1618038228,
                "timestamp": 1618038228,
                "name": "WhatsApp Image 2021-04-10 at 08.48.09.jpeg",
                "title": "WhatsApp Image 2021-04-10 at 08.48.09.jpeg",
                "mimetype": "image\/jpeg",
                "filetype": "jpg",
                "pretty_type": "JPEG",
                "user": "U01S7KCL3DF",
                "editable": false,
                "size": 151188,
                "mode": "hosted",
                "is_external": false,
                "external_type": "",
                "is_public": true,
                "public_url_shared": false,
                "display_as_bot": false,
                "username": "",
                "url_private": "https:\/\/files.slack.com\/files-pri\/T01RBRV5F7H-F01ULCVAFQ8\/whatsapp_image_2021-04-10_at_08.48.09.jpeg?t=xoxe-1861879185255-2068564688150-2068564727718-519dfbdd8f50e154f7dac1ab76bfc0d2",
                "url_private_download": "https:\/\/files.slack.com\/files-pri\/T01RBRV5F7H-F01ULCVAFQ8\/download\/whatsapp_image_2021-04-10_at_08.48.09.jpeg?t=xoxe-1861879185255-2068564688150-2068564727718-519dfbdd8f50e154f7dac1ab76bfc0d2",
                "thumb_64": "https:\/\/files.slack.com\/files-tmb\/T01RBRV5F7H-F01ULCVAFQ8-b51657f5c9\/whatsapp_image_2021-04-10_at_08.48.09_64.jpg?t=xoxe-1861879185255-2068564688150-2068564727718-519dfbdd8f50e154f7dac1ab76bfc0d2",
                "thumb_80": "https:\/\/files.slack.com\/files-tmb\/T01RBRV5F7H-F01ULCVAFQ8-b51657f5c9\/whatsapp_image_2021-04-10_at_08.48.09_80.jpg?t=xoxe-1861879185255-2068564688150-2068564727718-519dfbdd8f50e154f7dac1ab76bfc0d2",
                "thumb_360": "https:\/\/files.slack.com\/files-tmb\/T01RBRV5F7H-F01ULCVAFQ8-b51657f5c9\/whatsapp_image_2021-04-10_at_08.48.09_360.jpg?t=xoxe-1861879185255-2068564688150-2068564727718-519dfbdd8f50e154f7dac1ab76bfc0d2",
                "thumb_360_w": 360,
                "thumb_360_h": 176,
                "thumb_480": "https:\/\/files.slack.com\/files-tmb\/T01RBRV5F7H-F01ULCVAFQ8-b51657f5c9\/whatsapp_image_2021-04-10_at_08.48.09_480.jpg?t=xoxe-1861879185255-2068564688150-2068564727718-519dfbdd8f50e154f7dac1ab76bfc0d2",
                "thumb_480_w": 480,
                "thumb_480_h": 235,
                "thumb_160": "https:\/\/files.slack.com\/files-tmb\/T01RBRV5F7H-F01ULCVAFQ8-b51657f5c9\/whatsapp_image_2021-04-10_at_08.48.09_160.jpg?t=xoxe-1861879185255-2068564688150-2068564727718-519dfbdd8f50e154f7dac1ab76bfc0d2",
                "thumb_720": "https:\/\/files.slack.com\/files-tmb\/T01RBRV5F7H-F01ULCVAFQ8-b51657f5c9\/whatsapp_image_2021-04-10_at_08.48.09_720.jpg?t=xoxe-1861879185255-2068564688150-2068564727718-519dfbdd8f50e154f7dac1ab76bfc0d2",
                "thumb_720_w": 720,
                "thumb_720_h": 352,
                "thumb_800": "https:\/\/files.slack.com\/files-tmb\/T01RBRV5F7H-F01ULCVAFQ8-b51657f5c9\/whatsapp_image_2021-04-10_at_08.48.09_800.jpg?t=xoxe-1861879185255-2068564688150-2068564727718-519dfbdd8f50e154f7dac1ab76bfc0d2",
                "thumb_800_w": 800,
                "thumb_800_h": 391,
                "thumb_960": "https:\/\/files.slack.com\/files-tmb\/T01RBRV5F7H-F01ULCVAFQ8-b51657f5c9\/whatsapp_image_2021-04-10_at_08.48.09_960.jpg?t=xoxe-1861879185255-2068564688150-2068564727718-519dfbdd8f50e154f7dac1ab76bfc0d2",
                "thumb_960_w": 960,
                "thumb_960_h": 469,
                "thumb_1024": "https:\/\/files.slack.com\/files-tmb\/T01RBRV5F7H-F01ULCVAFQ8-b51657f5c9\/whatsapp_image_2021-04-10_at_08.48.09_1024.jpg?t=xoxe-1861879185255-2068564688150-2068564727718-519dfbdd8f50e154f7dac1ab76bfc0d2",
                "thumb_1024_w": 1024,
                "thumb_1024_h": 501,
                "original_w": 1268,
                "original_h": 620,
                "thumb_tiny": "AwAXADCACHyl+Tc+Oee9Dw4ViIiAOrdaaoXCblOParpvItgBVx7YoGUJAB\/ABmnCJCoPP5in3U6S8BTkdCajUjujfnTQmKYkGPvde2KW2iV5mR16DoaamAdzA5HTFSQvidmCsTjnFJgisrYNO3\/X86ZRQAU4NgY\/rTaKAH7z6n86bk+tJRQB\/9k=",
                "permalink": "https:\/\/data-ft-ber-03-2021.slack.com\/files\/U01S7KCL3DF\/F01ULCVAFQ8\/whatsapp_image_2021-04-10_at_08.48.09.jpeg",
                "permalink_public": "https:\/\/slack-files.com\/T01RBRV5F7H-F01ULCVAFQ8-78dd77d78b",
                "is_starred": false,
                "has_rich_preview": false
            }
        ],
        "upload": false,
        "blocks": [
            {
                "type": "rich_text",
                "block_id": "xNEsi",
                "elements": [
                    {
                        "type": "rich_text_section",
                        "elements": [
                            {
                                "type": "text",
                                "text": "the YouTube algorithm is coming up with some dream combos"
                            }
                        ]
                    }
                ]
            }
        ],
        "user": "U01S7KCL3DF",
        "display_as_bot": false,
        "ts": "1618038251.000400",
        "reactions": [
            {
                "name": "joy",
                "users": [
                    "U01RN7BVD1C",
                    "U01RW140HBP",
                    "U01RXCQHMHT",
                    "U01S7BM4N81"
                ],
                "count": 4
            },
            {
                "name": "cattyping",
                "users": [
                    "U01RRV4JX6Z"
                ],
                "count": 1
            }
        ]
    }
]