[
    {
        "type": "message",
        "text": "",
        "files": [
            {
                "id": "F01T0LAFEQN",
                "created": 1617440935,
                "timestamp": 1617440935,
                "name": "ExQhBf0WQAEK9sA.jpeg",
                "title": "ExQhBf0WQAEK9sA.jpeg",
                "mimetype": "image\/jpeg",
                "filetype": "jpg",
                "pretty_type": "JPEG",
                "user": "U01SJKB2MG8",
                "editable": false,
                "size": 84483,
                "mode": "hosted",
                "is_external": false,
                "external_type": "",
                "is_public": true,
                "public_url_shared": false,
                "display_as_bot": false,
                "username": "",
                "url_private": "https:\/\/files.slack.com\/files-pri\/T01RBRV5F7H-F01T0LAFEQN\/exqhbf0wqaek9sa.jpeg?t=xoxe-1861879185255-2068564688150-2068564727718-519dfbdd8f50e154f7dac1ab76bfc0d2",
                "url_private_download": "https:\/\/files.slack.com\/files-pri\/T01RBRV5F7H-F01T0LAFEQN\/download\/exqhbf0wqaek9sa.jpeg?t=xoxe-1861879185255-2068564688150-2068564727718-519dfbdd8f50e154f7dac1ab76bfc0d2",
                "thumb_64": "https:\/\/files.slack.com\/files-tmb\/T01RBRV5F7H-F01T0LAFEQN-0086f84192\/exqhbf0wqaek9sa_64.jpg?t=xoxe-1861879185255-2068564688150-2068564727718-519dfbdd8f50e154f7dac1ab76bfc0d2",
                "thumb_80": "https:\/\/files.slack.com\/files-tmb\/T01RBRV5F7H-F01T0LAFEQN-0086f84192\/exqhbf0wqaek9sa_80.jpg?t=xoxe-1861879185255-2068564688150-2068564727718-519dfbdd8f50e154f7dac1ab76bfc0d2",
                "thumb_360": "https:\/\/files.slack.com\/files-tmb\/T01RBRV5F7H-F01T0LAFEQN-0086f84192\/exqhbf0wqaek9sa_360.jpg?t=xoxe-1861879185255-2068564688150-2068564727718-519dfbdd8f50e154f7dac1ab76bfc0d2",
                "thumb_360_w": 360,
                "thumb_360_h": 203,
                "thumb_480": "https:\/\/files.slack.com\/files-tmb\/T01RBRV5F7H-F01T0LAFEQN-0086f84192\/exqhbf0wqaek9sa_480.jpg?t=xoxe-1861879185255-2068564688150-2068564727718-519dfbdd8f50e154f7dac1ab76bfc0d2",
                "thumb_480_w": 480,
                "thumb_480_h": 270,
                "thumb_160": "https:\/\/files.slack.com\/files-tmb\/T01RBRV5F7H-F01T0LAFEQN-0086f84192\/exqhbf0wqaek9sa_160.jpg?t=xoxe-1861879185255-2068564688150-2068564727718-519dfbdd8f50e154f7dac1ab76bfc0d2",
                "thumb_720": "https:\/\/files.slack.com\/files-tmb\/T01RBRV5F7H-F01T0LAFEQN-0086f84192\/exqhbf0wqaek9sa_720.jpg?t=xoxe-1861879185255-2068564688150-2068564727718-519dfbdd8f50e154f7dac1ab76bfc0d2",
                "thumb_720_w": 720,
                "thumb_720_h": 405,
                "thumb_800": "https:\/\/files.slack.com\/files-tmb\/T01RBRV5F7H-F01T0LAFEQN-0086f84192\/exqhbf0wqaek9sa_800.jpg?t=xoxe-1861879185255-2068564688150-2068564727718-519dfbdd8f50e154f7dac1ab76bfc0d2",
                "thumb_800_w": 800,
                "thumb_800_h": 450,
                "thumb_960": "https:\/\/files.slack.com\/files-tmb\/T01RBRV5F7H-F01T0LAFEQN-0086f84192\/exqhbf0wqaek9sa_960.jpg?t=xoxe-1861879185255-2068564688150-2068564727718-519dfbdd8f50e154f7dac1ab76bfc0d2",
                "thumb_960_w": 960,
                "thumb_960_h": 540,
                "thumb_1024": "https:\/\/files.slack.com\/files-tmb\/T01RBRV5F7H-F01T0LAFEQN-0086f84192\/exqhbf0wqaek9sa_1024.jpg?t=xoxe-1861879185255-2068564688150-2068564727718-519dfbdd8f50e154f7dac1ab76bfc0d2",
                "thumb_1024_w": 1024,
                "thumb_1024_h": 576,
                "original_w": 1280,
                "original_h": 720,
                "thumb_tiny": "AwAbADB4toOvlihreA\/eQAfTFOErB\/KCrgjdnvUbz7ZQm0n6Vhqa6B9mt2XhQR6ilFtCBjyx+NDuY7YsBtIHAPapYiH289RmlqPQha2iZcbAPcVUkVI7Zoyp3h878cEdK1cDvsx7Hms6d8xyR4Od5PtitIpp6kSsyfI+2KP9j+tQ3DASja4DKc\/jUDMTLvJ+b1qXzXxjIwPYUKNgvce8pktJNw5GOcdaiglC5LsegHXFEkjuCGOc9aiXhgRTS0E3qaUMiyoCPoR6VmySN5jkHjJqQSOMkHBz2pqIrAkjJzRGNmOTuf\/Z",
                "permalink": "https:\/\/data-ft-ber-03-2021.slack.com\/files\/U01SJKB2MG8\/F01T0LAFEQN\/exqhbf0wqaek9sa.jpeg",
                "permalink_public": "https:\/\/slack-files.com\/T01RBRV5F7H-F01T0LAFEQN-19e46efdd5",
                "is_starred": false,
                "has_rich_preview": false
            }
        ],
        "upload": false,
        "blocks": [
            {
                "type": "rich_text",
                "block_id": "xJoF",
                "elements": [
                    {
                        "type": "rich_text_section",
                        "elements": []
                    }
                ]
            }
        ],
        "user": "U01SJKB2MG8",
        "display_as_bot": false,
        "ts": "1617440940.000200",
        "client_msg_id": "a43c9982-ec25-4cbd-ac62-315fb71e5b11",
        "thread_ts": "1617440940.000200",
        "reply_count": 1,
        "reply_users_count": 1,
        "latest_reply": "1617479876.001200",
        "reply_users": [
            "U01RW2X7S9Z"
        ],
        "replies": [
            {
                "user": "U01RW2X7S9Z",
                "ts": "1617479876.001200"
            }
        ],
        "is_locked": false,
        "subscribed": false,
        "reactions": [
            {
                "name": "joy",
                "users": [
                    "U01S7BM4N81"
                ],
                "count": 1
            },
            {
                "name": "rolling_on_the_floor_laughing",
                "users": [
                    "U01RW2X7S9Z",
                    "U01RKN0EGDV"
                ],
                "count": 2
            }
        ]
    },
    {
        "client_msg_id": "0c9f270d-bf5f-4547-9d0c-eb2567cd933a",
        "type": "message",
        "text": "when tableau suddenly does the trick:\n<https:\/\/youtu.be\/u-4SNLEVzl0?t=86>",
        "user": "U01S7BM4N81",
        "ts": "1617447035.000900",
        "team": "T01RBRV5F7H",
        "user_team": "T01RBRV5F7H",
        "source_team": "T01RBRV5F7H",
        "user_profile": {
            "avatar_hash": "2adfc641e87e",
            "image_72": "https:\/\/avatars.slack-edge.com\/2021-04-16\/1994438084416_2adfc641e87e3a953d9c_72.png",
            "first_name": "Thamo",
            "real_name": "Thamo",
            "display_name": "Thamo",
            "team": "T01RBRV5F7H",
            "name": "thamokoeper",
            "is_restricted": false,
            "is_ultra_restricted": false
        },
        "attachments": [
            {
                "service_name": "YouTube",
                "service_url": "https:\/\/www.youtube.com\/",
                "title": "Dillon Francis Bootleg Fireworks (Burning Up) (Official Music Video)",
                "title_link": "https:\/\/youtu.be\/u-4SNLEVzl0?t=86",
                "author_name": "Chaneel Tomorrowland",
                "author_link": "https:\/\/www.youtube.com\/user\/DjTnX",
                "thumb_url": "https:\/\/i.ytimg.com\/vi\/u-4SNLEVzl0\/hqdefault.jpg",
                "thumb_width": 480,
                "thumb_height": 360,
                "fallback": "YouTube Video: Dillon Francis Bootleg Fireworks (Burning Up) (Official Music Video)",
                "video_html": "<iframe width=\"400\" height=\"225\" src=\"https:\/\/www.youtube.com\/embed\/u-4SNLEVzl0?start=86&feature=oembed&start=86&autoplay=1&iv_load_policy=3\" frameborder=\"0\" allow=\"accelerometer; autoplay; clipboard-write; encrypted-media; gyroscope; picture-in-picture\" allowfullscreen><\/iframe>",
                "video_html_width": 400,
                "video_html_height": 225,
                "from_url": "https:\/\/youtu.be\/u-4SNLEVzl0?t=86",
                "service_icon": "https:\/\/a.slack-edge.com\/80588\/img\/unfurl_icons\/youtube.png",
                "id": 1,
                "original_url": "https:\/\/youtu.be\/u-4SNLEVzl0?t=86"
            }
        ],
        "blocks": [
            {
                "type": "rich_text",
                "block_id": "tqflv",
                "elements": [
                    {
                        "type": "rich_text_section",
                        "elements": [
                            {
                                "type": "text",
                                "text": "when tableau suddenly does the trick:\n"
                            },
                            {
                                "type": "link",
                                "url": "https:\/\/youtu.be\/u-4SNLEVzl0?t=86"
                            }
                        ]
                    }
                ]
            }
        ],
        "reactions": [
            {
                "name": "grinning",
                "users": [
                    "U01RW2X7S9Z"
                ],
                "count": 1
            }
        ]
    },
    {
        "client_msg_id": "e705681a-1d81-43c5-8fd2-6a44c2d8c002",
        "type": "message",
        "text": "i totally felt like society there",
        "user": "U01RW2X7S9Z",
        "ts": "1617479876.001200",
        "team": "T01RBRV5F7H",
        "user_team": "T01RBRV5F7H",
        "source_team": "T01RBRV5F7H",
        "user_profile": {
            "avatar_hash": "7e12d75d168a",
            "image_72": "https:\/\/avatars.slack-edge.com\/2021-03-19\/1880105796643_7e12d75d168ae25c167d_72.jpg",
            "first_name": "Alexandre",
            "real_name": "Alexandre Sommerkamp",
            "display_name": "Alexandre Sommerkamp",
            "team": "T01RBRV5F7H",
            "name": "alex.c.skp",
            "is_restricted": false,
            "is_ultra_restricted": false
        },
        "blocks": [
            {
                "type": "rich_text",
                "block_id": "rtv",
                "elements": [
                    {
                        "type": "rich_text_section",
                        "elements": [
                            {
                                "type": "text",
                                "text": "i totally felt like society there"
                            }
                        ]
                    }
                ]
            }
        ],
        "thread_ts": "1617440940.000200",
        "parent_user_id": "U01SJKB2MG8"
    }
]