[
    {
        "type": "message",
        "text": "cool now we can get onto the Machine Learning memes",
        "files": [
            {
                "id": "F01T5EKKD6X",
                "created": 1617354991,
                "timestamp": 1617354991,
                "name": "image.png",
                "title": "image.png",
                "mimetype": "image\/png",
                "filetype": "png",
                "pretty_type": "PNG",
                "user": "U01S7KCL3DF",
                "editable": false,
                "size": 1185891,
                "mode": "hosted",
                "is_external": false,
                "external_type": "",
                "is_public": true,
                "public_url_shared": false,
                "display_as_bot": false,
                "username": "",
                "url_private": "https:\/\/files.slack.com\/files-pri\/T01RBRV5F7H-F01T5EKKD6X\/image.png?t=xoxe-1861879185255-2068564688150-2068564727718-519dfbdd8f50e154f7dac1ab76bfc0d2",
                "url_private_download": "https:\/\/files.slack.com\/files-pri\/T01RBRV5F7H-F01T5EKKD6X\/download\/image.png?t=xoxe-1861879185255-2068564688150-2068564727718-519dfbdd8f50e154f7dac1ab76bfc0d2",
                "thumb_64": "https:\/\/files.slack.com\/files-tmb\/T01RBRV5F7H-F01T5EKKD6X-1359936b7a\/image_64.png?t=xoxe-1861879185255-2068564688150-2068564727718-519dfbdd8f50e154f7dac1ab76bfc0d2",
                "thumb_80": "https:\/\/files.slack.com\/files-tmb\/T01RBRV5F7H-F01T5EKKD6X-1359936b7a\/image_80.png?t=xoxe-1861879185255-2068564688150-2068564727718-519dfbdd8f50e154f7dac1ab76bfc0d2",
                "thumb_360": "https:\/\/files.slack.com\/files-tmb\/T01RBRV5F7H-F01T5EKKD6X-1359936b7a\/image_360.png?t=xoxe-1861879185255-2068564688150-2068564727718-519dfbdd8f50e154f7dac1ab76bfc0d2",
                "thumb_360_w": 360,
                "thumb_360_h": 360,
                "thumb_480": "https:\/\/files.slack.com\/files-tmb\/T01RBRV5F7H-F01T5EKKD6X-1359936b7a\/image_480.png?t=xoxe-1861879185255-2068564688150-2068564727718-519dfbdd8f50e154f7dac1ab76bfc0d2",
                "thumb_480_w": 480,
                "thumb_480_h": 480,
                "thumb_160": "https:\/\/files.slack.com\/files-tmb\/T01RBRV5F7H-F01T5EKKD6X-1359936b7a\/image_160.png?t=xoxe-1861879185255-2068564688150-2068564727718-519dfbdd8f50e154f7dac1ab76bfc0d2",
                "thumb_720": "https:\/\/files.slack.com\/files-tmb\/T01RBRV5F7H-F01T5EKKD6X-1359936b7a\/image_720.png?t=xoxe-1861879185255-2068564688150-2068564727718-519dfbdd8f50e154f7dac1ab76bfc0d2",
                "thumb_720_w": 720,
                "thumb_720_h": 720,
                "thumb_800": "https:\/\/files.slack.com\/files-tmb\/T01RBRV5F7H-F01T5EKKD6X-1359936b7a\/image_800.png?t=xoxe-1861879185255-2068564688150-2068564727718-519dfbdd8f50e154f7dac1ab76bfc0d2",
                "thumb_800_w": 800,
                "thumb_800_h": 800,
                "original_w": 800,
                "original_h": 800,
                "thumb_tiny": "AwAwADDOPSrFnD5gZ2i8xRxwcYNQou51U9CcVdSGNI8lX68hW\/nSuAv2ZS2Rb\/Lj+93pEhjZARbknHXd7UwqASDu6ZyWOKdFECBuLkezHii47CXNuFhLJDsI6kntVIVpGOAKfvvx\/eOMVUuURGXy12grnFFxWIk++v1q2Am3AOAx7HrVWIZlQe9Xdq+YQH9BjHShjRIIYjGTvZkB5HWoyA0j5bBXipkcgsxYkHoOOKYqAzbx82GJIBxj61KKY9Yw0QPG3qMZyapXhzIuCCMdRV\/azsSCgwcgHnBrPvAwmw7hjjtVEkcJxMhPTNaKKvG0nGPWs2Ngsis3IB5qzFcwI4BUlByOOc0mrjTsWfK5YEqY8Z2+\/rUavtkxuBAPbofaohfgxtuX5+2OlME8JYkqRls0wLoQ72YfLnAGB0xVG9GLljnIPNSG6DuoQk8YweOailR3wccD\/ao1Ez\/\/2Q==",
                "permalink": "https:\/\/data-ft-ber-03-2021.slack.com\/files\/U01S7KCL3DF\/F01T5EKKD6X\/image.png",
                "permalink_public": "https:\/\/slack-files.com\/T01RBRV5F7H-F01T5EKKD6X-2d96c9e789",
                "is_starred": false,
                "has_rich_preview": false
            }
        ],
        "upload": false,
        "blocks": [
            {
                "type": "rich_text",
                "block_id": "1SW",
                "elements": [
                    {
                        "type": "rich_text_section",
                        "elements": [
                            {
                                "type": "text",
                                "text": "cool now we can get onto the Machine Learning memes"
                            }
                        ]
                    }
                ]
            }
        ],
        "user": "U01S7KCL3DF",
        "display_as_bot": false,
        "ts": "1617354996.000900",
        "thread_ts": "1617354996.000900",
        "reply_count": 9,
        "reply_users_count": 4,
        "latest_reply": "1617356550.003900",
        "reply_users": [
            "U01S7KCL3DF",
            "U01SJKB2MG8",
            "U01RSRE0N3D",
            "U01S7BM4N81"
        ],
        "replies": [
            {
                "user": "U01S7KCL3DF",
                "ts": "1617355021.001200"
            },
            {
                "user": "U01SJKB2MG8",
                "ts": "1617355205.001600"
            },
            {
                "user": "U01S7KCL3DF",
                "ts": "1617355252.001900"
            },
            {
                "user": "U01SJKB2MG8",
                "ts": "1617355358.002200"
            },
            {
                "user": "U01RSRE0N3D",
                "ts": "1617355527.002600"
            },
            {
                "user": "U01S7BM4N81",
                "ts": "1617355532.002800"
            },
            {
                "user": "U01S7KCL3DF",
                "ts": "1617355604.003200"
            },
            {
                "user": "U01S7BM4N81",
                "ts": "1617355626.003400"
            },
            {
                "user": "U01S7KCL3DF",
                "ts": "1617356550.003900"
            }
        ],
        "is_locked": false,
        "subscribed": true,
        "last_read": "1617356550.003900",
        "reactions": [
            {
                "name": "joy",
                "users": [
                    "U01S081EULS",
                    "U01SJKB2MG8",
                    "U01RSRE0N3D",
                    "U01RKN0EGDV",
                    "U01RW140HBP",
                    "U01RP2K1606"
                ],
                "count": 6
            },
            {
                "name": "dimitri",
                "users": [
                    "U01SJKB2MG8",
                    "U01RSRE0N3D",
                    "U01RW2X7S9Z"
                ],
                "count": 3
            },
            {
                "name": "laughing",
                "users": [
                    "U01S133DZ9A"
                ],
                "count": 1
            }
        ]
    },
    {
        "client_msg_id": "a2f91680-437a-4285-b135-afdee3835392",
        "type": "message",
        "text": "but OF COURSE someone has fact-checked the meme:\n\n<https:\/\/medium.com\/swlh\/are-machine-learning-memes-lying-to-you-a-mathematica-investigation-bcb7ed5c9d4a>",
        "user": "U01S7KCL3DF",
        "ts": "1617355021.001200",
        "team": "T01RBRV5F7H",
        "user_team": "T01RBRV5F7H",
        "source_team": "T01RBRV5F7H",
        "user_profile": {
            "avatar_hash": "17b52091bb62",
            "image_72": "https:\/\/avatars.slack-edge.com\/2021-03-19\/1875964347925_17b52091bb62c2340b4c_72.png",
            "first_name": "Sam",
            "real_name": "Sam Katterfield",
            "display_name": "Sam",
            "team": "T01RBRV5F7H",
            "name": "samkatterfield",
            "is_restricted": false,
            "is_ultra_restricted": false
        },
        "attachments": [
            {
                "service_name": "Medium",
                "title": "Are Machine Learning Memes Lying to You? : A Mathematica Investigation",
                "title_link": "https:\/\/medium.com\/swlh\/are-machine-learning-memes-lying-to-you-a-mathematica-investigation-bcb7ed5c9d4a",
                "text": "I have taken severe umbrage at a particular machine learning meme that keeps popping up in my LinkedIn feed, so I decided to investigate…",
                "fallback": "Medium: Are Machine Learning Memes Lying to You? : A Mathematica Investigation",
                "image_url": "https:\/\/miro.medium.com\/max\/1200\/1*lD6lccRWAiluT6yOAhmyyw.png",
                "fields": [
                    {
                        "title": "Reading time",
                        "value": "5 min read",
                        "short": true
                    }
                ],
                "ts": 1598398698,
                "from_url": "https:\/\/medium.com\/swlh\/are-machine-learning-memes-lying-to-you-a-mathematica-investigation-bcb7ed5c9d4a",
                "image_width": 375,
                "image_height": 250,
                "image_bytes": 771290,
                "service_icon": "https:\/\/miro.medium.com\/fit\/c\/152\/152\/1*sHhtYhaCe2Uc3IU0IgKwIQ.png",
                "id": 1,
                "original_url": "https:\/\/medium.com\/swlh\/are-machine-learning-memes-lying-to-you-a-mathematica-investigation-bcb7ed5c9d4a"
            }
        ],
        "blocks": [
            {
                "type": "rich_text",
                "block_id": "e+pX",
                "elements": [
                    {
                        "type": "rich_text_section",
                        "elements": [
                            {
                                "type": "text",
                                "text": "but OF COURSE someone has fact-checked the meme:\n\n"
                            },
                            {
                                "type": "link",
                                "url": "https:\/\/medium.com\/swlh\/are-machine-learning-memes-lying-to-you-a-mathematica-investigation-bcb7ed5c9d4a"
                            }
                        ]
                    }
                ]
            }
        ],
        "thread_ts": "1617354996.000900",
        "parent_user_id": "U01S7KCL3DF"
    },
    {
        "client_msg_id": "134525f4-dcc4-4d69-9c97-78821c0306f3",
        "type": "message",
        "text": "is that already a final project pitch <@U01S7KCL3DF> :grin:",
        "user": "U01SJKB2MG8",
        "ts": "1617355205.001600",
        "team": "T01RBRV5F7H",
        "user_team": "T01RBRV5F7H",
        "source_team": "T01RBRV5F7H",
        "user_profile": {
            "avatar_hash": "88fa894fdb53",
            "image_72": "https:\/\/avatars.slack-edge.com\/2021-03-19\/1885033153332_88fa894fdb5366452adf_72.jpg",
            "first_name": "Florian",
            "real_name": "Florian Titze",
            "display_name": "Flo Titze",
            "team": "T01RBRV5F7H",
            "name": "florian.titze",
            "is_restricted": false,
            "is_ultra_restricted": false
        },
        "blocks": [
            {
                "type": "rich_text",
                "block_id": "5Jp",
                "elements": [
                    {
                        "type": "rich_text_section",
                        "elements": [
                            {
                                "type": "text",
                                "text": "is that already a final project pitch "
                            },
                            {
                                "type": "user",
                                "user_id": "U01S7KCL3DF"
                            },
                            {
                                "type": "text",
                                "text": " "
                            },
                            {
                                "type": "emoji",
                                "name": "grin"
                            }
                        ]
                    }
                ]
            }
        ],
        "thread_ts": "1617354996.000900",
        "parent_user_id": "U01S7KCL3DF"
    },
    {
        "client_msg_id": "f39f84a7-77ef-4caa-8ebc-d20a9dd55c36",
        "type": "message",
        "text": "would the muffins be tax deductable if i use them for important studies?",
        "user": "U01S7KCL3DF",
        "ts": "1617355252.001900",
        "team": "T01RBRV5F7H",
        "user_team": "T01RBRV5F7H",
        "source_team": "T01RBRV5F7H",
        "user_profile": {
            "avatar_hash": "17b52091bb62",
            "image_72": "https:\/\/avatars.slack-edge.com\/2021-03-19\/1875964347925_17b52091bb62c2340b4c_72.png",
            "first_name": "Sam",
            "real_name": "Sam Katterfield",
            "display_name": "Sam",
            "team": "T01RBRV5F7H",
            "name": "samkatterfield",
            "is_restricted": false,
            "is_ultra_restricted": false
        },
        "blocks": [
            {
                "type": "rich_text",
                "block_id": "TFgO",
                "elements": [
                    {
                        "type": "rich_text_section",
                        "elements": [
                            {
                                "type": "text",
                                "text": "would the muffins be tax deductable if i use them for important studies?"
                            }
                        ]
                    }
                ]
            }
        ],
        "thread_ts": "1617354996.000900",
        "parent_user_id": "U01S7KCL3DF"
    },
    {
        "client_msg_id": "f9eb9465-6b25-4e73-a189-b5b93f000982",
        "type": "message",
        "text": "Definitely income related expenses if you improve your ML skills with that, right?",
        "user": "U01SJKB2MG8",
        "ts": "1617355358.002200",
        "team": "T01RBRV5F7H",
        "user_team": "T01RBRV5F7H",
        "source_team": "T01RBRV5F7H",
        "user_profile": {
            "avatar_hash": "88fa894fdb53",
            "image_72": "https:\/\/avatars.slack-edge.com\/2021-03-19\/1885033153332_88fa894fdb5366452adf_72.jpg",
            "first_name": "Florian",
            "real_name": "Florian Titze",
            "display_name": "Flo Titze",
            "team": "T01RBRV5F7H",
            "name": "florian.titze",
            "is_restricted": false,
            "is_ultra_restricted": false
        },
        "blocks": [
            {
                "type": "rich_text",
                "block_id": "eGfG4",
                "elements": [
                    {
                        "type": "rich_text_section",
                        "elements": [
                            {
                                "type": "text",
                                "text": "Definitely income related expenses if you improve your ML skills with that, right?"
                            }
                        ]
                    }
                ]
            }
        ],
        "thread_ts": "1617354996.000900",
        "parent_user_id": "U01S7KCL3DF"
    },
    {
        "client_msg_id": "87179d0d-90b4-490c-8843-ccdecb304bed",
        "type": "message",
        "text": "this should be a CAPTCHA test",
        "user": "U01RSRE0N3D",
        "ts": "1617355527.002600",
        "team": "T01RBRV5F7H",
        "user_team": "T01RBRV5F7H",
        "source_team": "T01RBRV5F7H",
        "user_profile": {
            "avatar_hash": "5b0571ca5e6f",
            "image_72": "https:\/\/avatars.slack-edge.com\/2021-03-18\/1876877550179_5b0571ca5e6fe1f759fe_72.jpg",
            "first_name": "Kosta",
            "real_name": "Kosta",
            "display_name": "Kosta",
            "team": "T01RBRV5F7H",
            "name": "kostadin.mitkov",
            "is_restricted": false,
            "is_ultra_restricted": false
        },
        "blocks": [
            {
                "type": "rich_text",
                "block_id": "pCS",
                "elements": [
                    {
                        "type": "rich_text_section",
                        "elements": [
                            {
                                "type": "text",
                                "text": "this should be a CAPTCHA test"
                            }
                        ]
                    }
                ]
            }
        ],
        "thread_ts": "1617354996.000900",
        "parent_user_id": "U01S7KCL3DF",
        "reactions": [
            {
                "name": "rolling_on_the_floor_laughing",
                "users": [
                    "U01RW2X7S9Z"
                ],
                "count": 1
            },
            {
                "name": "morning-sunshine",
                "users": [
                    "U01SJKB2MG8"
                ],
                "count": 1
            }
        ]
    },
    {
        "client_msg_id": "fc90992e-cd28-4678-89c5-32a2fa6cbb04",
        "type": "message",
        "text": "Most likely gonna be tax deductable :slightly_smiling_face: ^^",
        "user": "U01S7BM4N81",
        "ts": "1617355532.002800",
        "team": "T01RBRV5F7H",
        "user_team": "T01RBRV5F7H",
        "source_team": "T01RBRV5F7H",
        "user_profile": {
            "avatar_hash": "2adfc641e87e",
            "image_72": "https:\/\/avatars.slack-edge.com\/2021-04-16\/1994438084416_2adfc641e87e3a953d9c_72.png",
            "first_name": "Thamo",
            "real_name": "Thamo",
            "display_name": "Thamo",
            "team": "T01RBRV5F7H",
            "name": "thamokoeper",
            "is_restricted": false,
            "is_ultra_restricted": false
        },
        "blocks": [
            {
                "type": "rich_text",
                "block_id": "maT",
                "elements": [
                    {
                        "type": "rich_text_section",
                        "elements": [
                            {
                                "type": "text",
                                "text": "Most likely gonna be tax deductable "
                            },
                            {
                                "type": "emoji",
                                "name": "slightly_smiling_face"
                            },
                            {
                                "type": "text",
                                "text": " ^^"
                            }
                        ]
                    }
                ]
            }
        ],
        "thread_ts": "1617354996.000900",
        "parent_user_id": "U01S7KCL3DF"
    },
    {
        "client_msg_id": "f163e04e-9619-4b44-bb83-54a8a4292935",
        "type": "message",
        "text": "<@U01S7BM4N81> how many chihuahua (?) puppies can i claim on my taxes per financial year?",
        "user": "U01S7KCL3DF",
        "ts": "1617355604.003200",
        "team": "T01RBRV5F7H",
        "user_team": "T01RBRV5F7H",
        "source_team": "T01RBRV5F7H",
        "user_profile": {
            "avatar_hash": "17b52091bb62",
            "image_72": "https:\/\/avatars.slack-edge.com\/2021-03-19\/1875964347925_17b52091bb62c2340b4c_72.png",
            "first_name": "Sam",
            "real_name": "Sam Katterfield",
            "display_name": "Sam",
            "team": "T01RBRV5F7H",
            "name": "samkatterfield",
            "is_restricted": false,
            "is_ultra_restricted": false
        },
        "blocks": [
            {
                "type": "rich_text",
                "block_id": "8WUe",
                "elements": [
                    {
                        "type": "rich_text_section",
                        "elements": [
                            {
                                "type": "user",
                                "user_id": "U01S7BM4N81"
                            },
                            {
                                "type": "text",
                                "text": " how many chihuahua (?) puppies can i claim on my taxes per financial year?"
                            }
                        ]
                    }
                ]
            }
        ],
        "thread_ts": "1617354996.000900",
        "parent_user_id": "U01S7KCL3DF"
    },
    {
        "client_msg_id": "232290e1-5da7-4ff5-8f17-67c78db87489",
        "type": "message",
        "text": "we can work out a scheme, no worries :v:",
        "user": "U01S7BM4N81",
        "ts": "1617355626.003400",
        "team": "T01RBRV5F7H",
        "user_team": "T01RBRV5F7H",
        "source_team": "T01RBRV5F7H",
        "user_profile": {
            "avatar_hash": "2adfc641e87e",
            "image_72": "https:\/\/avatars.slack-edge.com\/2021-04-16\/1994438084416_2adfc641e87e3a953d9c_72.png",
            "first_name": "Thamo",
            "real_name": "Thamo",
            "display_name": "Thamo",
            "team": "T01RBRV5F7H",
            "name": "thamokoeper",
            "is_restricted": false,
            "is_ultra_restricted": false
        },
        "blocks": [
            {
                "type": "rich_text",
                "block_id": "g95pS",
                "elements": [
                    {
                        "type": "rich_text_section",
                        "elements": [
                            {
                                "type": "text",
                                "text": "we can work out a scheme, no worries "
                            },
                            {
                                "type": "emoji",
                                "name": "v"
                            }
                        ]
                    }
                ]
            }
        ],
        "thread_ts": "1617354996.000900",
        "parent_user_id": "U01S7KCL3DF",
        "reactions": [
            {
                "name": "chart",
                "users": [
                    "U01S7KCL3DF"
                ],
                "count": 1
            }
        ]
    },
    {
        "client_msg_id": "4d5f5ff5-ecb8-4504-829d-87f95b38fadf",
        "type": "message",
        "text": "<https:\/\/www.reddit.com\/r\/computervision\/comments\/6hojn1\/is_there_a_subreddit_for_kinds_of_images_that\/>\n\nround 2",
        "user": "U01S7KCL3DF",
        "ts": "1617356550.003900",
        "team": "T01RBRV5F7H",
        "user_team": "T01RBRV5F7H",
        "source_team": "T01RBRV5F7H",
        "user_profile": {
            "avatar_hash": "17b52091bb62",
            "image_72": "https:\/\/avatars.slack-edge.com\/2021-03-19\/1875964347925_17b52091bb62c2340b4c_72.png",
            "first_name": "Sam",
            "real_name": "Sam Katterfield",
            "display_name": "Sam",
            "team": "T01RBRV5F7H",
            "name": "samkatterfield",
            "is_restricted": false,
            "is_ultra_restricted": false
        },
        "attachments": [
            {
                "service_name": "reddit",
                "title": "Is there a subreddit for kinds of images that AI\/computer vision has trouble differentiating between one another? e.g. labradoodles and fried chicken",
                "title_link": "https:\/\/www.reddit.com\/r\/computervision\/comments\/6hojn1\/is_there_a_subreddit_for_kinds_of_images_that\/",
                "text": "Posted in r\/computervision by u\/Zitz • 66 points and 10 comments",
                "fallback": "reddit: Is there a subreddit for kinds of images that AI\/computer vision has trouble differentiating between one another? e.g. labradoodles and fried chicken",
                "image_url": "https:\/\/preview.redd.it\/6uflf00j024z.jpg?overlay-align=bottom,left&crop=665:348.167539267,smart&overlay-height=15p&overlay=%2Fwatermark%2Ft5_2rfzn.png%3Fs%3D8674a4d435ce32d392610f6a92678d27ba6d3ccb&width=665&height=348.167539267&auto=webp&s=75bf2a0da01a184f81190fe7f6aa40ee85809408",
                "image_width": 478,
                "image_height": 250,
                "from_url": "https:\/\/www.reddit.com\/r\/computervision\/comments\/6hojn1\/is_there_a_subreddit_for_kinds_of_images_that\/",
                "image_bytes": 70597,
                "service_icon": "http:\/\/www.redditstatic.com\/desktop2x\/img\/favicon\/apple-icon-57x57.png",
                "id": 1,
                "original_url": "https:\/\/www.reddit.com\/r\/computervision\/comments\/6hojn1\/is_there_a_subreddit_for_kinds_of_images_that\/"
            }
        ],
        "blocks": [
            {
                "type": "rich_text",
                "block_id": "He5",
                "elements": [
                    {
                        "type": "rich_text_section",
                        "elements": [
                            {
                                "type": "link",
                                "url": "https:\/\/www.reddit.com\/r\/computervision\/comments\/6hojn1\/is_there_a_subreddit_for_kinds_of_images_that\/"
                            },
                            {
                                "type": "text",
                                "text": "\n\nround 2"
                            }
                        ]
                    }
                ]
            }
        ],
        "thread_ts": "1617354996.000900",
        "parent_user_id": "U01S7KCL3DF"
    },
    {
        "type": "message",
        "text": "",
        "files": [
            {
                "id": "F01TJ00G081",
                "created": 1617358656,
                "timestamp": 1617358656,
                "name": "image.png",
                "title": "image.png",
                "mimetype": "image\/png",
                "filetype": "png",
                "pretty_type": "PNG",
                "user": "U01RW2X7S9Z",
                "editable": false,
                "size": 237935,
                "mode": "hosted",
                "is_external": false,
                "external_type": "",
                "is_public": true,
                "public_url_shared": false,
                "display_as_bot": false,
                "username": "",
                "url_private": "https:\/\/files.slack.com\/files-pri\/T01RBRV5F7H-F01TJ00G081\/image.png?t=xoxe-1861879185255-2068564688150-2068564727718-519dfbdd8f50e154f7dac1ab76bfc0d2",
                "url_private_download": "https:\/\/files.slack.com\/files-pri\/T01RBRV5F7H-F01TJ00G081\/download\/image.png?t=xoxe-1861879185255-2068564688150-2068564727718-519dfbdd8f50e154f7dac1ab76bfc0d2",
                "thumb_64": "https:\/\/files.slack.com\/files-tmb\/T01RBRV5F7H-F01TJ00G081-caecb2f069\/image_64.png?t=xoxe-1861879185255-2068564688150-2068564727718-519dfbdd8f50e154f7dac1ab76bfc0d2",
                "thumb_80": "https:\/\/files.slack.com\/files-tmb\/T01RBRV5F7H-F01TJ00G081-caecb2f069\/image_80.png?t=xoxe-1861879185255-2068564688150-2068564727718-519dfbdd8f50e154f7dac1ab76bfc0d2",
                "thumb_360": "https:\/\/files.slack.com\/files-tmb\/T01RBRV5F7H-F01TJ00G081-caecb2f069\/image_360.png?t=xoxe-1861879185255-2068564688150-2068564727718-519dfbdd8f50e154f7dac1ab76bfc0d2",
                "thumb_360_w": 360,
                "thumb_360_h": 357,
                "thumb_160": "https:\/\/files.slack.com\/files-tmb\/T01RBRV5F7H-F01TJ00G081-caecb2f069\/image_160.png?t=xoxe-1861879185255-2068564688150-2068564727718-519dfbdd8f50e154f7dac1ab76bfc0d2",
                "original_w": 385,
                "original_h": 382,
                "thumb_tiny": "AwAvADC+A+7ou39aD5meApHqabiMyEb2DemaeIgCMM3HvQAh8zsqUfvPRKUxAnO5h7A0qoFOck\/U0AN\/eZ6Jigb8\/MFxjtUlB6UAUBevkZVPyqaK5LqeFyKzSeTSpIUcFetQ720HdXL0lzNGeVUj1pn22T+6v61JkcA4ye1LWftGXZDEu5WOAg\/KpRM+DuC\/hTAQc4OcVWmlYkqBgChSk3oJpLUrlSehp6fKVzyc0DB68U9AFcHqK0b0M09SyFVyshByPelVgSRuB+lO6UxY9pGDwOgrnNxp2wkkA5brzUcuN+fUZqwQD1GaiuB8oP4VUXqTNXR\/\/9k=",
                "permalink": "https:\/\/data-ft-ber-03-2021.slack.com\/files\/U01RW2X7S9Z\/F01TJ00G081\/image.png",
                "permalink_public": "https:\/\/slack-files.com\/T01RBRV5F7H-F01TJ00G081-6c8625d61a",
                "is_starred": false,
                "has_rich_preview": false
            }
        ],
        "upload": false,
        "user": "U01RW2X7S9Z",
        "display_as_bot": false,
        "ts": "1617358658.004300",
        "reactions": [
            {
                "name": "catjam",
                "users": [
                    "U01S7BM4N81"
                ],
                "count": 1
            },
            {
                "name": "surprised_owl",
                "users": [
                    "U01RSRE0N3D"
                ],
                "count": 1
            }
        ]
    },
    {
        "type": "message",
        "text": "after the lab:",
        "files": [
            {
                "id": "F01TBG69RV2",
                "created": 1617358692,
                "timestamp": 1617358692,
                "name": "image.png",
                "title": "image.png",
                "mimetype": "image\/png",
                "filetype": "png",
                "pretty_type": "PNG",
                "user": "U01RW2X7S9Z",
                "editable": false,
                "size": 305798,
                "mode": "hosted",
                "is_external": false,
                "external_type": "",
                "is_public": true,
                "public_url_shared": false,
                "display_as_bot": false,
                "username": "",
                "url_private": "https:\/\/files.slack.com\/files-pri\/T01RBRV5F7H-F01TBG69RV2\/image.png?t=xoxe-1861879185255-2068564688150-2068564727718-519dfbdd8f50e154f7dac1ab76bfc0d2",
                "url_private_download": "https:\/\/files.slack.com\/files-pri\/T01RBRV5F7H-F01TBG69RV2\/download\/image.png?t=xoxe-1861879185255-2068564688150-2068564727718-519dfbdd8f50e154f7dac1ab76bfc0d2",
                "thumb_64": "https:\/\/files.slack.com\/files-tmb\/T01RBRV5F7H-F01TBG69RV2-8e39eedf2b\/image_64.png?t=xoxe-1861879185255-2068564688150-2068564727718-519dfbdd8f50e154f7dac1ab76bfc0d2",
                "thumb_80": "https:\/\/files.slack.com\/files-tmb\/T01RBRV5F7H-F01TBG69RV2-8e39eedf2b\/image_80.png?t=xoxe-1861879185255-2068564688150-2068564727718-519dfbdd8f50e154f7dac1ab76bfc0d2",
                "thumb_360": "https:\/\/files.slack.com\/files-tmb\/T01RBRV5F7H-F01TBG69RV2-8e39eedf2b\/image_360.png?t=xoxe-1861879185255-2068564688150-2068564727718-519dfbdd8f50e154f7dac1ab76bfc0d2",
                "thumb_360_w": 360,
                "thumb_360_h": 305,
                "thumb_160": "https:\/\/files.slack.com\/files-tmb\/T01RBRV5F7H-F01TBG69RV2-8e39eedf2b\/image_160.png?t=xoxe-1861879185255-2068564688150-2068564727718-519dfbdd8f50e154f7dac1ab76bfc0d2",
                "original_w": 385,
                "original_h": 326,
                "thumb_tiny": "AwAoADCgelC04qD3pQu3BFTcoDtUc8mkJHcYqzaIrSEsB8tPulXB4FMLFI4xxTaBjNLigCcJ7UOCoWrQjzjjGajlKk9QQOOKzV2AQH90cjkmorhsyMMYA4AqVPulk6rVYozyYPH0q0Fxqp39adt5NCybflZcEVMuCzYORgVLbRSsWLdYvLjZpPmxyCelIscPJLjOB\/EOtVovun\/dpP8ACrILEiRJE5STkjON3vQIISxG4ZyxB3c+1VW6N9Kkh\/1y\/WmBO8FtvLFxnI4LUySO3RS8cg3AAgbqhm6n61CejUAf\/9k=",
                "permalink": "https:\/\/data-ft-ber-03-2021.slack.com\/files\/U01RW2X7S9Z\/F01TBG69RV2\/image.png",
                "permalink_public": "https:\/\/slack-files.com\/T01RBRV5F7H-F01TBG69RV2-580395f5fd",
                "is_starred": false,
                "has_rich_preview": false
            }
        ],
        "upload": false,
        "blocks": [
            {
                "type": "rich_text",
                "block_id": "XAPp",
                "elements": [
                    {
                        "type": "rich_text_section",
                        "elements": [
                            {
                                "type": "text",
                                "text": "after the lab:"
                            }
                        ]
                    }
                ]
            }
        ],
        "user": "U01RW2X7S9Z",
        "display_as_bot": false,
        "ts": "1617358695.004800"
    },
    {
        "type": "message",
        "text": "",
        "files": [
            {
                "id": "F01TV5J9R8Q",
                "created": 1617358708,
                "timestamp": 1617358708,
                "name": "1_0KV40eGG8Z6oocRiQ46FFg.png",
                "title": "1_0KV40eGG8Z6oocRiQ46FFg.png",
                "mimetype": "image\/png",
                "filetype": "png",
                "pretty_type": "PNG",
                "user": "U01S7BM4N81",
                "editable": false,
                "size": 137460,
                "mode": "hosted",
                "is_external": false,
                "external_type": "",
                "is_public": true,
                "public_url_shared": false,
                "display_as_bot": false,
                "username": "",
                "url_private": "https:\/\/files.slack.com\/files-pri\/T01RBRV5F7H-F01TV5J9R8Q\/1_0kv40egg8z6oocriq46ffg.png?t=xoxe-1861879185255-2068564688150-2068564727718-519dfbdd8f50e154f7dac1ab76bfc0d2",
                "url_private_download": "https:\/\/files.slack.com\/files-pri\/T01RBRV5F7H-F01TV5J9R8Q\/download\/1_0kv40egg8z6oocriq46ffg.png?t=xoxe-1861879185255-2068564688150-2068564727718-519dfbdd8f50e154f7dac1ab76bfc0d2",
                "thumb_64": "https:\/\/files.slack.com\/files-tmb\/T01RBRV5F7H-F01TV5J9R8Q-b70d970044\/1_0kv40egg8z6oocriq46ffg_64.png?t=xoxe-1861879185255-2068564688150-2068564727718-519dfbdd8f50e154f7dac1ab76bfc0d2",
                "thumb_80": "https:\/\/files.slack.com\/files-tmb\/T01RBRV5F7H-F01TV5J9R8Q-b70d970044\/1_0kv40egg8z6oocriq46ffg_80.png?t=xoxe-1861879185255-2068564688150-2068564727718-519dfbdd8f50e154f7dac1ab76bfc0d2",
                "thumb_360": "https:\/\/files.slack.com\/files-tmb\/T01RBRV5F7H-F01TV5J9R8Q-b70d970044\/1_0kv40egg8z6oocriq46ffg_360.png?t=xoxe-1861879185255-2068564688150-2068564727718-519dfbdd8f50e154f7dac1ab76bfc0d2",
                "thumb_360_w": 360,
                "thumb_360_h": 213,
                "thumb_480": "https:\/\/files.slack.com\/files-tmb\/T01RBRV5F7H-F01TV5J9R8Q-b70d970044\/1_0kv40egg8z6oocriq46ffg_480.png?t=xoxe-1861879185255-2068564688150-2068564727718-519dfbdd8f50e154f7dac1ab76bfc0d2",
                "thumb_480_w": 480,
                "thumb_480_h": 285,
                "thumb_160": "https:\/\/files.slack.com\/files-tmb\/T01RBRV5F7H-F01TV5J9R8Q-b70d970044\/1_0kv40egg8z6oocriq46ffg_160.png?t=xoxe-1861879185255-2068564688150-2068564727718-519dfbdd8f50e154f7dac1ab76bfc0d2",
                "thumb_720": "https:\/\/files.slack.com\/files-tmb\/T01RBRV5F7H-F01TV5J9R8Q-b70d970044\/1_0kv40egg8z6oocriq46ffg_720.png?t=xoxe-1861879185255-2068564688150-2068564727718-519dfbdd8f50e154f7dac1ab76bfc0d2",
                "thumb_720_w": 720,
                "thumb_720_h": 427,
                "thumb_800": "https:\/\/files.slack.com\/files-tmb\/T01RBRV5F7H-F01TV5J9R8Q-b70d970044\/1_0kv40egg8z6oocriq46ffg_800.png?t=xoxe-1861879185255-2068564688150-2068564727718-519dfbdd8f50e154f7dac1ab76bfc0d2",
                "thumb_800_w": 800,
                "thumb_800_h": 474,
                "original_w": 892,
                "original_h": 529,
                "thumb_tiny": "AwAcADC80JLFlcqT6UMjDBMpAAxUtNcg\/LgmgCHax\/5bmngZK4kJI6+9O2L3xSbUGD1+lADfKfOfNIOfTtSrHIGBMhIBqUHIyKKACkYA4z60tGM0AQtE5l35BHQA9qakTIrbiBznjmrFFO4rDIs+WM5\/Gn0UUhn\/2Q==",
                "permalink": "https:\/\/data-ft-ber-03-2021.slack.com\/files\/U01S7BM4N81\/F01TV5J9R8Q\/1_0kv40egg8z6oocriq46ffg.png",
                "permalink_public": "https:\/\/slack-files.com\/T01RBRV5F7H-F01TV5J9R8Q-8a190f87a8",
                "is_starred": false,
                "has_rich_preview": false
            }
        ],
        "upload": false,
        "user": "U01S7BM4N81",
        "display_as_bot": false,
        "ts": "1617358710.005100",
        "reactions": [
            {
                "name": "screaming_jonah",
                "users": [
                    "U01RW2X7S9Z"
                ],
                "count": 1
            },
            {
                "name": "not_sure",
                "users": [
                    "U01RSRE0N3D"
                ],
                "count": 1
            },
            {
                "name": "smile",
                "users": [
                    "U01RSRE0N3D"
                ],
                "count": 1
            }
        ]
    },
    {
        "type": "message",
        "text": "",
        "files": [
            {
                "id": "F01T5BEFLHG",
                "created": 1617358732,
                "timestamp": 1617358732,
                "name": "Bildschirmfoto 2021-04-02 um 12.18.49.png",
                "title": "Bildschirmfoto 2021-04-02 um 12.18.49.png",
                "mimetype": "image\/png",
                "filetype": "png",
                "pretty_type": "PNG",
                "user": "U01S7BM4N81",
                "editable": false,
                "size": 630750,
                "mode": "hosted",
                "is_external": false,
                "external_type": "",
                "is_public": true,
                "public_url_shared": false,
                "display_as_bot": false,
                "username": "",
                "url_private": "https:\/\/files.slack.com\/files-pri\/T01RBRV5F7H-F01T5BEFLHG\/bildschirmfoto_2021-04-02_um_12.18.49.png?t=xoxe-1861879185255-2068564688150-2068564727718-519dfbdd8f50e154f7dac1ab76bfc0d2",
                "url_private_download": "https:\/\/files.slack.com\/files-pri\/T01RBRV5F7H-F01T5BEFLHG\/download\/bildschirmfoto_2021-04-02_um_12.18.49.png?t=xoxe-1861879185255-2068564688150-2068564727718-519dfbdd8f50e154f7dac1ab76bfc0d2",
                "thumb_64": "https:\/\/files.slack.com\/files-tmb\/T01RBRV5F7H-F01T5BEFLHG-c51e833c1a\/bildschirmfoto_2021-04-02_um_12.18.49_64.png?t=xoxe-1861879185255-2068564688150-2068564727718-519dfbdd8f50e154f7dac1ab76bfc0d2",
                "thumb_80": "https:\/\/files.slack.com\/files-tmb\/T01RBRV5F7H-F01T5BEFLHG-c51e833c1a\/bildschirmfoto_2021-04-02_um_12.18.49_80.png?t=xoxe-1861879185255-2068564688150-2068564727718-519dfbdd8f50e154f7dac1ab76bfc0d2",
                "thumb_360": "https:\/\/files.slack.com\/files-tmb\/T01RBRV5F7H-F01T5BEFLHG-c51e833c1a\/bildschirmfoto_2021-04-02_um_12.18.49_360.png?t=xoxe-1861879185255-2068564688150-2068564727718-519dfbdd8f50e154f7dac1ab76bfc0d2",
                "thumb_360_w": 241,
                "thumb_360_h": 360,
                "thumb_480": "https:\/\/files.slack.com\/files-tmb\/T01RBRV5F7H-F01T5BEFLHG-c51e833c1a\/bildschirmfoto_2021-04-02_um_12.18.49_480.png?t=xoxe-1861879185255-2068564688150-2068564727718-519dfbdd8f50e154f7dac1ab76bfc0d2",
                "thumb_480_w": 322,
                "thumb_480_h": 480,
                "thumb_160": "https:\/\/files.slack.com\/files-tmb\/T01RBRV5F7H-F01T5BEFLHG-c51e833c1a\/bildschirmfoto_2021-04-02_um_12.18.49_160.png?t=xoxe-1861879185255-2068564688150-2068564727718-519dfbdd8f50e154f7dac1ab76bfc0d2",
                "thumb_720": "https:\/\/files.slack.com\/files-tmb\/T01RBRV5F7H-F01T5BEFLHG-c51e833c1a\/bildschirmfoto_2021-04-02_um_12.18.49_720.png?t=xoxe-1861879185255-2068564688150-2068564727718-519dfbdd8f50e154f7dac1ab76bfc0d2",
                "thumb_720_w": 483,
                "thumb_720_h": 720,
                "thumb_800": "https:\/\/files.slack.com\/files-tmb\/T01RBRV5F7H-F01T5BEFLHG-c51e833c1a\/bildschirmfoto_2021-04-02_um_12.18.49_800.png?t=xoxe-1861879185255-2068564688150-2068564727718-519dfbdd8f50e154f7dac1ab76bfc0d2",
                "thumb_800_w": 536,
                "thumb_800_h": 800,
                "original_w": 565,
                "original_h": 843,
                "thumb_tiny": "AwAwACDNVdzhc4zUnkNjIIx2q+kMW1G2c4HIqQxxgkYUc5+7QBmfZ5Pb86jddjFSQcela7RxnAwoP0qNoYy2Nq9OfloAmiAMac9hSkHJw361lgEAEHrU21UK8bsjmgZfIH98j3owp\/iIPrmqGFeXBG1faoypB5PT0oABk4GcAd6kXAYkknNR\/u+hbHy9felLR7so34HtQBIxRsDBB7mmYCrtH50ium7Ltxj86BtLY3jaOppAf\/\/Z",
                "permalink": "https:\/\/data-ft-ber-03-2021.slack.com\/files\/U01S7BM4N81\/F01T5BEFLHG\/bildschirmfoto_2021-04-02_um_12.18.49.png",
                "permalink_public": "https:\/\/slack-files.com\/T01RBRV5F7H-F01T5BEFLHG-4eec0bd404",
                "is_starred": false,
                "has_rich_preview": false
            }
        ],
        "upload": false,
        "user": "U01S7BM4N81",
        "display_as_bot": false,
        "ts": "1617358735.005500",
        "reactions": [
            {
                "name": "white_check_mark",
                "users": [
                    "U01RW2X7S9Z",
                    "U01RN7BVD1C"
                ],
                "count": 2
            }
        ]
    },
    {
        "type": "message",
        "text": "",
        "files": [
            {
                "id": "F01SR54F171",
                "created": 1617375638,
                "timestamp": 1617375638,
                "name": "Capture5.JPG",
                "title": "Capture5.JPG",
                "mimetype": "image\/jpeg",
                "filetype": "jpg",
                "pretty_type": "JPEG",
                "user": "U01RP2K1606",
                "editable": false,
                "size": 26977,
                "mode": "hosted",
                "is_external": false,
                "external_type": "",
                "is_public": true,
                "public_url_shared": false,
                "display_as_bot": false,
                "username": "",
                "url_private": "https:\/\/files.slack.com\/files-pri\/T01RBRV5F7H-F01SR54F171\/capture5.jpg?t=xoxe-1861879185255-2068564688150-2068564727718-519dfbdd8f50e154f7dac1ab76bfc0d2",
                "url_private_download": "https:\/\/files.slack.com\/files-pri\/T01RBRV5F7H-F01SR54F171\/download\/capture5.jpg?t=xoxe-1861879185255-2068564688150-2068564727718-519dfbdd8f50e154f7dac1ab76bfc0d2",
                "thumb_64": "https:\/\/files.slack.com\/files-tmb\/T01RBRV5F7H-F01SR54F171-eb772d21d7\/capture5_64.jpg?t=xoxe-1861879185255-2068564688150-2068564727718-519dfbdd8f50e154f7dac1ab76bfc0d2",
                "thumb_80": "https:\/\/files.slack.com\/files-tmb\/T01RBRV5F7H-F01SR54F171-eb772d21d7\/capture5_80.jpg?t=xoxe-1861879185255-2068564688150-2068564727718-519dfbdd8f50e154f7dac1ab76bfc0d2",
                "thumb_360": "https:\/\/files.slack.com\/files-tmb\/T01RBRV5F7H-F01SR54F171-eb772d21d7\/capture5_360.jpg?t=xoxe-1861879185255-2068564688150-2068564727718-519dfbdd8f50e154f7dac1ab76bfc0d2",
                "thumb_360_w": 360,
                "thumb_360_h": 220,
                "thumb_480": "https:\/\/files.slack.com\/files-tmb\/T01RBRV5F7H-F01SR54F171-eb772d21d7\/capture5_480.jpg?t=xoxe-1861879185255-2068564688150-2068564727718-519dfbdd8f50e154f7dac1ab76bfc0d2",
                "thumb_480_w": 480,
                "thumb_480_h": 294,
                "thumb_160": "https:\/\/files.slack.com\/files-tmb\/T01RBRV5F7H-F01SR54F171-eb772d21d7\/capture5_160.jpg?t=xoxe-1861879185255-2068564688150-2068564727718-519dfbdd8f50e154f7dac1ab76bfc0d2",
                "original_w": 497,
                "original_h": 304,
                "thumb_tiny": "AwAdADCaSZhKw3bQDjJPFIbjjmVBz\/fqpdc3EnruNINiLhlGfpmgC7554w6kHuHNBmIX76k4\/vmqcbdRggdRSvQBa88gZ3qf+BmiC7L3ITGQePvZqn60WTf6ci+5\/kaAFn+a6kA676JW2oSKvvZK7s3mEZOegoksI5ABuIx+tJoEZsT7sksc9OatMbfjAJ575qQaYgORI35ClGnKP+WjflTArxmDaN4O7Az1696ZbBf7SUp93ccflVz+zk\/56N+VEOnrDMsgkY7e2KAP\/9k=",
                "permalink": "https:\/\/data-ft-ber-03-2021.slack.com\/files\/U01RP2K1606\/F01SR54F171\/capture5.jpg",
                "permalink_public": "https:\/\/slack-files.com\/T01RBRV5F7H-F01SR54F171-103bbe80c5",
                "is_starred": false,
                "has_rich_preview": false
            }
        ],
        "upload": false,
        "user": "U01RP2K1606",
        "display_as_bot": false,
        "ts": "1617375695.006500",
        "reactions": [
            {
                "name": "joy",
                "users": [
                    "U01RN7BVD1C",
                    "U01RKN0EGDV",
                    "U01SK96QF5E",
                    "U01S7BM4N81",
                    "U01S0MFJ3HR"
                ],
                "count": 5
            }
        ]
    }
]