[
    {
        "type": "message",
        "text": "",
        "files": [
            {
                "id": "F020FFS008M",
                "created": 1619780246,
                "timestamp": 1619780246,
                "name": "image.png",
                "title": "image.png",
                "mimetype": "image\/png",
                "filetype": "png",
                "pretty_type": "PNG",
                "user": "U01RW2X7S9Z",
                "editable": false,
                "size": 903695,
                "mode": "hosted",
                "is_external": false,
                "external_type": "",
                "is_public": true,
                "public_url_shared": false,
                "display_as_bot": false,
                "username": "",
                "url_private": "https:\/\/files.slack.com\/files-pri\/T01RBRV5F7H-F020FFS008M\/image.png?t=xoxe-1861879185255-2068564688150-2068564727718-519dfbdd8f50e154f7dac1ab76bfc0d2",
                "url_private_download": "https:\/\/files.slack.com\/files-pri\/T01RBRV5F7H-F020FFS008M\/download\/image.png?t=xoxe-1861879185255-2068564688150-2068564727718-519dfbdd8f50e154f7dac1ab76bfc0d2",
                "thumb_64": "https:\/\/files.slack.com\/files-tmb\/T01RBRV5F7H-F020FFS008M-e855a29eb5\/image_64.png?t=xoxe-1861879185255-2068564688150-2068564727718-519dfbdd8f50e154f7dac1ab76bfc0d2",
                "thumb_80": "https:\/\/files.slack.com\/files-tmb\/T01RBRV5F7H-F020FFS008M-e855a29eb5\/image_80.png?t=xoxe-1861879185255-2068564688150-2068564727718-519dfbdd8f50e154f7dac1ab76bfc0d2",
                "thumb_360": "https:\/\/files.slack.com\/files-tmb\/T01RBRV5F7H-F020FFS008M-e855a29eb5\/image_360.png?t=xoxe-1861879185255-2068564688150-2068564727718-519dfbdd8f50e154f7dac1ab76bfc0d2",
                "thumb_360_w": 360,
                "thumb_360_h": 202,
                "thumb_480": "https:\/\/files.slack.com\/files-tmb\/T01RBRV5F7H-F020FFS008M-e855a29eb5\/image_480.png?t=xoxe-1861879185255-2068564688150-2068564727718-519dfbdd8f50e154f7dac1ab76bfc0d2",
                "thumb_480_w": 480,
                "thumb_480_h": 270,
                "thumb_160": "https:\/\/files.slack.com\/files-tmb\/T01RBRV5F7H-F020FFS008M-e855a29eb5\/image_160.png?t=xoxe-1861879185255-2068564688150-2068564727718-519dfbdd8f50e154f7dac1ab76bfc0d2",
                "thumb_720": "https:\/\/files.slack.com\/files-tmb\/T01RBRV5F7H-F020FFS008M-e855a29eb5\/image_720.png?t=xoxe-1861879185255-2068564688150-2068564727718-519dfbdd8f50e154f7dac1ab76bfc0d2",
                "thumb_720_w": 720,
                "thumb_720_h": 405,
                "thumb_800": "https:\/\/files.slack.com\/files-tmb\/T01RBRV5F7H-F020FFS008M-e855a29eb5\/image_800.png?t=xoxe-1861879185255-2068564688150-2068564727718-519dfbdd8f50e154f7dac1ab76bfc0d2",
                "thumb_800_w": 800,
                "thumb_800_h": 450,
                "thumb_960": "https:\/\/files.slack.com\/files-tmb\/T01RBRV5F7H-F020FFS008M-e855a29eb5\/image_960.png?t=xoxe-1861879185255-2068564688150-2068564727718-519dfbdd8f50e154f7dac1ab76bfc0d2",
                "thumb_960_w": 960,
                "thumb_960_h": 540,
                "thumb_1024": "https:\/\/files.slack.com\/files-tmb\/T01RBRV5F7H-F020FFS008M-e855a29eb5\/image_1024.png?t=xoxe-1861879185255-2068564688150-2068564727718-519dfbdd8f50e154f7dac1ab76bfc0d2",
                "thumb_1024_w": 1024,
                "thumb_1024_h": 576,
                "original_w": 1227,
                "original_h": 690,
                "thumb_tiny": "AwAaADDSYgA881EXcd\/0H+NQTIDdEsCRgdKMoU\/1II+lK6AuBge4oJHTIBqlaqq3Z29MGo9QOJSfYUwLu5vX+X+NSAjpkE1jlh5WcfNmpLJt1yv4\/wAqAL7Rt5rOMdOOagW2l81XbBx05q7RSsBVt4ZI5dz4xj1p01qkz7mzViiiwFF7Dn5Dx70sFm0M6sCCozmrtFMD\/9k=",
                "permalink": "https:\/\/data-ft-ber-03-2021.slack.com\/files\/U01RW2X7S9Z\/F020FFS008M\/image.png",
                "permalink_public": "https:\/\/slack-files.com\/T01RBRV5F7H-F020FFS008M-63e1e6ce5a",
                "is_starred": false,
                "has_rich_preview": false
            }
        ],
        "upload": false,
        "user": "U01RW2X7S9Z",
        "display_as_bot": false,
        "ts": "1619780250.000100",
        "reactions": [
            {
                "name": "rolling_on_the_floor_laughing",
                "users": [
                    "U01RW140HBP",
                    "U01S7BM4N81",
                    "U01S1CWGTU4",
                    "U01RKN0EGDV",
                    "U01SK96QF5E",
                    "U01SJKB2MG8"
                ],
                "count": 6
            }
        ]
    }
]