[
    {
        "type": "message",
        "text": "",
        "files": [
            {
                "id": "F021G7MBV7Z",
                "created": 1620976698,
                "timestamp": 1620976698,
                "name": "image.png",
                "title": "image.png",
                "mimetype": "image\/png",
                "filetype": "png",
                "pretty_type": "PNG",
                "user": "U01RW2X7S9Z",
                "editable": false,
                "size": 784421,
                "mode": "hosted",
                "is_external": false,
                "external_type": "",
                "is_public": true,
                "public_url_shared": false,
                "display_as_bot": false,
                "username": "",
                "url_private": "https:\/\/files.slack.com\/files-pri\/T01RBRV5F7H-F021G7MBV7Z\/image.png?t=xoxe-1861879185255-2068564688150-2068564727718-519dfbdd8f50e154f7dac1ab76bfc0d2",
                "url_private_download": "https:\/\/files.slack.com\/files-pri\/T01RBRV5F7H-F021G7MBV7Z\/download\/image.png?t=xoxe-1861879185255-2068564688150-2068564727718-519dfbdd8f50e154f7dac1ab76bfc0d2",
                "thumb_64": "https:\/\/files.slack.com\/files-tmb\/T01RBRV5F7H-F021G7MBV7Z-af34073ce8\/image_64.png?t=xoxe-1861879185255-2068564688150-2068564727718-519dfbdd8f50e154f7dac1ab76bfc0d2",
                "thumb_80": "https:\/\/files.slack.com\/files-tmb\/T01RBRV5F7H-F021G7MBV7Z-af34073ce8\/image_80.png?t=xoxe-1861879185255-2068564688150-2068564727718-519dfbdd8f50e154f7dac1ab76bfc0d2",
                "thumb_360": "https:\/\/files.slack.com\/files-tmb\/T01RBRV5F7H-F021G7MBV7Z-af34073ce8\/image_360.png?t=xoxe-1861879185255-2068564688150-2068564727718-519dfbdd8f50e154f7dac1ab76bfc0d2",
                "thumb_360_w": 360,
                "thumb_360_h": 355,
                "thumb_480": "https:\/\/files.slack.com\/files-tmb\/T01RBRV5F7H-F021G7MBV7Z-af34073ce8\/image_480.png?t=xoxe-1861879185255-2068564688150-2068564727718-519dfbdd8f50e154f7dac1ab76bfc0d2",
                "thumb_480_w": 480,
                "thumb_480_h": 473,
                "thumb_160": "https:\/\/files.slack.com\/files-tmb\/T01RBRV5F7H-F021G7MBV7Z-af34073ce8\/image_160.png?t=xoxe-1861879185255-2068564688150-2068564727718-519dfbdd8f50e154f7dac1ab76bfc0d2",
                "thumb_720": "https:\/\/files.slack.com\/files-tmb\/T01RBRV5F7H-F021G7MBV7Z-af34073ce8\/image_720.png?t=xoxe-1861879185255-2068564688150-2068564727718-519dfbdd8f50e154f7dac1ab76bfc0d2",
                "thumb_720_w": 720,
                "thumb_720_h": 709,
                "original_w": 750,
                "original_h": 739,
                "thumb_tiny": "AwAvADC+z4Jww\/EUFznG5fyNOLEZ+Qn6Ubj\/AHDQA3eezL+Ro3n1GPoaduP9w0bj\/cNADd5\/vL+RpyHIzkH6UoJJ5UiloAyDPMB\/rX\/Om\/aZs\/6xvzpoORzRilc6HHsP+1Tf89G\/Oj7VN\/z0b86jYcfWkApktMlFzNn\/AFjfnTvPmOf3jfnUB65pd45xSGrdR9ITSE0lBVySII7bXOPQ0kkZjcqRUeOetOZmbG5s46UCuIaB94U3FKOopk63P\/\/Z",
                "permalink": "https:\/\/data-ft-ber-03-2021.slack.com\/files\/U01RW2X7S9Z\/F021G7MBV7Z\/image.png",
                "permalink_public": "https:\/\/slack-files.com\/T01RBRV5F7H-F021G7MBV7Z-412b60b5a8",
                "is_starred": false,
                "has_rich_preview": false
            }
        ],
        "upload": false,
        "user": "U01RW2X7S9Z",
        "display_as_bot": false,
        "ts": "1620976702.000500",
        "thread_ts": "1620976702.000500",
        "reply_count": 10,
        "reply_users_count": 4,
        "latest_reply": "1620977276.003800",
        "reply_users": [
            "U01RKN0EGDV",
            "U01RN7BVD1C",
            "U01RW2X7S9Z",
            "U01RW140HBP"
        ],
        "replies": [
            {
                "user": "U01RKN0EGDV",
                "ts": "1620976796.000900"
            },
            {
                "user": "U01RN7BVD1C",
                "ts": "1620976827.001100"
            },
            {
                "user": "U01RW2X7S9Z",
                "ts": "1620976879.001300"
            },
            {
                "user": "U01RW2X7S9Z",
                "ts": "1620976902.001500"
            },
            {
                "user": "U01RW2X7S9Z",
                "ts": "1620977028.002100"
            },
            {
                "user": "U01RW140HBP",
                "ts": "1620977083.003000"
            },
            {
                "user": "U01RKN0EGDV",
                "ts": "1620977207.003200"
            },
            {
                "user": "U01RW140HBP",
                "ts": "1620977236.003400"
            },
            {
                "user": "U01RN7BVD1C",
                "ts": "1620977245.003600"
            },
            {
                "user": "U01RW140HBP",
                "ts": "1620977276.003800"
            }
        ],
        "is_locked": false,
        "subscribed": false,
        "reactions": [
            {
                "name": "stuck_out_tongue_closed_eyes",
                "users": [
                    "U01RN7BVD1C",
                    "U01RSRE0N3D"
                ],
                "count": 2
            },
            {
                "name": "trap",
                "users": [
                    "U01SJKB2MG8"
                ],
                "count": 1
            },
            {
                "name": "scraping_latinas",
                "users": [
                    "U01S1CWGTU4"
                ],
                "count": 1
            }
        ]
    },
    {
        "client_msg_id": "f17a3854-66db-4840-8b83-6d9a2160afc5",
        "type": "message",
        "text": "is okay, looks like a techno club xd",
        "user": "U01RKN0EGDV",
        "ts": "1620976796.000900",
        "team": "T01RBRV5F7H",
        "user_team": "T01RBRV5F7H",
        "source_team": "T01RBRV5F7H",
        "user_profile": {
            "avatar_hash": "abe46e9352ee",
            "image_72": "https:\/\/avatars.slack-edge.com\/2021-03-24\/1878427345639_abe46e9352ee26531094_72.jpg",
            "first_name": "Marian",
            "real_name": "Marian Moreno",
            "display_name": "Marian (she\/her)",
            "team": "T01RBRV5F7H",
            "name": "marimor62",
            "is_restricted": false,
            "is_ultra_restricted": false
        },
        "blocks": [
            {
                "type": "rich_text",
                "block_id": "vk9",
                "elements": [
                    {
                        "type": "rich_text_section",
                        "elements": [
                            {
                                "type": "text",
                                "text": "is okay, looks like a techno club xd"
                            }
                        ]
                    }
                ]
            }
        ],
        "thread_ts": "1620976702.000500",
        "parent_user_id": "U01RW2X7S9Z",
        "reactions": [
            {
                "name": "dimitri",
                "users": [
                    "U01SJKB2MG8",
                    "U01S0E0MRJ7",
                    "U01S7KCL3DF",
                    "U01RSRE0N3D"
                ],
                "count": 4
            }
        ]
    },
    {
        "client_msg_id": "92e96cb7-97b4-4d16-894e-bb6200d28f1f",
        "type": "message",
        "text": "^ahahah best comment marian :raised_hands:",
        "user": "U01RN7BVD1C",
        "ts": "1620976827.001100",
        "team": "T01RBRV5F7H",
        "user_team": "T01RBRV5F7H",
        "source_team": "T01RBRV5F7H",
        "user_profile": {
            "avatar_hash": "55e0c1b57456",
            "image_72": "https:\/\/avatars.slack-edge.com\/2021-03-20\/1882033802643_55e0c1b574562994417f_72.jpg",
            "first_name": "Josephine",
            "real_name": "Josephine Biedermann",
            "display_name": "Phine",
            "team": "T01RBRV5F7H",
            "name": "josephinebiedermann",
            "is_restricted": false,
            "is_ultra_restricted": false
        },
        "blocks": [
            {
                "type": "rich_text",
                "block_id": "TryQ",
                "elements": [
                    {
                        "type": "rich_text_section",
                        "elements": [
                            {
                                "type": "text",
                                "text": "^ahahah best comment marian "
                            },
                            {
                                "type": "emoji",
                                "name": "raised_hands"
                            }
                        ]
                    }
                ]
            }
        ],
        "thread_ts": "1620976702.000500",
        "parent_user_id": "U01RW2X7S9Z",
        "reactions": [
            {
                "name": "rolling_on_the_floor_laughing",
                "users": [
                    "U01RKN0EGDV"
                ],
                "count": 1
            }
        ]
    },
    {
        "client_msg_id": "f265b88e-e3f6-49d6-aec8-b3697811ad16",
        "type": "message",
        "text": "hahahaha WHEN ARE THEY OPENING!",
        "user": "U01RW2X7S9Z",
        "ts": "1620976879.001300",
        "team": "T01RBRV5F7H",
        "user_team": "T01RBRV5F7H",
        "source_team": "T01RBRV5F7H",
        "user_profile": {
            "avatar_hash": "7e12d75d168a",
            "image_72": "https:\/\/avatars.slack-edge.com\/2021-03-19\/1880105796643_7e12d75d168ae25c167d_72.jpg",
            "first_name": "Alexandre",
            "real_name": "Alexandre Sommerkamp",
            "display_name": "Alexandre Sommerkamp",
            "team": "T01RBRV5F7H",
            "name": "alex.c.skp",
            "is_restricted": false,
            "is_ultra_restricted": false
        },
        "blocks": [
            {
                "type": "rich_text",
                "block_id": "\/aXl",
                "elements": [
                    {
                        "type": "rich_text_section",
                        "elements": [
                            {
                                "type": "text",
                                "text": "hahahaha WHEN ARE THEY OPENING!"
                            }
                        ]
                    }
                ]
            }
        ],
        "thread_ts": "1620976702.000500",
        "parent_user_id": "U01RW2X7S9Z"
    },
    {
        "type": "message",
        "text": "",
        "files": [
            {
                "id": "F02235X7WMA",
                "created": 1620976898,
                "timestamp": 1620976898,
                "name": "image.png",
                "title": "image.png",
                "mimetype": "image\/png",
                "filetype": "png",
                "pretty_type": "PNG",
                "user": "U01RW2X7S9Z",
                "editable": false,
                "size": 563405,
                "mode": "hosted",
                "is_external": false,
                "external_type": "",
                "is_public": true,
                "public_url_shared": false,
                "display_as_bot": false,
                "username": "",
                "url_private": "https:\/\/files.slack.com\/files-pri\/T01RBRV5F7H-F02235X7WMA\/image.png?t=xoxe-1861879185255-2068564688150-2068564727718-519dfbdd8f50e154f7dac1ab76bfc0d2",
                "url_private_download": "https:\/\/files.slack.com\/files-pri\/T01RBRV5F7H-F02235X7WMA\/download\/image.png?t=xoxe-1861879185255-2068564688150-2068564727718-519dfbdd8f50e154f7dac1ab76bfc0d2",
                "thumb_64": "https:\/\/files.slack.com\/files-tmb\/T01RBRV5F7H-F02235X7WMA-52cc27fd15\/image_64.png?t=xoxe-1861879185255-2068564688150-2068564727718-519dfbdd8f50e154f7dac1ab76bfc0d2",
                "thumb_80": "https:\/\/files.slack.com\/files-tmb\/T01RBRV5F7H-F02235X7WMA-52cc27fd15\/image_80.png?t=xoxe-1861879185255-2068564688150-2068564727718-519dfbdd8f50e154f7dac1ab76bfc0d2",
                "thumb_360": "https:\/\/files.slack.com\/files-tmb\/T01RBRV5F7H-F02235X7WMA-52cc27fd15\/image_360.png?t=xoxe-1861879185255-2068564688150-2068564727718-519dfbdd8f50e154f7dac1ab76bfc0d2",
                "thumb_360_w": 360,
                "thumb_360_h": 270,
                "thumb_480": "https:\/\/files.slack.com\/files-tmb\/T01RBRV5F7H-F02235X7WMA-52cc27fd15\/image_480.png?t=xoxe-1861879185255-2068564688150-2068564727718-519dfbdd8f50e154f7dac1ab76bfc0d2",
                "thumb_480_w": 480,
                "thumb_480_h": 360,
                "thumb_160": "https:\/\/files.slack.com\/files-tmb\/T01RBRV5F7H-F02235X7WMA-52cc27fd15\/image_160.png?t=xoxe-1861879185255-2068564688150-2068564727718-519dfbdd8f50e154f7dac1ab76bfc0d2",
                "original_w": 610,
                "original_h": 457,
                "thumb_tiny": "AwAjADCFVgKAbV3cclqeI4tuMJn13VXKlDh8A\/XNIWCsAe\/ekBeEERGdgAI7HNMkijHG1R\/wKrAhj2DazD3BqnOvz8AkZxmiw9AkaBGA8sHjs1NAhaPooOOpNEkWcblI447ZphQYO0cL6mgCJlZXwVI46Yp6fLIGC7gB0akRQVO9ue3NXhY7cKWBz39KASXUqb5SvliQhT2pAwhboCelWDakICXAypbGPp\/jUDWw8kyGToobGPU4plOy2EeeSVMDsc8U3DMjZXJNWhaF41RJABt3Zx1NUVUtnB6UiST+E0ou593+tak\/gP1qIfeqnuC2RObmbB\/eHpio2lcpt3HbjGPYc0h6GmtSKZYW5m3qPMP3cUkags3Heoh99fpU0X3m+tBB\/9k=",
                "permalink": "https:\/\/data-ft-ber-03-2021.slack.com\/files\/U01RW2X7S9Z\/F02235X7WMA\/image.png",
                "permalink_public": "https:\/\/slack-files.com\/T01RBRV5F7H-F02235X7WMA-c2b8469f21",
                "is_starred": false,
                "has_rich_preview": false
            }
        ],
        "upload": false,
        "user": "U01RW2X7S9Z",
        "display_as_bot": false,
        "ts": "1620976902.001500",
        "thread_ts": "1620976702.000500",
        "parent_user_id": "U01RW2X7S9Z",
        "reactions": [
            {
                "name": "raised_hands",
                "users": [
                    "U01RKN0EGDV"
                ],
                "count": 1
            }
        ]
    },
    {
        "type": "message",
        "text": "",
        "files": [
            {
                "id": "F022LQWK6Q0",
                "created": 1620977019,
                "timestamp": 1620977019,
                "name": "image.png",
                "title": "image.png",
                "mimetype": "image\/png",
                "filetype": "png",
                "pretty_type": "PNG",
                "user": "U01RW2X7S9Z",
                "editable": false,
                "size": 2707966,
                "mode": "hosted",
                "is_external": false,
                "external_type": "",
                "is_public": true,
                "public_url_shared": false,
                "display_as_bot": false,
                "username": "",
                "url_private": "https:\/\/files.slack.com\/files-pri\/T01RBRV5F7H-F022LQWK6Q0\/image.png?t=xoxe-1861879185255-2068564688150-2068564727718-519dfbdd8f50e154f7dac1ab76bfc0d2",
                "url_private_download": "https:\/\/files.slack.com\/files-pri\/T01RBRV5F7H-F022LQWK6Q0\/download\/image.png?t=xoxe-1861879185255-2068564688150-2068564727718-519dfbdd8f50e154f7dac1ab76bfc0d2",
                "thumb_64": "https:\/\/files.slack.com\/files-tmb\/T01RBRV5F7H-F022LQWK6Q0-0b64800297\/image_64.png?t=xoxe-1861879185255-2068564688150-2068564727718-519dfbdd8f50e154f7dac1ab76bfc0d2",
                "thumb_80": "https:\/\/files.slack.com\/files-tmb\/T01RBRV5F7H-F022LQWK6Q0-0b64800297\/image_80.png?t=xoxe-1861879185255-2068564688150-2068564727718-519dfbdd8f50e154f7dac1ab76bfc0d2",
                "thumb_360": "https:\/\/files.slack.com\/files-tmb\/T01RBRV5F7H-F022LQWK6Q0-0b64800297\/image_360.png?t=xoxe-1861879185255-2068564688150-2068564727718-519dfbdd8f50e154f7dac1ab76bfc0d2",
                "thumb_360_w": 299,
                "thumb_360_h": 360,
                "thumb_480": "https:\/\/files.slack.com\/files-tmb\/T01RBRV5F7H-F022LQWK6Q0-0b64800297\/image_480.png?t=xoxe-1861879185255-2068564688150-2068564727718-519dfbdd8f50e154f7dac1ab76bfc0d2",
                "thumb_480_w": 398,
                "thumb_480_h": 480,
                "thumb_160": "https:\/\/files.slack.com\/files-tmb\/T01RBRV5F7H-F022LQWK6Q0-0b64800297\/image_160.png?t=xoxe-1861879185255-2068564688150-2068564727718-519dfbdd8f50e154f7dac1ab76bfc0d2",
                "thumb_720": "https:\/\/files.slack.com\/files-tmb\/T01RBRV5F7H-F022LQWK6Q0-0b64800297\/image_720.png?t=xoxe-1861879185255-2068564688150-2068564727718-519dfbdd8f50e154f7dac1ab76bfc0d2",
                "thumb_720_w": 597,
                "thumb_720_h": 720,
                "thumb_800": "https:\/\/files.slack.com\/files-tmb\/T01RBRV5F7H-F022LQWK6Q0-0b64800297\/image_800.png?t=xoxe-1861879185255-2068564688150-2068564727718-519dfbdd8f50e154f7dac1ab76bfc0d2",
                "thumb_800_w": 800,
                "thumb_800_h": 965,
                "thumb_960": "https:\/\/files.slack.com\/files-tmb\/T01RBRV5F7H-F022LQWK6Q0-0b64800297\/image_960.png?t=xoxe-1861879185255-2068564688150-2068564727718-519dfbdd8f50e154f7dac1ab76bfc0d2",
                "thumb_960_w": 796,
                "thumb_960_h": 960,
                "thumb_1024": "https:\/\/files.slack.com\/files-tmb\/T01RBRV5F7H-F022LQWK6Q0-0b64800297\/image_1024.png?t=xoxe-1861879185255-2068564688150-2068564727718-519dfbdd8f50e154f7dac1ab76bfc0d2",
                "thumb_1024_w": 849,
                "thumb_1024_h": 1024,
                "original_w": 1272,
                "original_h": 1534,
                "thumb_tiny": "AwAwACeOKfaR9ae0gIPtVUg44PNSop7lWyM80ASlgsX3eD61XByDTvJaT5gy4xzipWgZIs5PsKAKzKfTApu00E9zSbqAHAn0P5U4SyDp\/Krkcr9myD0BFOJxkEcGgCNpU8nAJVh6CoPtLuCMe1TMTn3PT3pwhXadx5HcUxGexJpPwqyeCQaTIpDGhiCOelTGTPeq5U44xSqp2hiSKQE5l+YCiSRcYEhJH+yBTTKxXggZOOlRrEZXwuSaYAoZiSATS7X\/ALpqaO0LZC\/Njqe1P+wv\/dH50Af\/2Q==",
                "permalink": "https:\/\/data-ft-ber-03-2021.slack.com\/files\/U01RW2X7S9Z\/F022LQWK6Q0\/image.png",
                "permalink_public": "https:\/\/slack-files.com\/T01RBRV5F7H-F022LQWK6Q0-3f9623b4b5",
                "is_starred": false,
                "has_rich_preview": false
            }
        ],
        "upload": false,
        "user": "U01RW2X7S9Z",
        "display_as_bot": false,
        "ts": "1620977028.002100",
        "thread_ts": "1620976702.000500",
        "parent_user_id": "U01RW2X7S9Z",
        "reactions": [
            {
                "name": "woozy_face",
                "users": [
                    "U01RN7BVD1C"
                ],
                "count": 1
            }
        ]
    },
    {
        "client_msg_id": "eee42e76-7230-461a-ac6b-4afec391fb2c",
        "type": "message",
        "text": "yeah when are clubs opening ?? i really want to come back to berlin to experience the dance scene",
        "user": "U01RW140HBP",
        "ts": "1620977083.003000",
        "team": "T01RBRV5F7H",
        "user_team": "T01RBRV5F7H",
        "source_team": "T01RBRV5F7H",
        "user_profile": {
            "avatar_hash": "4c43a3a8d10b",
            "image_72": "https:\/\/avatars.slack-edge.com\/2021-03-21\/1895736308209_4c43a3a8d10bc2fe5e13_72.png",
            "first_name": "siand",
            "real_name": "siand the LT (she\/her)",
            "display_name": "siand the LT (she\/her)",
            "team": "T01RBRV5F7H",
            "name": "sian.davies",
            "is_restricted": false,
            "is_ultra_restricted": false
        },
        "blocks": [
            {
                "type": "rich_text",
                "block_id": "tMC",
                "elements": [
                    {
                        "type": "rich_text_section",
                        "elements": [
                            {
                                "type": "text",
                                "text": "yeah when are clubs opening ?? i really want to come back to berlin to experience the dance scene"
                            }
                        ]
                    }
                ]
            }
        ],
        "thread_ts": "1620976702.000500",
        "parent_user_id": "U01RW2X7S9Z"
    },
    {
        "client_msg_id": "53a73f00-9195-48bc-879c-241b638ba489",
        "type": "message",
        "text": "i heard open airs will be happening 'soon' but clubs i don't know",
        "user": "U01RKN0EGDV",
        "ts": "1620977207.003200",
        "team": "T01RBRV5F7H",
        "user_team": "T01RBRV5F7H",
        "source_team": "T01RBRV5F7H",
        "user_profile": {
            "avatar_hash": "abe46e9352ee",
            "image_72": "https:\/\/avatars.slack-edge.com\/2021-03-24\/1878427345639_abe46e9352ee26531094_72.jpg",
            "first_name": "Marian",
            "real_name": "Marian Moreno",
            "display_name": "Marian (she\/her)",
            "team": "T01RBRV5F7H",
            "name": "marimor62",
            "is_restricted": false,
            "is_ultra_restricted": false
        },
        "blocks": [
            {
                "type": "rich_text",
                "block_id": "1XFC",
                "elements": [
                    {
                        "type": "rich_text_section",
                        "elements": [
                            {
                                "type": "text",
                                "text": "i heard open airs will be happening 'soon' but clubs i don't know"
                            }
                        ]
                    }
                ]
            }
        ],
        "thread_ts": "1620976702.000500",
        "parent_user_id": "U01RW2X7S9Z"
    },
    {
        "client_msg_id": "18de827d-6eeb-4de3-a2a5-9b7889afd86c",
        "type": "message",
        "text": "cool thanks for the info Marian.",
        "user": "U01RW140HBP",
        "ts": "1620977236.003400",
        "team": "T01RBRV5F7H",
        "user_team": "T01RBRV5F7H",
        "source_team": "T01RBRV5F7H",
        "user_profile": {
            "avatar_hash": "4c43a3a8d10b",
            "image_72": "https:\/\/avatars.slack-edge.com\/2021-03-21\/1895736308209_4c43a3a8d10bc2fe5e13_72.png",
            "first_name": "siand",
            "real_name": "siand the LT (she\/her)",
            "display_name": "siand the LT (she\/her)",
            "team": "T01RBRV5F7H",
            "name": "sian.davies",
            "is_restricted": false,
            "is_ultra_restricted": false
        },
        "blocks": [
            {
                "type": "rich_text",
                "block_id": "6w5y7",
                "elements": [
                    {
                        "type": "rich_text_section",
                        "elements": [
                            {
                                "type": "text",
                                "text": "cool thanks for the info Marian."
                            }
                        ]
                    }
                ]
            }
        ],
        "thread_ts": "1620976702.000500",
        "parent_user_id": "U01RW2X7S9Z"
    },
    {
        "client_msg_id": "0d2bb8f3-f4a4-433a-beed-ac6355e272df",
        "type": "message",
        "text": "my neighbours have some raves in their apartment, you can join them :stuck_out_tongue:",
        "user": "U01RN7BVD1C",
        "ts": "1620977245.003600",
        "team": "T01RBRV5F7H",
        "user_team": "T01RBRV5F7H",
        "source_team": "T01RBRV5F7H",
        "user_profile": {
            "avatar_hash": "55e0c1b57456",
            "image_72": "https:\/\/avatars.slack-edge.com\/2021-03-20\/1882033802643_55e0c1b574562994417f_72.jpg",
            "first_name": "Josephine",
            "real_name": "Josephine Biedermann",
            "display_name": "Phine",
            "team": "T01RBRV5F7H",
            "name": "josephinebiedermann",
            "is_restricted": false,
            "is_ultra_restricted": false
        },
        "blocks": [
            {
                "type": "rich_text",
                "block_id": "rHIJ",
                "elements": [
                    {
                        "type": "rich_text_section",
                        "elements": [
                            {
                                "type": "text",
                                "text": "my neighbours have some raves in their apartment, you can join them "
                            },
                            {
                                "type": "emoji",
                                "name": "stuck_out_tongue"
                            }
                        ]
                    }
                ]
            }
        ],
        "thread_ts": "1620976702.000500",
        "parent_user_id": "U01RW2X7S9Z",
        "reactions": [
            {
                "name": "male-police-officer",
                "users": [
                    "U01S7KCL3DF"
                ],
                "count": 1
            }
        ]
    },
    {
        "client_msg_id": "92d74346-a728-425d-b4cd-2446f936961f",
        "type": "message",
        "text": "haha oh dear, worst neighbours",
        "user": "U01RW140HBP",
        "ts": "1620977276.003800",
        "team": "T01RBRV5F7H",
        "user_team": "T01RBRV5F7H",
        "source_team": "T01RBRV5F7H",
        "user_profile": {
            "avatar_hash": "4c43a3a8d10b",
            "image_72": "https:\/\/avatars.slack-edge.com\/2021-03-21\/1895736308209_4c43a3a8d10bc2fe5e13_72.png",
            "first_name": "siand",
            "real_name": "siand the LT (she\/her)",
            "display_name": "siand the LT (she\/her)",
            "team": "T01RBRV5F7H",
            "name": "sian.davies",
            "is_restricted": false,
            "is_ultra_restricted": false
        },
        "blocks": [
            {
                "type": "rich_text",
                "block_id": "OaEja",
                "elements": [
                    {
                        "type": "rich_text_section",
                        "elements": [
                            {
                                "type": "text",
                                "text": "haha oh dear, worst neighbours"
                            }
                        ]
                    }
                ]
            }
        ],
        "thread_ts": "1620976702.000500",
        "parent_user_id": "U01RW2X7S9Z"
    },
    {
        "client_msg_id": "a859121e-c57b-4915-a65d-cfa4f16d6e12",
        "type": "message",
        "text": "learn it by heart. In the stand up next week I will have my group perform it :grin:\n<https:\/\/www.youtube.com\/watch?v=hgI0p1zf31k>",
        "user": "U01SJKB2MG8",
        "ts": "1620979584.005400",
        "team": "T01RBRV5F7H",
        "user_team": "T01RBRV5F7H",
        "source_team": "T01RBRV5F7H",
        "user_profile": {
            "avatar_hash": "88fa894fdb53",
            "image_72": "https:\/\/avatars.slack-edge.com\/2021-03-19\/1885033153332_88fa894fdb5366452adf_72.jpg",
            "first_name": "Florian",
            "real_name": "Florian Titze",
            "display_name": "Flo Titze",
            "team": "T01RBRV5F7H",
            "name": "florian.titze",
            "is_restricted": false,
            "is_ultra_restricted": false
        },
        "attachments": [
            {
                "service_name": "YouTube",
                "service_url": "https:\/\/www.youtube.com\/",
                "title": "🎵 The PEP 8 Song 🎵",
                "title_link": "https:\/\/www.youtube.com\/watch?v=hgI0p1zf31k",
                "author_name": "Python Discord",
                "author_link": "https:\/\/www.youtube.com\/c\/PythonDiscord",
                "thumb_url": "https:\/\/i.ytimg.com\/vi\/hgI0p1zf31k\/hqdefault.jpg",
                "thumb_width": 480,
                "thumb_height": 360,
                "fallback": "YouTube Video: 🎵 The PEP 8 Song 🎵",
                "video_html": "<iframe width=\"400\" height=\"225\" src=\"https:\/\/www.youtube.com\/embed\/hgI0p1zf31k?feature=oembed&autoplay=1&iv_load_policy=3\" frameborder=\"0\" allow=\"accelerometer; autoplay; clipboard-write; encrypted-media; gyroscope; picture-in-picture\" allowfullscreen><\/iframe>",
                "video_html_width": 400,
                "video_html_height": 225,
                "from_url": "https:\/\/www.youtube.com\/watch?v=hgI0p1zf31k",
                "service_icon": "https:\/\/a.slack-edge.com\/80588\/img\/unfurl_icons\/youtube.png",
                "id": 1,
                "original_url": "https:\/\/www.youtube.com\/watch?v=hgI0p1zf31k"
            }
        ],
        "blocks": [
            {
                "type": "rich_text",
                "block_id": "9Vz1+",
                "elements": [
                    {
                        "type": "rich_text_section",
                        "elements": [
                            {
                                "type": "text",
                                "text": "learn it by heart. In the stand up next week I will have my group perform it "
                            },
                            {
                                "type": "emoji",
                                "name": "grin"
                            },
                            {
                                "type": "text",
                                "text": "\n"
                            },
                            {
                                "type": "link",
                                "url": "https:\/\/www.youtube.com\/watch?v=hgI0p1zf31k"
                            }
                        ]
                    }
                ]
            }
        ],
        "thread_ts": "1620979584.005400",
        "reply_count": 5,
        "reply_users_count": 3,
        "latest_reply": "1620980708.006900",
        "reply_users": [
            "U01RW2X7S9Z",
            "U01S7KCL3DF",
            "U01SJKB2MG8"
        ],
        "replies": [
            {
                "user": "U01RW2X7S9Z",
                "ts": "1620979836.006000"
            },
            {
                "user": "U01S7KCL3DF",
                "ts": "1620980004.006200"
            },
            {
                "user": "U01S7KCL3DF",
                "ts": "1620980038.006400"
            },
            {
                "user": "U01SJKB2MG8",
                "ts": "1620980627.006600"
            },
            {
                "user": "U01S7KCL3DF",
                "ts": "1620980708.006900"
            }
        ],
        "is_locked": false,
        "subscribed": false,
        "reactions": [
            {
                "name": "raised_hands",
                "users": [
                    "U01RW2X7S9Z",
                    "U01S7BM4N81"
                ],
                "count": 2
            },
            {
                "name": "joy",
                "users": [
                    "U01S1CWGTU4",
                    "U01S7BM4N81"
                ],
                "count": 2
            }
        ]
    },
    {
        "client_msg_id": "d5d9bc4f-9846-41b0-a9cd-cd89a4fc997f",
        "type": "message",
        "text": "this should be in data_resources i believe",
        "user": "U01RW2X7S9Z",
        "ts": "1620979836.006000",
        "team": "T01RBRV5F7H",
        "user_team": "T01RBRV5F7H",
        "source_team": "T01RBRV5F7H",
        "user_profile": {
            "avatar_hash": "7e12d75d168a",
            "image_72": "https:\/\/avatars.slack-edge.com\/2021-03-19\/1880105796643_7e12d75d168ae25c167d_72.jpg",
            "first_name": "Alexandre",
            "real_name": "Alexandre Sommerkamp",
            "display_name": "Alexandre Sommerkamp",
            "team": "T01RBRV5F7H",
            "name": "alex.c.skp",
            "is_restricted": false,
            "is_ultra_restricted": false
        },
        "blocks": [
            {
                "type": "rich_text",
                "block_id": "wFbq",
                "elements": [
                    {
                        "type": "rich_text_section",
                        "elements": [
                            {
                                "type": "text",
                                "text": "this should be in data_resources i believe"
                            }
                        ]
                    }
                ]
            }
        ],
        "thread_ts": "1620979584.005400",
        "parent_user_id": "U01SJKB2MG8",
        "reactions": [
            {
                "name": "+1",
                "users": [
                    "U01S7BM4N81"
                ],
                "count": 1
            }
        ]
    },
    {
        "client_msg_id": "9649de31-901e-4fe1-a852-01813e20a156",
        "type": "message",
        "text": "WOW",
        "user": "U01S7KCL3DF",
        "ts": "1620980004.006200",
        "team": "T01RBRV5F7H",
        "user_team": "T01RBRV5F7H",
        "source_team": "T01RBRV5F7H",
        "user_profile": {
            "avatar_hash": "17b52091bb62",
            "image_72": "https:\/\/avatars.slack-edge.com\/2021-03-19\/1875964347925_17b52091bb62c2340b4c_72.png",
            "first_name": "Sam",
            "real_name": "Sam Katterfield",
            "display_name": "Sam",
            "team": "T01RBRV5F7H",
            "name": "samkatterfield",
            "is_restricted": false,
            "is_ultra_restricted": false
        },
        "blocks": [
            {
                "type": "rich_text",
                "block_id": "OCL",
                "elements": [
                    {
                        "type": "rich_text_section",
                        "elements": [
                            {
                                "type": "text",
                                "text": "WOW"
                            }
                        ]
                    }
                ]
            }
        ],
        "thread_ts": "1620979584.005400",
        "parent_user_id": "U01SJKB2MG8"
    },
    {
        "client_msg_id": "4d9a843e-8129-42e8-92bb-9a95b39c37b6",
        "type": "message",
        "text": "also that beard will get you through any coding challenge and straight into a Zoom interview",
        "user": "U01S7KCL3DF",
        "ts": "1620980038.006400",
        "team": "T01RBRV5F7H",
        "user_team": "T01RBRV5F7H",
        "source_team": "T01RBRV5F7H",
        "user_profile": {
            "avatar_hash": "17b52091bb62",
            "image_72": "https:\/\/avatars.slack-edge.com\/2021-03-19\/1875964347925_17b52091bb62c2340b4c_72.png",
            "first_name": "Sam",
            "real_name": "Sam Katterfield",
            "display_name": "Sam",
            "team": "T01RBRV5F7H",
            "name": "samkatterfield",
            "is_restricted": false,
            "is_ultra_restricted": false
        },
        "blocks": [
            {
                "type": "rich_text",
                "block_id": "CKF",
                "elements": [
                    {
                        "type": "rich_text_section",
                        "elements": [
                            {
                                "type": "text",
                                "text": "also that beard will get you through any coding challenge and straight into a Zoom interview"
                            }
                        ]
                    }
                ]
            }
        ],
        "thread_ts": "1620979584.005400",
        "parent_user_id": "U01SJKB2MG8",
        "reactions": [
            {
                "name": "+1",
                "users": [
                    "U01SJKB2MG8"
                ],
                "count": 1
            }
        ]
    },
    {
        "client_msg_id": "00e77c5d-6a8f-4a7e-9a96-d6684f484b33",
        "type": "message",
        "text": "that beard will definitely generate a 429 response",
        "user": "U01SJKB2MG8",
        "ts": "1620980627.006600",
        "team": "T01RBRV5F7H",
        "user_team": "T01RBRV5F7H",
        "source_team": "T01RBRV5F7H",
        "user_profile": {
            "avatar_hash": "88fa894fdb53",
            "image_72": "https:\/\/avatars.slack-edge.com\/2021-03-19\/1885033153332_88fa894fdb5366452adf_72.jpg",
            "first_name": "Florian",
            "real_name": "Florian Titze",
            "display_name": "Flo Titze",
            "team": "T01RBRV5F7H",
            "name": "florian.titze",
            "is_restricted": false,
            "is_ultra_restricted": false
        },
        "blocks": [
            {
                "type": "rich_text",
                "block_id": "NN4",
                "elements": [
                    {
                        "type": "rich_text_section",
                        "elements": [
                            {
                                "type": "text",
                                "text": "that beard will definitely generate a 429 response"
                            }
                        ]
                    }
                ]
            }
        ],
        "thread_ts": "1620979584.005400",
        "parent_user_id": "U01SJKB2MG8"
    },
    {
        "client_msg_id": "9668bd69-6315-4691-9294-4207ac7003e2",
        "type": "message",
        "text": "fun fact: Gary Jules stopped me in the street in Manchester and asked me for directions one time\n\nyea that’s the best name-dropping i can do",
        "user": "U01S7KCL3DF",
        "ts": "1620980708.006900",
        "team": "T01RBRV5F7H",
        "user_team": "T01RBRV5F7H",
        "source_team": "T01RBRV5F7H",
        "user_profile": {
            "avatar_hash": "17b52091bb62",
            "image_72": "https:\/\/avatars.slack-edge.com\/2021-03-19\/1875964347925_17b52091bb62c2340b4c_72.png",
            "first_name": "Sam",
            "real_name": "Sam Katterfield",
            "display_name": "Sam",
            "team": "T01RBRV5F7H",
            "name": "samkatterfield",
            "is_restricted": false,
            "is_ultra_restricted": false
        },
        "blocks": [
            {
                "type": "rich_text",
                "block_id": "v7fpt",
                "elements": [
                    {
                        "type": "rich_text_section",
                        "elements": [
                            {
                                "type": "text",
                                "text": "fun fact: Gary Jules stopped me in the street in Manchester and asked me for directions one time\n\nyea that’s the best name-dropping i can do"
                            }
                        ]
                    }
                ]
            }
        ],
        "thread_ts": "1620979584.005400",
        "parent_user_id": "U01SJKB2MG8"
    }
]