[
    {
        "client_msg_id": "cb8f7d4a-237b-419b-a24a-d8eb36ee3e2a",
        "type": "message",
        "text": "<https:\/\/www.facebook.com\/watch\/?v=3595359407173706>",
        "user": "U01S79YDELR",
        "ts": "1619623892.013300",
        "team": "T01RBRV5F7H",
        "user_team": "T01RBRV5F7H",
        "source_team": "T01RBRV5F7H",
        "user_profile": {
            "avatar_hash": "606def897de6",
            "image_72": "https:\/\/avatars.slack-edge.com\/2021-03-22\/1910932493456_606def897de66681d932_72.jpg",
            "first_name": "",
            "real_name": "Karina Condeixa",
            "display_name": "Karina Condeixa",
            "team": "T01RBRV5F7H",
            "name": "karina.condeixa",
            "is_restricted": false,
            "is_ultra_restricted": false
        },
        "attachments": [
            {
                "service_name": "Facebook",
                "title": "Log into Facebook",
                "title_link": "https:\/\/www.facebook.com\/watch\/?v=3595359407173706",
                "text": "Log into Facebook to start sharing and connecting with your friends, family, and people you know.",
                "fallback": "Facebook: Log into Facebook",
                "from_url": "https:\/\/www.facebook.com\/watch\/?v=3595359407173706",
                "service_icon": "https:\/\/static.xx.fbcdn.net\/rsrc.php\/yv\/r\/B8BxsscfVBr.ico",
                "id": 1,
                "original_url": "https:\/\/www.facebook.com\/watch\/?v=3595359407173706"
            }
        ],
        "blocks": [
            {
                "type": "rich_text",
                "block_id": "g0I",
                "elements": [
                    {
                        "type": "rich_text_section",
                        "elements": [
                            {
                                "type": "link",
                                "url": "https:\/\/www.facebook.com\/watch\/?v=3595359407173706"
                            }
                        ]
                    }
                ]
            }
        ]
    },
    {
        "type": "message",
        "text": "",
        "files": [
            {
                "id": "F020H1XJK7E",
                "created": 1619624176,
                "timestamp": 1619624176,
                "name": "image.png",
                "title": "image.png",
                "mimetype": "image\/png",
                "filetype": "png",
                "pretty_type": "PNG",
                "user": "U01RW140HBP",
                "editable": false,
                "size": 805230,
                "mode": "hosted",
                "is_external": false,
                "external_type": "",
                "is_public": true,
                "public_url_shared": false,
                "display_as_bot": false,
                "username": "",
                "url_private": "https:\/\/files.slack.com\/files-pri\/T01RBRV5F7H-F020H1XJK7E\/image.png?t=xoxe-1861879185255-2068564688150-2068564727718-519dfbdd8f50e154f7dac1ab76bfc0d2",
                "url_private_download": "https:\/\/files.slack.com\/files-pri\/T01RBRV5F7H-F020H1XJK7E\/download\/image.png?t=xoxe-1861879185255-2068564688150-2068564727718-519dfbdd8f50e154f7dac1ab76bfc0d2",
                "thumb_64": "https:\/\/files.slack.com\/files-tmb\/T01RBRV5F7H-F020H1XJK7E-ceb1500eed\/image_64.png?t=xoxe-1861879185255-2068564688150-2068564727718-519dfbdd8f50e154f7dac1ab76bfc0d2",
                "thumb_80": "https:\/\/files.slack.com\/files-tmb\/T01RBRV5F7H-F020H1XJK7E-ceb1500eed\/image_80.png?t=xoxe-1861879185255-2068564688150-2068564727718-519dfbdd8f50e154f7dac1ab76bfc0d2",
                "thumb_360": "https:\/\/files.slack.com\/files-tmb\/T01RBRV5F7H-F020H1XJK7E-ceb1500eed\/image_360.png?t=xoxe-1861879185255-2068564688150-2068564727718-519dfbdd8f50e154f7dac1ab76bfc0d2",
                "thumb_360_w": 270,
                "thumb_360_h": 360,
                "thumb_480": "https:\/\/files.slack.com\/files-tmb\/T01RBRV5F7H-F020H1XJK7E-ceb1500eed\/image_480.png?t=xoxe-1861879185255-2068564688150-2068564727718-519dfbdd8f50e154f7dac1ab76bfc0d2",
                "thumb_480_w": 360,
                "thumb_480_h": 480,
                "thumb_160": "https:\/\/files.slack.com\/files-tmb\/T01RBRV5F7H-F020H1XJK7E-ceb1500eed\/image_160.png?t=xoxe-1861879185255-2068564688150-2068564727718-519dfbdd8f50e154f7dac1ab76bfc0d2",
                "thumb_720": "https:\/\/files.slack.com\/files-tmb\/T01RBRV5F7H-F020H1XJK7E-ceb1500eed\/image_720.png?t=xoxe-1861879185255-2068564688150-2068564727718-519dfbdd8f50e154f7dac1ab76bfc0d2",
                "thumb_720_w": 540,
                "thumb_720_h": 720,
                "thumb_800": "https:\/\/files.slack.com\/files-tmb\/T01RBRV5F7H-F020H1XJK7E-ceb1500eed\/image_800.png?t=xoxe-1861879185255-2068564688150-2068564727718-519dfbdd8f50e154f7dac1ab76bfc0d2",
                "thumb_800_w": 600,
                "thumb_800_h": 800,
                "thumb_960": "https:\/\/files.slack.com\/files-tmb\/T01RBRV5F7H-F020H1XJK7E-ceb1500eed\/image_960.png?t=xoxe-1861879185255-2068564688150-2068564727718-519dfbdd8f50e154f7dac1ab76bfc0d2",
                "thumb_960_w": 720,
                "thumb_960_h": 960,
                "original_w": 720,
                "original_h": 960,
                "thumb_tiny": "AwAwACRpjH0p0MfzHNOALHAqSNCBz1pDGsuRx1pm3ipyKicYYfyoATZRsqN8Z9KbketAF6NABnAp+KaJIwPvCl81OzCgBmGBO8cdqjkHFSPICSrYBHvTHkTH3qAIewoxTd+OinFHmf7JoAsCEnoDSeSw5INWDGN3MbEZ4Iak8peP3Tf99f8A16YiHyWI4BNIYG\/ump\/KBz+6b\/vqgxgknymyT\/eoAq+Q\/ZTR5En90\/lV6JFVfu49jTsD0FAH\/9k=",
                "permalink": "https:\/\/data-ft-ber-03-2021.slack.com\/files\/U01RW140HBP\/F020H1XJK7E\/image.png",
                "permalink_public": "https:\/\/slack-files.com\/T01RBRV5F7H-F020H1XJK7E-aeb5fa9311",
                "is_starred": false,
                "has_rich_preview": false
            }
        ],
        "upload": false,
        "user": "U01RW140HBP",
        "display_as_bot": false,
        "ts": "1619624179.013500",
        "reactions": [
            {
                "name": "coool",
                "users": [
                    "U01RW2X7S9Z",
                    "U01S7BM4N81"
                ],
                "count": 2
            }
        ]
    }
]