[
    {
        "type": "message",
        "text": ":rolling_on_the_floor_laughing:",
        "files": [
            {
                "id": "F01TFCE9NJY",
                "created": 1617605614,
                "timestamp": 1617605614,
                "name": "image.png",
                "title": "image.png",
                "mimetype": "image\/png",
                "filetype": "png",
                "pretty_type": "PNG",
                "user": "U01RKN0EGDV",
                "editable": false,
                "size": 555863,
                "mode": "hosted",
                "is_external": false,
                "external_type": "",
                "is_public": true,
                "public_url_shared": false,
                "display_as_bot": false,
                "username": "",
                "url_private": "https:\/\/files.slack.com\/files-pri\/T01RBRV5F7H-F01TFCE9NJY\/image.png?t=xoxe-1861879185255-2068564688150-2068564727718-519dfbdd8f50e154f7dac1ab76bfc0d2",
                "url_private_download": "https:\/\/files.slack.com\/files-pri\/T01RBRV5F7H-F01TFCE9NJY\/download\/image.png?t=xoxe-1861879185255-2068564688150-2068564727718-519dfbdd8f50e154f7dac1ab76bfc0d2",
                "thumb_64": "https:\/\/files.slack.com\/files-tmb\/T01RBRV5F7H-F01TFCE9NJY-1001641681\/image_64.png?t=xoxe-1861879185255-2068564688150-2068564727718-519dfbdd8f50e154f7dac1ab76bfc0d2",
                "thumb_80": "https:\/\/files.slack.com\/files-tmb\/T01RBRV5F7H-F01TFCE9NJY-1001641681\/image_80.png?t=xoxe-1861879185255-2068564688150-2068564727718-519dfbdd8f50e154f7dac1ab76bfc0d2",
                "thumb_360": "https:\/\/files.slack.com\/files-tmb\/T01RBRV5F7H-F01TFCE9NJY-1001641681\/image_360.png?t=xoxe-1861879185255-2068564688150-2068564727718-519dfbdd8f50e154f7dac1ab76bfc0d2",
                "thumb_360_w": 360,
                "thumb_360_h": 360,
                "thumb_480": "https:\/\/files.slack.com\/files-tmb\/T01RBRV5F7H-F01TFCE9NJY-1001641681\/image_480.png?t=xoxe-1861879185255-2068564688150-2068564727718-519dfbdd8f50e154f7dac1ab76bfc0d2",
                "thumb_480_w": 480,
                "thumb_480_h": 480,
                "thumb_160": "https:\/\/files.slack.com\/files-tmb\/T01RBRV5F7H-F01TFCE9NJY-1001641681\/image_160.png?t=xoxe-1861879185255-2068564688150-2068564727718-519dfbdd8f50e154f7dac1ab76bfc0d2",
                "thumb_720": "https:\/\/files.slack.com\/files-tmb\/T01RBRV5F7H-F01TFCE9NJY-1001641681\/image_720.png?t=xoxe-1861879185255-2068564688150-2068564727718-519dfbdd8f50e154f7dac1ab76bfc0d2",
                "thumb_720_w": 720,
                "thumb_720_h": 720,
                "original_w": 768,
                "original_h": 768,
                "thumb_tiny": "AwAwADCW+3bVIfaO4qiSVbKTEfjUhmLt+8G70FSRGPJJTBPXNADrS5mMgjcbwf4h2rSqhGURCY+BVoTpkA564oAlJwMmgEEcUwyLyPwpFOenJHBouBjBcck5PoO1Iud3zEt7Zq\/DbSK7JISFA42nFOEJDEebKv1Of5igCvGwCbXAI\/lWntUjoKyp5MOFlTzR\/Cw4P6VrjpQA0IqjAAxShVHQClOAMmkBBHFAEFtOLhPMxg9CKSWYp1Q49QKZ8sKBY+MAfjTZbgCPJHJ7UAV57n5k2rzt78Vp+aobac\/WsY7\/ADBIQcEVtbVPJUH8KAE8xSO5BpFJJ45PQ0\/aPQUBQOgFLUD\/2Q==",
                "permalink": "https:\/\/data-ft-ber-03-2021.slack.com\/files\/U01RKN0EGDV\/F01TFCE9NJY\/image.png",
                "permalink_public": "https:\/\/slack-files.com\/T01RBRV5F7H-F01TFCE9NJY-d2133011a2",
                "is_starred": false,
                "has_rich_preview": false
            }
        ],
        "upload": false,
        "blocks": [
            {
                "type": "rich_text",
                "block_id": "717xp",
                "elements": [
                    {
                        "type": "rich_text_section",
                        "elements": [
                            {
                                "type": "emoji",
                                "name": "rolling_on_the_floor_laughing"
                            }
                        ]
                    }
                ]
            }
        ],
        "user": "U01RKN0EGDV",
        "display_as_bot": false,
        "ts": "1617605626.000200",
        "thread_ts": "1617605626.000200",
        "reply_count": 2,
        "reply_users_count": 2,
        "latest_reply": "1617633844.001900",
        "reply_users": [
            "U01S7KCL3DF",
            "U01RP2K1606"
        ],
        "replies": [
            {
                "user": "U01S7KCL3DF",
                "ts": "1617618424.001300"
            },
            {
                "user": "U01RP2K1606",
                "ts": "1617633844.001900"
            }
        ],
        "is_locked": false,
        "subscribed": false,
        "reactions": [
            {
                "name": "rolling_on_the_floor_laughing",
                "users": [
                    "U01S1CWGTU4",
                    "U01SD3CDH9P"
                ],
                "count": 2
            },
            {
                "name": "joy",
                "users": [
                    "U01S7BM4N81",
                    "U01RP2K1606"
                ],
                "count": 2
            },
            {
                "name": "fist",
                "users": [
                    "U01S7KCL3DF"
                ],
                "count": 1
            }
        ]
    },
    {
        "client_msg_id": "cfa42204-8e7e-4654-bcff-2719dc436f40",
        "type": "message",
        "text": "you gotta share that SQL",
        "user": "U01RW2X7S9Z",
        "ts": "1617605707.000800",
        "team": "T01RBRV5F7H",
        "user_team": "T01RBRV5F7H",
        "source_team": "T01RBRV5F7H",
        "user_profile": {
            "avatar_hash": "7e12d75d168a",
            "image_72": "https:\/\/avatars.slack-edge.com\/2021-03-19\/1880105796643_7e12d75d168ae25c167d_72.jpg",
            "first_name": "Alexandre",
            "real_name": "Alexandre Sommerkamp",
            "display_name": "Alexandre Sommerkamp",
            "team": "T01RBRV5F7H",
            "name": "alex.c.skp",
            "is_restricted": false,
            "is_ultra_restricted": false
        },
        "blocks": [
            {
                "type": "rich_text",
                "block_id": "=ZlQ",
                "elements": [
                    {
                        "type": "rich_text_section",
                        "elements": [
                            {
                                "type": "text",
                                "text": "you gotta share that SQL"
                            }
                        ]
                    }
                ]
            }
        ]
    }
]