[
    {
        "client_msg_id": "3a3caf4a-66af-4604-82a0-b08121cc0ff6",
        "type": "message",
        "text": "are katas at 2pm today? Just want to plan out my afternoon",
        "user": "U01S7KCL3DF",
        "ts": "1618562742.000400",
        "team": "T01RBRV5F7H",
        "user_team": "T01RBRV5F7H",
        "source_team": "T01RBRV5F7H",
        "user_profile": {
            "avatar_hash": "17b52091bb62",
            "image_72": "https:\/\/avatars.slack-edge.com\/2021-03-19\/1875964347925_17b52091bb62c2340b4c_72.png",
            "first_name": "Sam",
            "real_name": "Sam Katterfield",
            "display_name": "Sam",
            "team": "T01RBRV5F7H",
            "name": "samkatterfield",
            "is_restricted": false,
            "is_ultra_restricted": false
        },
        "blocks": [
            {
                "type": "rich_text",
                "block_id": "y+hw",
                "elements": [
                    {
                        "type": "rich_text_section",
                        "elements": [
                            {
                                "type": "text",
                                "text": "are katas at 2pm today? Just want to plan out my afternoon"
                            }
                        ]
                    }
                ]
            }
        ]
    },
    {
        "client_msg_id": "2d1ea5be-2411-4536-ab38-da050c6bcc91",
        "type": "message",
        "text": "Yes!",
        "user": "U01RSRE0N3D",
        "ts": "1618563419.000700",
        "team": "T01RBRV5F7H",
        "user_team": "T01RBRV5F7H",
        "source_team": "T01RBRV5F7H",
        "user_profile": {
            "avatar_hash": "5b0571ca5e6f",
            "image_72": "https:\/\/avatars.slack-edge.com\/2021-03-18\/1876877550179_5b0571ca5e6fe1f759fe_72.jpg",
            "first_name": "Kosta",
            "real_name": "Kosta",
            "display_name": "Kosta",
            "team": "T01RBRV5F7H",
            "name": "kostadin.mitkov",
            "is_restricted": false,
            "is_ultra_restricted": false
        },
        "blocks": [
            {
                "type": "rich_text",
                "block_id": "5PUpp",
                "elements": [
                    {
                        "type": "rich_text_section",
                        "elements": [
                            {
                                "type": "text",
                                "text": "Yes!"
                            }
                        ]
                    }
                ]
            }
        ],
        "reactions": [
            {
                "name": "cool-doge",
                "users": [
                    "U01S7KCL3DF"
                ],
                "count": 1
            }
        ]
    },
    {
        "client_msg_id": "cdcd1a00-fc52-4e04-99cd-7e034779006f",
        "type": "message",
        "text": "no",
        "user": "U01RW140HBP",
        "ts": "1618573435.001000",
        "team": "T01RBRV5F7H",
        "user_team": "T01RBRV5F7H",
        "source_team": "T01RBRV5F7H",
        "user_profile": {
            "avatar_hash": "4c43a3a8d10b",
            "image_72": "https:\/\/avatars.slack-edge.com\/2021-03-21\/1895736308209_4c43a3a8d10bc2fe5e13_72.png",
            "first_name": "siand",
            "real_name": "siand the LT (she\/her)",
            "display_name": "siand the LT (she\/her)",
            "team": "T01RBRV5F7H",
            "name": "sian.davies",
            "is_restricted": false,
            "is_ultra_restricted": false
        },
        "blocks": [
            {
                "type": "rich_text",
                "block_id": "9IDJd",
                "elements": [
                    {
                        "type": "rich_text_section",
                        "elements": [
                            {
                                "type": "text",
                                "text": "no"
                            }
                        ]
                    }
                ]
            }
        ],
        "reactions": [
            {
                "name": "cool-doge",
                "users": [
                    "U01S7KCL3DF"
                ],
                "count": 1
            }
        ]
    },
    {
        "client_msg_id": "24ce9f58-ebfa-40b6-b4a8-f849a57d4818",
        "type": "message",
        "text": "<https:\/\/www.codewars.com\/kata\/56bc28ad5bdaeb48760009b0\/train\/python>",
        "user": "U01RSRE0N3D",
        "ts": "1618578901.001300",
        "team": "T01RBRV5F7H",
        "user_team": "T01RBRV5F7H",
        "source_team": "T01RBRV5F7H",
        "user_profile": {
            "avatar_hash": "5b0571ca5e6f",
            "image_72": "https:\/\/avatars.slack-edge.com\/2021-03-18\/1876877550179_5b0571ca5e6fe1f759fe_72.jpg",
            "first_name": "Kosta",
            "real_name": "Kosta",
            "display_name": "Kosta",
            "team": "T01RBRV5F7H",
            "name": "kostadin.mitkov",
            "is_restricted": false,
            "is_ultra_restricted": false
        },
        "attachments": [
            {
                "service_name": "Codewars",
                "title": "Training on Remove First and Last Character | Codewars",
                "title_link": "https:\/\/www.codewars.com\/kata\/56bc28ad5bdaeb48760009b0\/train\/python",
                "text": "Codewars is where developers achieve code mastery through challenge. Train on kata in the dojo and reach your highest potential.",
                "fallback": "Codewars: Training on Remove First and Last Character | Codewars",
                "from_url": "https:\/\/www.codewars.com\/kata\/56bc28ad5bdaeb48760009b0\/train\/python",
                "thumb_url": "https:\/\/www.codewars.com\/assets\/logos\/logo-square-paper-bg-c3d2b1eb4fb35d75b0c0c0e3b74616fab527afdce9d1d3184624cf0b4e950357.jpg",
                "thumb_width": 200,
                "thumb_height": 200,
                "service_icon": "https:\/\/www.codewars.com\/favicon.ico",
                "id": 1,
                "original_url": "https:\/\/www.codewars.com\/kata\/56bc28ad5bdaeb48760009b0\/train\/python"
            }
        ],
        "blocks": [
            {
                "type": "rich_text",
                "block_id": "GV6G",
                "elements": [
                    {
                        "type": "rich_text_section",
                        "elements": [
                            {
                                "type": "link",
                                "url": "https:\/\/www.codewars.com\/kata\/56bc28ad5bdaeb48760009b0\/train\/python"
                            }
                        ]
                    }
                ]
            }
        ],
        "reactions": [
            {
                "name": "white_check_mark",
                "users": [
                    "U01S7BM4N81",
                    "U01RW2X7S9Z",
                    "U01RKN0EGDV",
                    "U01S79YDELR",
                    "U01SD3CDH9P",
                    "U01S65G72SY",
                    "U01S0E0MRJ7",
                    "U01SK96QF5E",
                    "U01S1CWGTU4"
                ],
                "count": 9
            }
        ]
    },
    {
        "client_msg_id": "d596519f-d06e-4051-a7bf-a1b41b12ff32",
        "type": "message",
        "text": "<https:\/\/www.codewars.com\/kata\/54ba84be607a92aa900000f1\/train\/python>",
        "user": "U01RSRE0N3D",
        "ts": "1618579347.002600",
        "team": "T01RBRV5F7H",
        "user_team": "T01RBRV5F7H",
        "source_team": "T01RBRV5F7H",
        "user_profile": {
            "avatar_hash": "5b0571ca5e6f",
            "image_72": "https:\/\/avatars.slack-edge.com\/2021-03-18\/1876877550179_5b0571ca5e6fe1f759fe_72.jpg",
            "first_name": "Kosta",
            "real_name": "Kosta",
            "display_name": "Kosta",
            "team": "T01RBRV5F7H",
            "name": "kostadin.mitkov",
            "is_restricted": false,
            "is_ultra_restricted": false
        },
        "attachments": [
            {
                "service_name": "Codewars",
                "title": "Training on Isograms | Codewars",
                "title_link": "https:\/\/www.codewars.com\/kata\/54ba84be607a92aa900000f1\/train\/python",
                "text": "Codewars is where developers achieve code mastery through challenge. Train on kata in the dojo and reach your highest potential.",
                "fallback": "Codewars: Training on Isograms | Codewars",
                "from_url": "https:\/\/www.codewars.com\/kata\/54ba84be607a92aa900000f1\/train\/python",
                "thumb_url": "https:\/\/www.codewars.com\/assets\/logos\/logo-square-paper-bg-c3d2b1eb4fb35d75b0c0c0e3b74616fab527afdce9d1d3184624cf0b4e950357.jpg",
                "thumb_width": 200,
                "thumb_height": 200,
                "service_icon": "https:\/\/www.codewars.com\/favicon.ico",
                "id": 1,
                "original_url": "https:\/\/www.codewars.com\/kata\/54ba84be607a92aa900000f1\/train\/python"
            }
        ],
        "blocks": [
            {
                "type": "rich_text",
                "block_id": "a7rPi",
                "elements": [
                    {
                        "type": "rich_text_section",
                        "elements": [
                            {
                                "type": "link",
                                "url": "https:\/\/www.codewars.com\/kata\/54ba84be607a92aa900000f1\/train\/python"
                            }
                        ]
                    }
                ]
            }
        ],
        "thread_ts": "1618579347.002600",
        "reply_count": 1,
        "reply_users_count": 1,
        "latest_reply": "1618580306.003200",
        "reply_users": [
            "U01RRV4JX6Z"
        ],
        "replies": [
            {
                "user": "U01RRV4JX6Z",
                "ts": "1618580306.003200"
            }
        ],
        "is_locked": false,
        "subscribed": true,
        "last_read": "1618580306.003200",
        "reactions": [
            {
                "name": "white_check_mark",
                "users": [
                    "U01S7BM4N81",
                    "U01S0E0MRJ7",
                    "U01S1CWGTU4"
                ],
                "count": 3
            }
        ]
    },
    {
        "client_msg_id": "0a18d1a6-4948-48ca-976e-5c2c9f29c31e",
        "type": "message",
        "text": "I knew from the beginning that this list solution was the correct one. What struck was how to implement it",
        "user": "U01RRV4JX6Z",
        "ts": "1618580306.003200",
        "team": "T01RBRV5F7H",
        "user_team": "T01RBRV5F7H",
        "source_team": "T01RBRV5F7H",
        "user_profile": {
            "avatar_hash": "339c4d69b7d9",
            "image_72": "https:\/\/avatars.slack-edge.com\/2021-04-14\/1961122781618_339c4d69b7d9fe16343a_72.jpg",
            "first_name": "",
            "real_name": "Francisco Ebeling",
            "display_name": "Francisco Ebeling",
            "team": "T01RBRV5F7H",
            "name": "ebelingbarros",
            "is_restricted": false,
            "is_ultra_restricted": false
        },
        "blocks": [
            {
                "type": "rich_text",
                "block_id": "8KKL",
                "elements": [
                    {
                        "type": "rich_text_section",
                        "elements": [
                            {
                                "type": "text",
                                "text": "I knew from the beginning that this list solution was the correct one. What struck was how to implement it"
                            }
                        ]
                    }
                ]
            }
        ],
        "thread_ts": "1618579347.002600",
        "parent_user_id": "U01RSRE0N3D"
    },
    {
        "client_msg_id": "133ac0da-bd43-4b06-a635-52d8fe9423b6",
        "type": "message",
        "text": "<https:\/\/www.codewars.com\/kata\/541c8630095125aba6000c00\/train\/python>",
        "user": "U01SJKB2MG8",
        "ts": "1618581283.003500",
        "team": "T01RBRV5F7H",
        "user_team": "T01RBRV5F7H",
        "source_team": "T01RBRV5F7H",
        "user_profile": {
            "avatar_hash": "88fa894fdb53",
            "image_72": "https:\/\/avatars.slack-edge.com\/2021-03-19\/1885033153332_88fa894fdb5366452adf_72.jpg",
            "first_name": "Florian",
            "real_name": "Florian Titze",
            "display_name": "Flo Titze",
            "team": "T01RBRV5F7H",
            "name": "florian.titze",
            "is_restricted": false,
            "is_ultra_restricted": false
        },
        "attachments": [
            {
                "service_name": "Codewars",
                "title": "Training on Sum of Digits \/ Digital Root | Codewars",
                "title_link": "https:\/\/www.codewars.com\/kata\/541c8630095125aba6000c00\/train\/python",
                "text": "Codewars is where developers achieve code mastery through challenge. Train on kata in the dojo and reach your highest potential.",
                "fallback": "Codewars: Training on Sum of Digits \/ Digital Root | Codewars",
                "from_url": "https:\/\/www.codewars.com\/kata\/541c8630095125aba6000c00\/train\/python",
                "thumb_url": "https:\/\/www.codewars.com\/assets\/logos\/logo-square-paper-bg-c3d2b1eb4fb35d75b0c0c0e3b74616fab527afdce9d1d3184624cf0b4e950357.jpg",
                "thumb_width": 200,
                "thumb_height": 200,
                "service_icon": "https:\/\/www.codewars.com\/favicon.ico",
                "id": 1,
                "original_url": "https:\/\/www.codewars.com\/kata\/541c8630095125aba6000c00\/train\/python"
            }
        ],
        "blocks": [
            {
                "type": "rich_text",
                "block_id": "wLPwG",
                "elements": [
                    {
                        "type": "rich_text_section",
                        "elements": [
                            {
                                "type": "link",
                                "url": "https:\/\/www.codewars.com\/kata\/541c8630095125aba6000c00\/train\/python"
                            }
                        ]
                    }
                ]
            }
        ],
        "reactions": [
            {
                "name": "white_check_mark",
                "users": [
                    "U01RKN0EGDV"
                ],
                "count": 1
            }
        ]
    }
]