[
    {
        "client_msg_id": "d7a92443-d8a3-4217-b50f-0a89b3e1f8de",
        "type": "message",
        "text": "what time is the Kata, today?",
        "user": "U01S79YDELR",
        "ts": "1617632522.000600",
        "team": "T01RBRV5F7H",
        "user_team": "T01RBRV5F7H",
        "source_team": "T01RBRV5F7H",
        "user_profile": {
            "avatar_hash": "606def897de6",
            "image_72": "https:\/\/avatars.slack-edge.com\/2021-03-22\/1910932493456_606def897de66681d932_72.jpg",
            "first_name": "",
            "real_name": "Karina Condeixa",
            "display_name": "Karina Condeixa",
            "team": "T01RBRV5F7H",
            "name": "karina.condeixa",
            "is_restricted": false,
            "is_ultra_restricted": false
        },
        "blocks": [
            {
                "type": "rich_text",
                "block_id": "57PI",
                "elements": [
                    {
                        "type": "rich_text_section",
                        "elements": [
                            {
                                "type": "text",
                                "text": "what time is the Kata, today?"
                            }
                        ]
                    }
                ]
            }
        ],
        "thread_ts": "1617632522.000600",
        "reply_count": 1,
        "reply_users_count": 1,
        "latest_reply": "1617632908.001500",
        "reply_users": [
            "U01S79YDELR"
        ],
        "replies": [
            {
                "user": "U01S79YDELR",
                "ts": "1617632908.001500"
            }
        ],
        "is_locked": false,
        "subscribed": false
    },
    {
        "client_msg_id": "58cb8968-b25c-450e-a125-28b6d1a7acf8",
        "type": "message",
        "text": "I left it up to you all to talk to the TAs if you wanted to do Katas today … so up to you! I just posted this on general :\n*siand the LT (she\/her)*  [16:22]\nI think Flo and Kosta might be busy, but if anyone wants to do a basic sql kata with me in the next hour add a :+1: to this thread :slightly_smiling_face:",
        "user": "U01RW140HBP",
        "ts": "1617632579.001400",
        "team": "T01RBRV5F7H",
        "user_team": "T01RBRV5F7H",
        "source_team": "T01RBRV5F7H",
        "user_profile": {
            "avatar_hash": "4c43a3a8d10b",
            "image_72": "https:\/\/avatars.slack-edge.com\/2021-03-21\/1895736308209_4c43a3a8d10bc2fe5e13_72.png",
            "first_name": "siand",
            "real_name": "siand the LT (she\/her)",
            "display_name": "siand the LT (she\/her)",
            "team": "T01RBRV5F7H",
            "name": "sian.davies",
            "is_restricted": false,
            "is_ultra_restricted": false
        },
        "blocks": [
            {
                "type": "rich_text",
                "block_id": "jggS",
                "elements": [
                    {
                        "type": "rich_text_section",
                        "elements": [
                            {
                                "type": "text",
                                "text": "I left it up to you all to talk to the TAs if you wanted to do Katas today … so up to you! I just posted this on general :\n"
                            },
                            {
                                "type": "text",
                                "text": "siand the LT (she\/her)",
                                "style": {
                                    "bold": true
                                }
                            },
                            {
                                "type": "text",
                                "text": "  [16:22]\nI think Flo and Kosta might be busy, but if anyone wants to do a basic sql kata with me in the next hour add a "
                            },
                            {
                                "type": "emoji",
                                "name": "+1"
                            },
                            {
                                "type": "text",
                                "text": " to this thread "
                            },
                            {
                                "type": "emoji",
                                "name": "slightly_smiling_face"
                            }
                        ]
                    }
                ]
            }
        ]
    },
    {
        "client_msg_id": "c9642df5-7195-41b3-92dd-92adcf5f9953",
        "type": "message",
        "text": "I will jump to the ML lab then, to try to finish it.",
        "user": "U01S79YDELR",
        "ts": "1617632908.001500",
        "team": "T01RBRV5F7H",
        "user_team": "T01RBRV5F7H",
        "source_team": "T01RBRV5F7H",
        "user_profile": {
            "avatar_hash": "606def897de6",
            "image_72": "https:\/\/avatars.slack-edge.com\/2021-03-22\/1910932493456_606def897de66681d932_72.jpg",
            "first_name": "",
            "real_name": "Karina Condeixa",
            "display_name": "Karina Condeixa",
            "team": "T01RBRV5F7H",
            "name": "karina.condeixa",
            "is_restricted": false,
            "is_ultra_restricted": false
        },
        "blocks": [
            {
                "type": "rich_text",
                "block_id": "fKdo",
                "elements": [
                    {
                        "type": "rich_text_section",
                        "elements": [
                            {
                                "type": "text",
                                "text": "I will jump to the ML lab then, to try to finish it."
                            }
                        ]
                    }
                ]
            }
        ],
        "thread_ts": "1617632522.000600",
        "parent_user_id": "U01S79YDELR"
    }
]