[
    {
        "client_msg_id": "018a35ef-0511-4f41-9d9a-e7d5cdf17646",
        "type": "message",
        "text": "well found Sam!",
        "user": "U01RW140HBP",
        "ts": "1621233596.000200",
        "team": "T01RBRV5F7H",
        "user_team": "T01RBRV5F7H",
        "source_team": "T01RBRV5F7H",
        "user_profile": {
            "avatar_hash": "4c43a3a8d10b",
            "image_72": "https:\/\/avatars.slack-edge.com\/2021-03-21\/1895736308209_4c43a3a8d10bc2fe5e13_72.png",
            "first_name": "siand",
            "real_name": "siand the LT (she\/her)",
            "display_name": "siand the LT (she\/her)",
            "team": "T01RBRV5F7H",
            "name": "sian.davies",
            "is_restricted": false,
            "is_ultra_restricted": false
        },
        "blocks": [
            {
                "type": "rich_text",
                "block_id": "s7d",
                "elements": [
                    {
                        "type": "rich_text_section",
                        "elements": [
                            {
                                "type": "text",
                                "text": "well found Sam!"
                            }
                        ]
                    }
                ]
            }
        ],
        "thread_ts": "1621010724.005400",
        "parent_user_id": "U01S7KCL3DF"
    }
]