[
    {
        "type": "message",
        "subtype": "channel_name",
        "ts": "1618815445.000100",
        "user": "U01RSRE0N3D",
        "text": "<@U01RSRE0N3D> has renamed the channel from \"lab_code_help\" to \"project-help\"",
        "old_name": "lab_code_help",
        "name": "project-help"
    },
    {
        "client_msg_id": "5ca0b600-62da-49f8-981d-22880a1580cf",
        "type": "message",
        "text": "great suggestion Karina!",
        "user": "U01RW140HBP",
        "ts": "1618815464.000200",
        "team": "T01RBRV5F7H",
        "user_team": "T01RBRV5F7H",
        "source_team": "T01RBRV5F7H",
        "user_profile": {
            "avatar_hash": "4c43a3a8d10b",
            "image_72": "https:\/\/avatars.slack-edge.com\/2021-03-21\/1895736308209_4c43a3a8d10bc2fe5e13_72.png",
            "first_name": "siand",
            "real_name": "siand the LT (she\/her)",
            "display_name": "siand the LT (she\/her)",
            "team": "T01RBRV5F7H",
            "name": "sian.davies",
            "is_restricted": false,
            "is_ultra_restricted": false
        },
        "blocks": [
            {
                "type": "rich_text",
                "block_id": "jI\/O",
                "elements": [
                    {
                        "type": "rich_text_section",
                        "elements": [
                            {
                                "type": "text",
                                "text": "great suggestion Karina!"
                            }
                        ]
                    }
                ]
            }
        ],
        "thread_ts": "1618595764.011100",
        "parent_user_id": "U01S79YDELR",
        "reactions": [
            {
                "name": "+1",
                "users": [
                    "U01S79YDELR"
                ],
                "count": 1
            }
        ]
    }
]