[
    {
        "client_msg_id": "efae978a-2ffa-456c-8557-19a5ab940719",
        "type": "message",
        "text": "It is a great idea. Perhaps it is also possible to automate the case in which the INF and NaNs are filtered out...",
        "user": "U01RRV4JX6Z",
        "ts": "1618672838.011700",
        "team": "T01RBRV5F7H",
        "user_team": "T01RBRV5F7H",
        "source_team": "T01RBRV5F7H",
        "user_profile": {
            "avatar_hash": "339c4d69b7d9",
            "image_72": "https:\/\/avatars.slack-edge.com\/2021-04-14\/1961122781618_339c4d69b7d9fe16343a_72.jpg",
            "first_name": "",
            "real_name": "Francisco Ebeling",
            "display_name": "Francisco Ebeling",
            "team": "T01RBRV5F7H",
            "name": "ebelingbarros",
            "is_restricted": false,
            "is_ultra_restricted": false
        },
        "blocks": [
            {
                "type": "rich_text",
                "block_id": "V0h",
                "elements": [
                    {
                        "type": "rich_text_section",
                        "elements": [
                            {
                                "type": "text",
                                "text": "It is a great idea. Perhaps it is also possible to automate the case in which the INF and NaNs are filtered out..."
                            }
                        ]
                    }
                ]
            }
        ],
        "thread_ts": "1618595764.011100",
        "parent_user_id": "U01S79YDELR"
    },
    {
        "client_msg_id": "6987f6e3-e48d-4b05-a560-50d7f1f5b5b5",
        "type": "message",
        "text": "probably, look for “try” and “except”.",
        "user": "U01S79YDELR",
        "ts": "1618682049.011900",
        "team": "T01RBRV5F7H",
        "user_team": "T01RBRV5F7H",
        "source_team": "T01RBRV5F7H",
        "user_profile": {
            "avatar_hash": "606def897de6",
            "image_72": "https:\/\/avatars.slack-edge.com\/2021-03-22\/1910932493456_606def897de66681d932_72.jpg",
            "first_name": "",
            "real_name": "Karina Condeixa",
            "display_name": "Karina Condeixa",
            "team": "T01RBRV5F7H",
            "name": "karina.condeixa",
            "is_restricted": false,
            "is_ultra_restricted": false
        },
        "blocks": [
            {
                "type": "rich_text",
                "block_id": "DIDZq",
                "elements": [
                    {
                        "type": "rich_text_section",
                        "elements": [
                            {
                                "type": "text",
                                "text": "probably, look for “try” and “except”."
                            }
                        ]
                    }
                ]
            }
        ],
        "thread_ts": "1618595764.011100",
        "parent_user_id": "U01S79YDELR"
    }
]