[
    {
        "client_msg_id": "2ccfecc1-a254-43a6-b5f1-b02fd209d1a8",
        "type": "message",
        "text": "Using Tableau, when I hide sheets, can I unhide them latter? <@U01RW140HBP>",
        "user": "U01S79YDELR",
        "ts": "1617436063.002900",
        "team": "T01RBRV5F7H",
        "user_team": "T01RBRV5F7H",
        "source_team": "T01RBRV5F7H",
        "user_profile": {
            "avatar_hash": "606def897de6",
            "image_72": "https:\/\/avatars.slack-edge.com\/2021-03-22\/1910932493456_606def897de66681d932_72.jpg",
            "first_name": "",
            "real_name": "Karina Condeixa",
            "display_name": "Karina Condeixa",
            "team": "T01RBRV5F7H",
            "name": "karina.condeixa",
            "is_restricted": false,
            "is_ultra_restricted": false
        },
        "blocks": [
            {
                "type": "rich_text",
                "block_id": "7NqDo",
                "elements": [
                    {
                        "type": "rich_text_section",
                        "elements": [
                            {
                                "type": "text",
                                "text": "Using Tableau, when I hide sheets, can I unhide them latter? "
                            },
                            {
                                "type": "user",
                                "user_id": "U01RW140HBP"
                            }
                        ]
                    }
                ]
            }
        ],
        "thread_ts": "1617436063.002900",
        "reply_count": 3,
        "reply_users_count": 1,
        "latest_reply": "1617619817.002500",
        "reply_users": [
            "U01RW140HBP"
        ],
        "replies": [
            {
                "user": "U01RW140HBP",
                "ts": "1617619706.002000"
            },
            {
                "user": "U01RW140HBP",
                "ts": "1617619786.002200"
            },
            {
                "user": "U01RW140HBP",
                "ts": "1617619817.002500"
            }
        ],
        "is_locked": false,
        "subscribed": false
    },
    {
        "client_msg_id": "cade6f1f-d363-4476-b2a3-5523fa45ecb9",
        "type": "message",
        "text": "Hi, folks. How can I check and count the occurrence of values in two Series (columns)?\nThis question came from our project. I have this code\n`# count ocorrences of the top 10 locations with \"Data Analyst\"in position`\n`df.groupby(\"location\", sort=False)[\"position\"].apply(`\n     `lambda df: df.str.contains(\"Data Analyst\").sum()`\n `).nlargest(10)`\nI want to check not only “position”, but also “description”.",
        "user": "U01S79YDELR",
        "ts": "1617504180.004900",
        "team": "T01RBRV5F7H",
        "user_team": "T01RBRV5F7H",
        "source_team": "T01RBRV5F7H",
        "user_profile": {
            "avatar_hash": "606def897de6",
            "image_72": "https:\/\/avatars.slack-edge.com\/2021-03-22\/1910932493456_606def897de66681d932_72.jpg",
            "first_name": "",
            "real_name": "Karina Condeixa",
            "display_name": "Karina Condeixa",
            "team": "T01RBRV5F7H",
            "name": "karina.condeixa",
            "is_restricted": false,
            "is_ultra_restricted": false
        },
        "edited": {
            "user": "U01S79YDELR",
            "ts": "1617504355.000000"
        },
        "blocks": [
            {
                "type": "rich_text",
                "block_id": "wuXd",
                "elements": [
                    {
                        "type": "rich_text_section",
                        "elements": [
                            {
                                "type": "text",
                                "text": "Hi, folks. How can I check and count the occurrence of values in two Series (columns)?\nThis question came from our project. I have this code\n"
                            },
                            {
                                "type": "text",
                                "text": "# count ocorrences of the top 10 locations with \"Data Analyst\"in position",
                                "style": {
                                    "code": true
                                }
                            },
                            {
                                "type": "text",
                                "text": "\n"
                            },
                            {
                                "type": "text",
                                "text": "df.groupby(\"location\", sort=False)[\"position\"].apply(",
                                "style": {
                                    "code": true
                                }
                            },
                            {
                                "type": "text",
                                "text": "\n"
                            },
                            {
                                "type": "text",
                                "text": "     lambda df: df.str.contains(\"Data Analyst\").sum()",
                                "style": {
                                    "code": true
                                }
                            },
                            {
                                "type": "text",
                                "text": "\n"
                            },
                            {
                                "type": "text",
                                "text": " ).nlargest(10)",
                                "style": {
                                    "code": true
                                }
                            },
                            {
                                "type": "text",
                                "text": "\nI want to check not only “position”, but also “description”."
                            }
                        ]
                    }
                ]
            }
        ],
        "reactions": [
            {
                "name": "heavy_plus_sign",
                "users": [
                    "U01SK96QF5E"
                ],
                "count": 1
            }
        ]
    }
]