[
    {
        "client_msg_id": "20fc86f7-ee0d-4f2b-9ed8-798962bf9c9e",
        "type": "message",
        "text": "it seems you need to \"normalize\" Time data. Try these syntaxis:   from sklearn.preprocessing import MinMaxScaler\ndata['effective_to_date'] = <http:\/\/pd.to|pd.to>_datetime(data['effective_to_date'], errors='coerce')",
        "user": "U01RP2K1606",
        "ts": "1618470169.003500",
        "team": "T01RBRV5F7H",
        "user_team": "T01RBRV5F7H",
        "source_team": "T01RBRV5F7H",
        "user_profile": {
            "avatar_hash": "cf57933e3b00",
            "image_72": "https:\/\/avatars.slack-edge.com\/2021-03-19\/1880079302355_cf57933e3b00451b4617_72.png",
            "first_name": "",
            "real_name": "Jalal Karimov",
            "display_name": "Jalal Karimov",
            "team": "T01RBRV5F7H",
            "name": "jalalkrmv",
            "is_restricted": false,
            "is_ultra_restricted": false
        },
        "blocks": [
            {
                "type": "rich_text",
                "block_id": "OHfDj",
                "elements": [
                    {
                        "type": "rich_text_section",
                        "elements": [
                            {
                                "type": "text",
                                "text": "it seems you need to \"normalize\" Time data. Try these syntaxis:   from sklearn.preprocessing import MinMaxScaler\ndata['effective_to_date'] = "
                            },
                            {
                                "type": "link",
                                "url": "http:\/\/pd.to",
                                "text": "pd.to"
                            },
                            {
                                "type": "text",
                                "text": "_datetime(data['effective_to_date'], errors='coerce')"
                            }
                        ]
                    }
                ]
            }
        ],
        "thread_ts": "1618466294.002800",
        "parent_user_id": "U01RS9Y6UJH"
    },
    {
        "client_msg_id": "63c67ecb-4169-433f-9dd9-3d47b1bfbfab",
        "type": "message",
        "text": "and then run this one: data['effective_to_date']=MinMaxScaler().fit_transform(data['effective_to_date'].values.reshape(-1, 1))",
        "user": "U01RP2K1606",
        "ts": "1618470219.003700",
        "team": "T01RBRV5F7H",
        "user_team": "T01RBRV5F7H",
        "source_team": "T01RBRV5F7H",
        "user_profile": {
            "avatar_hash": "cf57933e3b00",
            "image_72": "https:\/\/avatars.slack-edge.com\/2021-03-19\/1880079302355_cf57933e3b00451b4617_72.png",
            "first_name": "",
            "real_name": "Jalal Karimov",
            "display_name": "Jalal Karimov",
            "team": "T01RBRV5F7H",
            "name": "jalalkrmv",
            "is_restricted": false,
            "is_ultra_restricted": false
        },
        "blocks": [
            {
                "type": "rich_text",
                "block_id": "ZTsA7",
                "elements": [
                    {
                        "type": "rich_text_section",
                        "elements": [
                            {
                                "type": "text",
                                "text": "and then run this one: data['effective_to_date']=MinMaxScaler().fit_transform(data['effective_to_date'].values.reshape(-1, 1))"
                            }
                        ]
                    }
                ]
            }
        ],
        "thread_ts": "1618466294.002800",
        "parent_user_id": "U01RS9Y6UJH"
    },
    {
        "client_msg_id": "3e65bb98-d350-4b13-aab6-b3e6dab5c80f",
        "type": "message",
        "text": "thanks",
        "user": "U01RS9Y6UJH",
        "ts": "1618473211.003900",
        "team": "T01RBRV5F7H",
        "user_team": "T01RBRV5F7H",
        "source_team": "T01RBRV5F7H",
        "user_profile": {
            "avatar_hash": "g7e6abc9bdfa",
            "image_72": "https:\/\/secure.gravatar.com\/avatar\/0b6817bbfcc61df49d13ad0519e4d67e.jpg?s=72&d=https%3A%2F%2Fa.slack-edge.com%2Fdf10d%2Fimg%2Favatars%2Fava_0024-72.png",
            "first_name": "",
            "real_name": "Neil Corteen",
            "display_name": "",
            "team": "T01RBRV5F7H",
            "name": "neilcorteen",
            "is_restricted": false,
            "is_ultra_restricted": false
        },
        "blocks": [
            {
                "type": "rich_text",
                "block_id": "NOe",
                "elements": [
                    {
                        "type": "rich_text_section",
                        "elements": [
                            {
                                "type": "text",
                                "text": "thanks"
                            }
                        ]
                    }
                ]
            }
        ],
        "thread_ts": "1618466294.002800",
        "parent_user_id": "U01RS9Y6UJH"
    },
    {
        "type": "message",
        "text": "someone having here the same result or just me? :sweat_smile:",
        "files": [
            {
                "id": "F01V4NBMCPJ",
                "created": 1618497932,
                "timestamp": 1618497932,
                "name": "image.png",
                "title": "image.png",
                "mimetype": "image\/png",
                "filetype": "png",
                "pretty_type": "PNG",
                "user": "U01RKN0EGDV",
                "editable": false,
                "size": 17974,
                "mode": "hosted",
                "is_external": false,
                "external_type": "",
                "is_public": true,
                "public_url_shared": false,
                "display_as_bot": false,
                "username": "",
                "url_private": "https:\/\/files.slack.com\/files-pri\/T01RBRV5F7H-F01V4NBMCPJ\/image.png?t=xoxe-1861879185255-2068564688150-2068564727718-519dfbdd8f50e154f7dac1ab76bfc0d2",
                "url_private_download": "https:\/\/files.slack.com\/files-pri\/T01RBRV5F7H-F01V4NBMCPJ\/download\/image.png?t=xoxe-1861879185255-2068564688150-2068564727718-519dfbdd8f50e154f7dac1ab76bfc0d2",
                "thumb_64": "https:\/\/files.slack.com\/files-tmb\/T01RBRV5F7H-F01V4NBMCPJ-787547c732\/image_64.png?t=xoxe-1861879185255-2068564688150-2068564727718-519dfbdd8f50e154f7dac1ab76bfc0d2",
                "thumb_80": "https:\/\/files.slack.com\/files-tmb\/T01RBRV5F7H-F01V4NBMCPJ-787547c732\/image_80.png?t=xoxe-1861879185255-2068564688150-2068564727718-519dfbdd8f50e154f7dac1ab76bfc0d2",
                "thumb_360": "https:\/\/files.slack.com\/files-tmb\/T01RBRV5F7H-F01V4NBMCPJ-787547c732\/image_360.png?t=xoxe-1861879185255-2068564688150-2068564727718-519dfbdd8f50e154f7dac1ab76bfc0d2",
                "thumb_360_w": 360,
                "thumb_360_h": 208,
                "thumb_480": "https:\/\/files.slack.com\/files-tmb\/T01RBRV5F7H-F01V4NBMCPJ-787547c732\/image_480.png?t=xoxe-1861879185255-2068564688150-2068564727718-519dfbdd8f50e154f7dac1ab76bfc0d2",
                "thumb_480_w": 480,
                "thumb_480_h": 277,
                "thumb_160": "https:\/\/files.slack.com\/files-tmb\/T01RBRV5F7H-F01V4NBMCPJ-787547c732\/image_160.png?t=xoxe-1861879185255-2068564688150-2068564727718-519dfbdd8f50e154f7dac1ab76bfc0d2",
                "original_w": 601,
                "original_h": 347,
                "thumb_tiny": "AwAbADDSxTV57mnnpTVwPWgAxzjJpcUd\/wAKWgBMUYpaKACmAH0p9JtFAC96KTaKNooAWik2j\/Jo2j\/JoA\/\/2Q==",
                "permalink": "https:\/\/data-ft-ber-03-2021.slack.com\/files\/U01RKN0EGDV\/F01V4NBMCPJ\/image.png",
                "permalink_public": "https:\/\/slack-files.com\/T01RBRV5F7H-F01V4NBMCPJ-9364fa0994",
                "is_starred": false,
                "has_rich_preview": false
            }
        ],
        "upload": false,
        "blocks": [
            {
                "type": "rich_text",
                "block_id": "JEi",
                "elements": [
                    {
                        "type": "rich_text_section",
                        "elements": [
                            {
                                "type": "text",
                                "text": "someone having here the same result or just me? "
                            },
                            {
                                "type": "emoji",
                                "name": "sweat_smile"
                            }
                        ]
                    }
                ]
            }
        ],
        "user": "U01RKN0EGDV",
        "display_as_bot": false,
        "ts": "1618497971.005700",
        "thread_ts": "1618497971.005700",
        "reply_count": 12,
        "reply_users_count": 6,
        "latest_reply": "1618503262.009600",
        "reply_users": [
            "U01SD3CDH9P",
            "U01S7BM4N81",
            "U01RN7BVD1C",
            "U01RKN0EGDV",
            "U01RSRE0N3D",
            "U01SJKB2MG8"
        ],
        "replies": [
            {
                "user": "U01SD3CDH9P",
                "ts": "1618498003.006000"
            },
            {
                "user": "U01S7BM4N81",
                "ts": "1618498028.006200"
            },
            {
                "user": "U01RN7BVD1C",
                "ts": "1618498054.006500"
            },
            {
                "user": "U01RKN0EGDV",
                "ts": "1618498056.006700"
            },
            {
                "user": "U01S7BM4N81",
                "ts": "1618498066.006900"
            },
            {
                "user": "U01RSRE0N3D",
                "ts": "1618498079.007100"
            },
            {
                "user": "U01SJKB2MG8",
                "ts": "1618498101.007300"
            },
            {
                "user": "U01RSRE0N3D",
                "ts": "1618498142.007700"
            },
            {
                "user": "U01RKN0EGDV",
                "ts": "1618498277.008100"
            },
            {
                "user": "U01RKN0EGDV",
                "ts": "1618498302.008300"
            },
            {
                "user": "U01SD3CDH9P",
                "ts": "1618503259.009400"
            },
            {
                "user": "U01SD3CDH9P",
                "ts": "1618503262.009600"
            }
        ],
        "is_locked": false,
        "subscribed": true,
        "last_read": "1618503262.009600",
        "reactions": [
            {
                "name": "+1",
                "users": [
                    "U01SD3CDH9P"
                ],
                "count": 1
            }
        ]
    },
    {
        "client_msg_id": "d980a262-a854-44ed-a350-68b0a40a11d0",
        "type": "message",
        "text": "same here!",
        "user": "U01SD3CDH9P",
        "ts": "1618498003.006000",
        "team": "T01RBRV5F7H",
        "user_team": "T01RBRV5F7H",
        "source_team": "T01RBRV5F7H",
        "user_profile": {
            "avatar_hash": "735d50ad8f34",
            "image_72": "https:\/\/avatars.slack-edge.com\/2021-04-15\/1962810903269_735d50ad8f345a94bd76_72.jpg",
            "first_name": "",
            "real_name": "Andrea Tognoli",
            "display_name": "Andrea Tognoli",
            "team": "T01RBRV5F7H",
            "name": "andreatognoli001",
            "is_restricted": false,
            "is_ultra_restricted": false
        },
        "blocks": [
            {
                "type": "rich_text",
                "block_id": "b=bT",
                "elements": [
                    {
                        "type": "rich_text_section",
                        "elements": [
                            {
                                "type": "text",
                                "text": "same here!"
                            }
                        ]
                    }
                ]
            }
        ],
        "thread_ts": "1618497971.005700",
        "parent_user_id": "U01RKN0EGDV"
    },
    {
        "type": "message",
        "text": "with the original dataset or after dropping?",
        "files": [
            {
                "id": "F01UEUCME10",
                "created": 1618498019,
                "timestamp": 1618498019,
                "name": "Bildschirmfoto 2021-04-15 um 16.46.56.png",
                "title": "Bildschirmfoto 2021-04-15 um 16.46.56.png",
                "mimetype": "image\/png",
                "filetype": "png",
                "pretty_type": "PNG",
                "user": "U01S7BM4N81",
                "editable": false,
                "size": 40502,
                "mode": "hosted",
                "is_external": false,
                "external_type": "",
                "is_public": true,
                "public_url_shared": false,
                "display_as_bot": false,
                "username": "",
                "url_private": "https:\/\/files.slack.com\/files-pri\/T01RBRV5F7H-F01UEUCME10\/bildschirmfoto_2021-04-15_um_16.46.56.png?t=xoxe-1861879185255-2068564688150-2068564727718-519dfbdd8f50e154f7dac1ab76bfc0d2",
                "url_private_download": "https:\/\/files.slack.com\/files-pri\/T01RBRV5F7H-F01UEUCME10\/download\/bildschirmfoto_2021-04-15_um_16.46.56.png?t=xoxe-1861879185255-2068564688150-2068564727718-519dfbdd8f50e154f7dac1ab76bfc0d2",
                "thumb_64": "https:\/\/files.slack.com\/files-tmb\/T01RBRV5F7H-F01UEUCME10-36b1b707f8\/bildschirmfoto_2021-04-15_um_16.46.56_64.png?t=xoxe-1861879185255-2068564688150-2068564727718-519dfbdd8f50e154f7dac1ab76bfc0d2",
                "thumb_80": "https:\/\/files.slack.com\/files-tmb\/T01RBRV5F7H-F01UEUCME10-36b1b707f8\/bildschirmfoto_2021-04-15_um_16.46.56_80.png?t=xoxe-1861879185255-2068564688150-2068564727718-519dfbdd8f50e154f7dac1ab76bfc0d2",
                "thumb_360": "https:\/\/files.slack.com\/files-tmb\/T01RBRV5F7H-F01UEUCME10-36b1b707f8\/bildschirmfoto_2021-04-15_um_16.46.56_360.png?t=xoxe-1861879185255-2068564688150-2068564727718-519dfbdd8f50e154f7dac1ab76bfc0d2",
                "thumb_360_w": 360,
                "thumb_360_h": 325,
                "thumb_160": "https:\/\/files.slack.com\/files-tmb\/T01RBRV5F7H-F01UEUCME10-36b1b707f8\/bildschirmfoto_2021-04-15_um_16.46.56_160.png?t=xoxe-1861879185255-2068564688150-2068564727718-519dfbdd8f50e154f7dac1ab76bfc0d2",
                "original_w": 427,
                "original_h": 385,
                "thumb_tiny": "AwArADDSz7GmsRnkDP0p2D6j8qYxw\/IB459aAD5OgUflSgKRgKPypVwRnbilwAOwoATaM52jP0oCqOij8qUcjNLigAqOQ\/N17etSVG\/3uuKAHqMDGc0tRgg4+9n69f1qQDAxQAi9KWkXpS0AFMcHPAP4U+mMSCcelAAAQRkE\/Sn1EXbPWl3HjmgCQcCiotx3EZo3H1oA\/9k=",
                "permalink": "https:\/\/data-ft-ber-03-2021.slack.com\/files\/U01S7BM4N81\/F01UEUCME10\/bildschirmfoto_2021-04-15_um_16.46.56.png",
                "permalink_public": "https:\/\/slack-files.com\/T01RBRV5F7H-F01UEUCME10-98ae437aa0",
                "is_starred": false,
                "has_rich_preview": false
            }
        ],
        "upload": false,
        "blocks": [
            {
                "type": "rich_text",
                "block_id": "hocA",
                "elements": [
                    {
                        "type": "rich_text_section",
                        "elements": [
                            {
                                "type": "text",
                                "text": "with the original dataset or after dropping?"
                            }
                        ]
                    }
                ]
            }
        ],
        "user": "U01S7BM4N81",
        "display_as_bot": false,
        "ts": "1618498028.006200",
        "thread_ts": "1618497971.005700",
        "parent_user_id": "U01RKN0EGDV"
    },
    {
        "client_msg_id": "ed47d13a-449a-4560-993b-a568e4c1f1aa",
        "type": "message",
        "text": "I have the same as Thamo",
        "user": "U01RN7BVD1C",
        "ts": "1618498054.006500",
        "team": "T01RBRV5F7H",
        "user_team": "T01RBRV5F7H",
        "source_team": "T01RBRV5F7H",
        "user_profile": {
            "avatar_hash": "55e0c1b57456",
            "image_72": "https:\/\/avatars.slack-edge.com\/2021-03-20\/1882033802643_55e0c1b574562994417f_72.jpg",
            "first_name": "Josephine",
            "real_name": "Josephine Biedermann",
            "display_name": "Phine",
            "team": "T01RBRV5F7H",
            "name": "josephinebiedermann",
            "is_restricted": false,
            "is_ultra_restricted": false
        },
        "blocks": [
            {
                "type": "rich_text",
                "block_id": "X8ne",
                "elements": [
                    {
                        "type": "rich_text_section",
                        "elements": [
                            {
                                "type": "text",
                                "text": "I have the same as Thamo"
                            }
                        ]
                    }
                ]
            }
        ],
        "thread_ts": "1618497971.005700",
        "parent_user_id": "U01RKN0EGDV"
    },
    {
        "client_msg_id": "e5f95636-4dab-4c54-bc51-508b0460244a",
        "type": "message",
        "text": "wait i think i did a huge mistake",
        "user": "U01RKN0EGDV",
        "ts": "1618498056.006700",
        "team": "T01RBRV5F7H",
        "user_team": "T01RBRV5F7H",
        "source_team": "T01RBRV5F7H",
        "user_profile": {
            "avatar_hash": "abe46e9352ee",
            "image_72": "https:\/\/avatars.slack-edge.com\/2021-03-24\/1878427345639_abe46e9352ee26531094_72.jpg",
            "first_name": "Marian",
            "real_name": "Marian Moreno",
            "display_name": "Marian (she\/her)",
            "team": "T01RBRV5F7H",
            "name": "marimor62",
            "is_restricted": false,
            "is_ultra_restricted": false
        },
        "blocks": [
            {
                "type": "rich_text",
                "block_id": "W31",
                "elements": [
                    {
                        "type": "rich_text_section",
                        "elements": [
                            {
                                "type": "text",
                                "text": "wait i think i did a huge mistake"
                            }
                        ]
                    }
                ]
            }
        ],
        "thread_ts": "1618497971.005700",
        "parent_user_id": "U01RKN0EGDV"
    },
    {
        "client_msg_id": "4f992fd7-9231-4810-bcfb-5d68c0090a88",
        "type": "message",
        "text": "isna != isnull :slightly_smiling_face: had the same issue",
        "user": "U01S7BM4N81",
        "ts": "1618498066.006900",
        "team": "T01RBRV5F7H",
        "user_team": "T01RBRV5F7H",
        "source_team": "T01RBRV5F7H",
        "user_profile": {
            "avatar_hash": "2adfc641e87e",
            "image_72": "https:\/\/avatars.slack-edge.com\/2021-04-16\/1994438084416_2adfc641e87e3a953d9c_72.png",
            "first_name": "Thamo",
            "real_name": "Thamo",
            "display_name": "Thamo",
            "team": "T01RBRV5F7H",
            "name": "thamokoeper",
            "is_restricted": false,
            "is_ultra_restricted": false
        },
        "blocks": [
            {
                "type": "rich_text",
                "block_id": "5AD",
                "elements": [
                    {
                        "type": "rich_text_section",
                        "elements": [
                            {
                                "type": "text",
                                "text": "isna != isnull "
                            },
                            {
                                "type": "emoji",
                                "name": "slightly_smiling_face"
                            },
                            {
                                "type": "text",
                                "text": " had the same issue"
                            }
                        ]
                    }
                ]
            }
        ],
        "thread_ts": "1618497971.005700",
        "parent_user_id": "U01RKN0EGDV",
        "reactions": [
            {
                "name": "eyes",
                "users": [
                    "U01RKN0EGDV"
                ],
                "count": 1
            }
        ]
    },
    {
        "client_msg_id": "12aa6c2d-d82d-42c5-b946-6cab9071b566",
        "type": "message",
        "text": "You should have the one Thamo and Phine have! :pop_cat:",
        "user": "U01RSRE0N3D",
        "ts": "1618498079.007100",
        "team": "T01RBRV5F7H",
        "user_team": "T01RBRV5F7H",
        "source_team": "T01RBRV5F7H",
        "user_profile": {
            "avatar_hash": "5b0571ca5e6f",
            "image_72": "https:\/\/avatars.slack-edge.com\/2021-03-18\/1876877550179_5b0571ca5e6fe1f759fe_72.jpg",
            "first_name": "Kosta",
            "real_name": "Kosta",
            "display_name": "Kosta",
            "team": "T01RBRV5F7H",
            "name": "kostadin.mitkov",
            "is_restricted": false,
            "is_ultra_restricted": false
        },
        "edited": {
            "user": "U01RSRE0N3D",
            "ts": "1618498105.000000"
        },
        "blocks": [
            {
                "type": "rich_text",
                "block_id": "mI7",
                "elements": [
                    {
                        "type": "rich_text_section",
                        "elements": [
                            {
                                "type": "text",
                                "text": "You should have the one Thamo and Phine have! "
                            },
                            {
                                "type": "emoji",
                                "name": "pop_cat"
                            }
                        ]
                    }
                ]
            }
        ],
        "thread_ts": "1618497971.005700",
        "parent_user_id": "U01RKN0EGDV"
    },
    {
        "type": "message",
        "text": "at that point it should look like this",
        "files": [
            {
                "id": "F01UTH6KC3T",
                "created": 1618498085,
                "timestamp": 1618498085,
                "name": "Screenshot_2021-04-15 main - Jupyter Notebook.png",
                "title": "Screenshot_2021-04-15 main - Jupyter Notebook.png",
                "mimetype": "image\/png",
                "filetype": "png",
                "pretty_type": "PNG",
                "user": "U01SJKB2MG8",
                "editable": false,
                "size": 38192,
                "mode": "hosted",
                "is_external": false,
                "external_type": "",
                "is_public": true,
                "public_url_shared": false,
                "display_as_bot": false,
                "username": "",
                "url_private": "https:\/\/files.slack.com\/files-pri\/T01RBRV5F7H-F01UTH6KC3T\/screenshot_2021-04-15_main_-_jupyter_notebook.png?t=xoxe-1861879185255-2068564688150-2068564727718-519dfbdd8f50e154f7dac1ab76bfc0d2",
                "url_private_download": "https:\/\/files.slack.com\/files-pri\/T01RBRV5F7H-F01UTH6KC3T\/download\/screenshot_2021-04-15_main_-_jupyter_notebook.png?t=xoxe-1861879185255-2068564688150-2068564727718-519dfbdd8f50e154f7dac1ab76bfc0d2",
                "thumb_64": "https:\/\/files.slack.com\/files-tmb\/T01RBRV5F7H-F01UTH6KC3T-0b395b6099\/screenshot_2021-04-15_main_-_jupyter_notebook_64.png?t=xoxe-1861879185255-2068564688150-2068564727718-519dfbdd8f50e154f7dac1ab76bfc0d2",
                "thumb_80": "https:\/\/files.slack.com\/files-tmb\/T01RBRV5F7H-F01UTH6KC3T-0b395b6099\/screenshot_2021-04-15_main_-_jupyter_notebook_80.png?t=xoxe-1861879185255-2068564688150-2068564727718-519dfbdd8f50e154f7dac1ab76bfc0d2",
                "thumb_360": "https:\/\/files.slack.com\/files-tmb\/T01RBRV5F7H-F01UTH6KC3T-0b395b6099\/screenshot_2021-04-15_main_-_jupyter_notebook_360.png?t=xoxe-1861879185255-2068564688150-2068564727718-519dfbdd8f50e154f7dac1ab76bfc0d2",
                "thumb_360_w": 360,
                "thumb_360_h": 200,
                "thumb_480": "https:\/\/files.slack.com\/files-tmb\/T01RBRV5F7H-F01UTH6KC3T-0b395b6099\/screenshot_2021-04-15_main_-_jupyter_notebook_480.png?t=xoxe-1861879185255-2068564688150-2068564727718-519dfbdd8f50e154f7dac1ab76bfc0d2",
                "thumb_480_w": 480,
                "thumb_480_h": 267,
                "thumb_160": "https:\/\/files.slack.com\/files-tmb\/T01RBRV5F7H-F01UTH6KC3T-0b395b6099\/screenshot_2021-04-15_main_-_jupyter_notebook_160.png?t=xoxe-1861879185255-2068564688150-2068564727718-519dfbdd8f50e154f7dac1ab76bfc0d2",
                "thumb_720": "https:\/\/files.slack.com\/files-tmb\/T01RBRV5F7H-F01UTH6KC3T-0b395b6099\/screenshot_2021-04-15_main_-_jupyter_notebook_720.png?t=xoxe-1861879185255-2068564688150-2068564727718-519dfbdd8f50e154f7dac1ab76bfc0d2",
                "thumb_720_w": 720,
                "thumb_720_h": 401,
                "original_w": 774,
                "original_h": 431,
                "thumb_tiny": "AwAaADDTxTEJzgmn1GpwP\/rUAPbODilpP4TmloAKKKKACogV\/wBv\/vmpaaOgoAXPHQ\/lRu9j+VBooAN3sfyo3ex\/KkJ5paAP\/9k=",
                "permalink": "https:\/\/data-ft-ber-03-2021.slack.com\/files\/U01SJKB2MG8\/F01UTH6KC3T\/screenshot_2021-04-15_main_-_jupyter_notebook.png",
                "permalink_public": "https:\/\/slack-files.com\/T01RBRV5F7H-F01UTH6KC3T-2e0023d4a1",
                "is_starred": false,
                "has_rich_preview": false
            }
        ],
        "upload": false,
        "blocks": [
            {
                "type": "rich_text",
                "block_id": "4fngz",
                "elements": [
                    {
                        "type": "rich_text_section",
                        "elements": [
                            {
                                "type": "text",
                                "text": "at that point it should look like this"
                            }
                        ]
                    }
                ]
            }
        ],
        "user": "U01SJKB2MG8",
        "display_as_bot": false,
        "ts": "1618498101.007300",
        "thread_ts": "1618497971.005700",
        "parent_user_id": "U01RKN0EGDV",
        "reactions": [
            {
                "name": "dimitri",
                "users": [
                    "U01RW2X7S9Z"
                ],
                "count": 1
            }
        ]
    },
    {
        "bot_id": "B01S7FSR36Y",
        "type": "message",
        "text": "too slow",
        "user": "U01RSRE0N3D",
        "ts": "1618498142.007700",
        "team": "T01RBRV5F7H",
        "bot_profile": {
            "id": "B01S7FSR36Y",
            "deleted": false,
            "name": "giphy",
            "updated": 1616421896,
            "app_id": "A0F827J2C",
            "icons": {
                "image_36": "https:\/\/a.slack-edge.com\/dc483\/img\/plugins\/giphy\/service_72.png",
                "image_48": "https:\/\/a.slack-edge.com\/dc483\/img\/plugins\/giphy\/service_48.png",
                "image_72": "https:\/\/a.slack-edge.com\/dc483\/img\/plugins\/giphy\/service_72.png"
            },
            "team_id": "T01RBRV5F7H"
        },
        "blocks": [
            {
                "type": "image",
                "block_id": "eQXTT",
                "image_url": "https:\/\/media3.giphy.com\/media\/ZTZsAvz7JsrOE\/giphy-downsized.gif?cid=6104955e4d5b8d847904eb4959921865e1e1f621f762f616&rid=giphy-downsized.gif&ct=g",
                "alt_text": "too slow",
                "title": {
                    "type": "plain_text",
                    "text": "too slow",
                    "emoji": true
                },
                "fallback": "480x270px image",
                "image_width": 480,
                "image_height": 270,
                "image_bytes": 1169801,
                "is_animated": true
            },
            {
                "type": "context",
                "block_id": "BlPGX",
                "elements": [
                    {
                        "type": "image",
                        "image_url": "https:\/\/a.slack-edge.com\/dc483\/img\/plugins\/giphy\/service_32.png",
                        "alt_text": "giphy logo"
                    },
                    {
                        "type": "mrkdwn",
                        "text": "Posted using \/giphy | GIF by <https:\/\/giphy.com\/mlb\/|MLB>",
                        "verbatim": false
                    }
                ]
            }
        ],
        "thread_ts": "1618497971.005700",
        "parent_user_id": "U01RKN0EGDV",
        "reactions": [
            {
                "name": "joy",
                "users": [
                    "U01S7BM4N81"
                ],
                "count": 1
            },
            {
                "name": "baby-yoda-soup",
                "users": [
                    "U01SJKB2MG8"
                ],
                "count": 1
            }
        ]
    },
    {
        "client_msg_id": "74329698-87a9-4f0f-9c8e-9db6491399bc",
        "type": "message",
        "text": "yeah sorry, I was looking there just to one row oops",
        "user": "U01RKN0EGDV",
        "ts": "1618498277.008100",
        "team": "T01RBRV5F7H",
        "user_team": "T01RBRV5F7H",
        "source_team": "T01RBRV5F7H",
        "user_profile": {
            "avatar_hash": "abe46e9352ee",
            "image_72": "https:\/\/avatars.slack-edge.com\/2021-03-24\/1878427345639_abe46e9352ee26531094_72.jpg",
            "first_name": "Marian",
            "real_name": "Marian Moreno",
            "display_name": "Marian (she\/her)",
            "team": "T01RBRV5F7H",
            "name": "marimor62",
            "is_restricted": false,
            "is_ultra_restricted": false
        },
        "blocks": [
            {
                "type": "rich_text",
                "block_id": "kd0X",
                "elements": [
                    {
                        "type": "rich_text_section",
                        "elements": [
                            {
                                "type": "text",
                                "text": "yeah sorry, I was looking there just to one row oops"
                            }
                        ]
                    }
                ]
            }
        ],
        "thread_ts": "1618497971.005700",
        "parent_user_id": "U01RKN0EGDV"
    },
    {
        "client_msg_id": "4f14153d-5e03-434d-b429-5bc3041a9123",
        "type": "message",
        "text": "so <@U01SD3CDH9P> probably you did the same",
        "user": "U01RKN0EGDV",
        "ts": "1618498302.008300",
        "team": "T01RBRV5F7H",
        "user_team": "T01RBRV5F7H",
        "source_team": "T01RBRV5F7H",
        "user_profile": {
            "avatar_hash": "abe46e9352ee",
            "image_72": "https:\/\/avatars.slack-edge.com\/2021-03-24\/1878427345639_abe46e9352ee26531094_72.jpg",
            "first_name": "Marian",
            "real_name": "Marian Moreno",
            "display_name": "Marian (she\/her)",
            "team": "T01RBRV5F7H",
            "name": "marimor62",
            "is_restricted": false,
            "is_ultra_restricted": false
        },
        "blocks": [
            {
                "type": "rich_text",
                "block_id": "NWlH",
                "elements": [
                    {
                        "type": "rich_text_section",
                        "elements": [
                            {
                                "type": "text",
                                "text": "so "
                            },
                            {
                                "type": "user",
                                "user_id": "U01SD3CDH9P"
                            },
                            {
                                "type": "text",
                                "text": " probably you did the same"
                            }
                        ]
                    }
                ]
            }
        ],
        "thread_ts": "1618497971.005700",
        "parent_user_id": "U01RKN0EGDV"
    },
    {
        "client_msg_id": "60d712fc-f8cf-4f2c-af81-7f964b7499ea",
        "type": "message",
        "text": "yes, I did",
        "user": "U01SD3CDH9P",
        "ts": "1618503259.009400",
        "team": "T01RBRV5F7H",
        "user_team": "T01RBRV5F7H",
        "source_team": "T01RBRV5F7H",
        "user_profile": {
            "avatar_hash": "735d50ad8f34",
            "image_72": "https:\/\/avatars.slack-edge.com\/2021-04-15\/1962810903269_735d50ad8f345a94bd76_72.jpg",
            "first_name": "",
            "real_name": "Andrea Tognoli",
            "display_name": "Andrea Tognoli",
            "team": "T01RBRV5F7H",
            "name": "andreatognoli001",
            "is_restricted": false,
            "is_ultra_restricted": false
        },
        "blocks": [
            {
                "type": "rich_text",
                "block_id": "nFsGl",
                "elements": [
                    {
                        "type": "rich_text_section",
                        "elements": [
                            {
                                "type": "text",
                                "text": "yes, I did"
                            }
                        ]
                    }
                ]
            }
        ],
        "thread_ts": "1618497971.005700",
        "parent_user_id": "U01RKN0EGDV"
    },
    {
        "client_msg_id": "5abd0656-3d6f-43a3-96be-9e6f52d1b75b",
        "type": "message",
        "text": "thx",
        "user": "U01SD3CDH9P",
        "ts": "1618503262.009600",
        "team": "T01RBRV5F7H",
        "user_team": "T01RBRV5F7H",
        "source_team": "T01RBRV5F7H",
        "user_profile": {
            "avatar_hash": "735d50ad8f34",
            "image_72": "https:\/\/avatars.slack-edge.com\/2021-04-15\/1962810903269_735d50ad8f345a94bd76_72.jpg",
            "first_name": "",
            "real_name": "Andrea Tognoli",
            "display_name": "Andrea Tognoli",
            "team": "T01RBRV5F7H",
            "name": "andreatognoli001",
            "is_restricted": false,
            "is_ultra_restricted": false
        },
        "blocks": [
            {
                "type": "rich_text",
                "block_id": "eYB",
                "elements": [
                    {
                        "type": "rich_text_section",
                        "elements": [
                            {
                                "type": "text",
                                "text": "thx"
                            }
                        ]
                    }
                ]
            }
        ],
        "thread_ts": "1618497971.005700",
        "parent_user_id": "U01RKN0EGDV"
    }
]