[
    {
        "client_msg_id": "160cabfc-9506-4c23-a35d-4a847845807f",
        "type": "message",
        "text": "just a reminder you will find a tonne of useful resources on <https:\/\/www.notion.so\/ironhack\/8af74fb0e11447e9812e816ec184b958?v=73e96b4450274f878ee83698a1c28e81|Notion- the resources> page - let us know what you think we should add!",
        "user": "U01RW140HBP",
        "ts": "1618817863.001100",
        "team": "T01RBRV5F7H",
        "user_team": "T01RBRV5F7H",
        "source_team": "T01RBRV5F7H",
        "user_profile": {
            "avatar_hash": "4c43a3a8d10b",
            "image_72": "https:\/\/avatars.slack-edge.com\/2021-03-21\/1895736308209_4c43a3a8d10bc2fe5e13_72.png",
            "first_name": "siand",
            "real_name": "siand the LT (she\/her)",
            "display_name": "siand the LT (she\/her)",
            "team": "T01RBRV5F7H",
            "name": "sian.davies",
            "is_restricted": false,
            "is_ultra_restricted": false
        },
        "attachments": [
            {
                "service_name": "ironhack on Notion",
                "title": "Additional Resources - Shared by Students and Teaching Team",
                "title_link": "https:\/\/www.notion.so\/ironhack\/8af74fb0e11447e9812e816ec184b958?v=73e96b4450274f878ee83698a1c28e81",
                "text": "A new tool for teams &amp; individuals that blends everyday work apps into one.",
                "fallback": "ironhack on Notion: Additional Resources - Shared by Students and Teaching Team",
                "from_url": "https:\/\/www.notion.so\/ironhack\/8af74fb0e11447e9812e816ec184b958?v=73e96b4450274f878ee83698a1c28e81",
                "id": 1,
                "original_url": "https:\/\/www.notion.so\/ironhack\/8af74fb0e11447e9812e816ec184b958?v=73e96b4450274f878ee83698a1c28e81"
            }
        ],
        "blocks": [
            {
                "type": "rich_text",
                "block_id": "yLT",
                "elements": [
                    {
                        "type": "rich_text_section",
                        "elements": [
                            {
                                "type": "text",
                                "text": "just a reminder you will find a tonne of useful resources on "
                            },
                            {
                                "type": "link",
                                "url": "https:\/\/www.notion.so\/ironhack\/8af74fb0e11447e9812e816ec184b958?v=73e96b4450274f878ee83698a1c28e81",
                                "text": "Notion- the resources"
                            },
                            {
                                "type": "text",
                                "text": " page - let us know what you think we should add!"
                            }
                        ]
                    }
                ]
            }
        ],
        "thread_ts": "1618817863.001100",
        "reply_count": 1,
        "reply_users_count": 1,
        "latest_reply": "1618909357.020000",
        "reply_users": [
            "U01S133DZ9A"
        ],
        "replies": [
            {
                "user": "U01S133DZ9A",
                "ts": "1618909357.020000"
            }
        ],
        "is_locked": false,
        "subscribed": false
    },
    {
        "client_msg_id": "aa5758ab-73d6-40c6-a2aa-daf0ead8f511",
        "type": "message",
        "text": "hey, can I ask what's the meaning of the 'view' column? (linear regression case study-housing) it doesn't appear in the instructions and goes from 0 to 4...",
        "user": "U01RKN0EGDV",
        "ts": "1618820572.002100",
        "team": "T01RBRV5F7H",
        "user_team": "T01RBRV5F7H",
        "source_team": "T01RBRV5F7H",
        "user_profile": {
            "avatar_hash": "abe46e9352ee",
            "image_72": "https:\/\/avatars.slack-edge.com\/2021-03-24\/1878427345639_abe46e9352ee26531094_72.jpg",
            "first_name": "Marian",
            "real_name": "Marian Moreno",
            "display_name": "Marian (she\/her)",
            "team": "T01RBRV5F7H",
            "name": "marimor62",
            "is_restricted": false,
            "is_ultra_restricted": false
        },
        "blocks": [
            {
                "type": "rich_text",
                "block_id": "RoxA4",
                "elements": [
                    {
                        "type": "rich_text_section",
                        "elements": [
                            {
                                "type": "text",
                                "text": "hey, can I ask what's the meaning of the 'view' column? (linear regression case study-housing) it doesn't appear in the instructions and goes from 0 to 4..."
                            }
                        ]
                    }
                ]
            }
        ],
        "thread_ts": "1618820572.002100",
        "reply_count": 8,
        "reply_users_count": 3,
        "latest_reply": "1618822356.007100",
        "reply_users": [
            "U01RW140HBP",
            "U01S7KCL3DF",
            "U01RKN0EGDV"
        ],
        "replies": [
            {
                "user": "U01RW140HBP",
                "ts": "1618820649.002200"
            },
            {
                "user": "U01RW140HBP",
                "ts": "1618821024.003000"
            },
            {
                "user": "U01RW140HBP",
                "ts": "1618821145.003300"
            },
            {
                "user": "U01RW140HBP",
                "ts": "1618821253.003600"
            },
            {
                "user": "U01S7KCL3DF",
                "ts": "1618822087.006200"
            },
            {
                "user": "U01RW140HBP",
                "ts": "1618822207.006500"
            },
            {
                "user": "U01RKN0EGDV",
                "ts": "1618822288.006700"
            },
            {
                "user": "U01RW140HBP",
                "ts": "1618822356.007100"
            }
        ],
        "is_locked": false,
        "subscribed": false
    },
    {
        "client_msg_id": "f3646394-2962-4cdc-bc05-4c97fbe0869f",
        "type": "message",
        "text": "well spotted, ill take a look now!",
        "user": "U01RW140HBP",
        "ts": "1618820649.002200",
        "team": "T01RBRV5F7H",
        "user_team": "T01RBRV5F7H",
        "source_team": "T01RBRV5F7H",
        "user_profile": {
            "avatar_hash": "4c43a3a8d10b",
            "image_72": "https:\/\/avatars.slack-edge.com\/2021-03-21\/1895736308209_4c43a3a8d10bc2fe5e13_72.png",
            "first_name": "siand",
            "real_name": "siand the LT (she\/her)",
            "display_name": "siand the LT (she\/her)",
            "team": "T01RBRV5F7H",
            "name": "sian.davies",
            "is_restricted": false,
            "is_ultra_restricted": false
        },
        "blocks": [
            {
                "type": "rich_text",
                "block_id": "LY4r1",
                "elements": [
                    {
                        "type": "rich_text_section",
                        "elements": [
                            {
                                "type": "text",
                                "text": "well spotted, ill take a look now!"
                            }
                        ]
                    }
                ]
            }
        ],
        "thread_ts": "1618820572.002100",
        "parent_user_id": "U01RKN0EGDV"
    },
    {
        "client_msg_id": "8a90d097-1f11-4021-aeb6-f096da1c4f06",
        "type": "message",
        "text": "i see this is missing from the column definitions, ill ask the global team to add it. As i remember this column means ‘does the property have a view’ 0 = no, we can infer therefore that 1-4 is yes, with the number increase indicating the quality of the view gets better or that the view is open all sides. You can assume the 319 properties with a view= 4, means the property has a fantastic view or a view on all sides of the house. a 0 property means the house is facing other houses, or a brick wall.",
        "user": "U01RW140HBP",
        "ts": "1618821024.003000",
        "team": "T01RBRV5F7H",
        "user_team": "T01RBRV5F7H",
        "source_team": "T01RBRV5F7H",
        "user_profile": {
            "avatar_hash": "4c43a3a8d10b",
            "image_72": "https:\/\/avatars.slack-edge.com\/2021-03-21\/1895736308209_4c43a3a8d10bc2fe5e13_72.png",
            "first_name": "siand",
            "real_name": "siand the LT (she\/her)",
            "display_name": "siand the LT (she\/her)",
            "team": "T01RBRV5F7H",
            "name": "sian.davies",
            "is_restricted": false,
            "is_ultra_restricted": false
        },
        "edited": {
            "user": "U01RW140HBP",
            "ts": "1618821062.000000"
        },
        "blocks": [
            {
                "type": "rich_text",
                "block_id": "7RM\/L",
                "elements": [
                    {
                        "type": "rich_text_section",
                        "elements": [
                            {
                                "type": "text",
                                "text": "i see this is missing from the column definitions, ill ask the global team to add it. As i remember this column means ‘does the property have a view’ 0 = no, we can infer therefore that 1-4 is yes, with the number increase indicating the quality of the view gets better or that the view is open all sides. You can assume the 319 properties with a view= 4, means the property has a fantastic view or a view on all sides of the house. a 0 property means the house is facing other houses, or a brick wall."
                            }
                        ]
                    }
                ]
            }
        ],
        "thread_ts": "1618820572.002100",
        "parent_user_id": "U01RKN0EGDV"
    },
    {
        "type": "message",
        "text": "",
        "files": [
            {
                "id": "F01UH7TDGQN",
                "created": 1618821143,
                "timestamp": 1618821143,
                "name": "image.png",
                "title": "image.png",
                "mimetype": "image\/png",
                "filetype": "png",
                "pretty_type": "PNG",
                "user": "U01RW140HBP",
                "editable": false,
                "size": 501226,
                "mode": "hosted",
                "is_external": false,
                "external_type": "",
                "is_public": true,
                "public_url_shared": false,
                "display_as_bot": false,
                "username": "",
                "url_private": "https:\/\/files.slack.com\/files-pri\/T01RBRV5F7H-F01UH7TDGQN\/image.png?t=xoxe-1861879185255-2068564688150-2068564727718-519dfbdd8f50e154f7dac1ab76bfc0d2",
                "url_private_download": "https:\/\/files.slack.com\/files-pri\/T01RBRV5F7H-F01UH7TDGQN\/download\/image.png?t=xoxe-1861879185255-2068564688150-2068564727718-519dfbdd8f50e154f7dac1ab76bfc0d2",
                "thumb_64": "https:\/\/files.slack.com\/files-tmb\/T01RBRV5F7H-F01UH7TDGQN-95475b7142\/image_64.png?t=xoxe-1861879185255-2068564688150-2068564727718-519dfbdd8f50e154f7dac1ab76bfc0d2",
                "thumb_80": "https:\/\/files.slack.com\/files-tmb\/T01RBRV5F7H-F01UH7TDGQN-95475b7142\/image_80.png?t=xoxe-1861879185255-2068564688150-2068564727718-519dfbdd8f50e154f7dac1ab76bfc0d2",
                "thumb_360": "https:\/\/files.slack.com\/files-tmb\/T01RBRV5F7H-F01UH7TDGQN-95475b7142\/image_360.png?t=xoxe-1861879185255-2068564688150-2068564727718-519dfbdd8f50e154f7dac1ab76bfc0d2",
                "thumb_360_w": 360,
                "thumb_360_h": 270,
                "thumb_480": "https:\/\/files.slack.com\/files-tmb\/T01RBRV5F7H-F01UH7TDGQN-95475b7142\/image_480.png?t=xoxe-1861879185255-2068564688150-2068564727718-519dfbdd8f50e154f7dac1ab76bfc0d2",
                "thumb_480_w": 480,
                "thumb_480_h": 360,
                "thumb_160": "https:\/\/files.slack.com\/files-tmb\/T01RBRV5F7H-F01UH7TDGQN-95475b7142\/image_160.png?t=xoxe-1861879185255-2068564688150-2068564727718-519dfbdd8f50e154f7dac1ab76bfc0d2",
                "original_w": 550,
                "original_h": 412,
                "thumb_tiny": "AwAjADCCPLDgVISVUkjgUQDKfjTpf9U\/0rMsTnHQUhJBAI69KkAOAaY4+aP\/AHv6UAIc+lMY46ipT1ps4wooQD7Q\/uifekn+4\/0qO3k2xOOOo6mlcs4IwBkY61Qh4PApsn3o\/r\/SgEgAYH50EMSDxwaQCk5IzRc9FpMEnqtJcsCRigCkKkhJ8wc1GKfD\/rBViLYooFFQMQmon5cVKaif74pgf\/\/Z",
                "permalink": "https:\/\/data-ft-ber-03-2021.slack.com\/files\/U01RW140HBP\/F01UH7TDGQN\/image.png",
                "permalink_public": "https:\/\/slack-files.com\/T01RBRV5F7H-F01UH7TDGQN-3c665204e3",
                "is_starred": false,
                "has_rich_preview": false
            }
        ],
        "upload": false,
        "user": "U01RW140HBP",
        "display_as_bot": false,
        "ts": "1618821145.003300",
        "thread_ts": "1618820572.002100",
        "parent_user_id": "U01RKN0EGDV",
        "reactions": [
            {
                "name": "grimacing",
                "users": [
                    "U01S0E0MRJ7"
                ],
                "count": 1
            },
            {
                "name": "this-is-fine-fire",
                "users": [
                    "U01RKN0EGDV"
                ],
                "count": 1
            }
        ]
    },
    {
        "type": "message",
        "text": "on the opposite end of the scale - this is a 4",
        "files": [
            {
                "id": "F01U982LWMD",
                "created": 1618821236,
                "timestamp": 1618821236,
                "name": "image.png",
                "title": "image.png",
                "mimetype": "image\/png",
                "filetype": "png",
                "pretty_type": "PNG",
                "user": "U01RW140HBP",
                "editable": false,
                "size": 917061,
                "mode": "hosted",
                "is_external": false,
                "external_type": "",
                "is_public": true,
                "public_url_shared": false,
                "display_as_bot": false,
                "username": "",
                "url_private": "https:\/\/files.slack.com\/files-pri\/T01RBRV5F7H-F01U982LWMD\/image.png?t=xoxe-1861879185255-2068564688150-2068564727718-519dfbdd8f50e154f7dac1ab76bfc0d2",
                "url_private_download": "https:\/\/files.slack.com\/files-pri\/T01RBRV5F7H-F01U982LWMD\/download\/image.png?t=xoxe-1861879185255-2068564688150-2068564727718-519dfbdd8f50e154f7dac1ab76bfc0d2",
                "thumb_64": "https:\/\/files.slack.com\/files-tmb\/T01RBRV5F7H-F01U982LWMD-81ff0dcfbc\/image_64.png?t=xoxe-1861879185255-2068564688150-2068564727718-519dfbdd8f50e154f7dac1ab76bfc0d2",
                "thumb_80": "https:\/\/files.slack.com\/files-tmb\/T01RBRV5F7H-F01U982LWMD-81ff0dcfbc\/image_80.png?t=xoxe-1861879185255-2068564688150-2068564727718-519dfbdd8f50e154f7dac1ab76bfc0d2",
                "thumb_360": "https:\/\/files.slack.com\/files-tmb\/T01RBRV5F7H-F01U982LWMD-81ff0dcfbc\/image_360.png?t=xoxe-1861879185255-2068564688150-2068564727718-519dfbdd8f50e154f7dac1ab76bfc0d2",
                "thumb_360_w": 360,
                "thumb_360_h": 360,
                "thumb_480": "https:\/\/files.slack.com\/files-tmb\/T01RBRV5F7H-F01U982LWMD-81ff0dcfbc\/image_480.png?t=xoxe-1861879185255-2068564688150-2068564727718-519dfbdd8f50e154f7dac1ab76bfc0d2",
                "thumb_480_w": 480,
                "thumb_480_h": 480,
                "thumb_160": "https:\/\/files.slack.com\/files-tmb\/T01RBRV5F7H-F01U982LWMD-81ff0dcfbc\/image_160.png?t=xoxe-1861879185255-2068564688150-2068564727718-519dfbdd8f50e154f7dac1ab76bfc0d2",
                "original_w": 610,
                "original_h": 610,
                "thumb_tiny": "AwAwADBnlgPkRED3bFTEx+3\/AH1TPIaQhywGQKDbYH3+aLhYcdgxnjju1N3Rf\/qNQSrsCqTUlvEkinLcg9M07sVrEg2EEhTg9OaUBe6n86eIQvTNO2VRJnyXEjZBx+VIg3cnGfpUjbjGilB8nU+tV9+M1BoS73Bxu\/SpomDJl3YHPaq427QzFuT2qVCpXILfkKALnmIg+8T9aT7SnrVWVhtGP1p0cqgc8ED86GCLLYCn6Vm+WD1NWjNuzlRgijzhkHYvAx+lICAoSgVMZB7mlSOQHkYHtU3njn92vNNknxghAMHt9KEAyYquFH3u\/tUW7mpmuN\/\/ACzUdKcZgykCJeQRmqEf\/9k=",
                "permalink": "https:\/\/data-ft-ber-03-2021.slack.com\/files\/U01RW140HBP\/F01U982LWMD\/image.png",
                "permalink_public": "https:\/\/slack-files.com\/T01RBRV5F7H-F01U982LWMD-91bdbca1d3",
                "is_starred": false,
                "has_rich_preview": false
            }
        ],
        "upload": false,
        "blocks": [
            {
                "type": "rich_text",
                "block_id": "nDm0",
                "elements": [
                    {
                        "type": "rich_text_section",
                        "elements": [
                            {
                                "type": "text",
                                "text": "on the opposite end of the scale - this is a 4"
                            }
                        ]
                    }
                ]
            }
        ],
        "user": "U01RW140HBP",
        "display_as_bot": false,
        "ts": "1618821253.003600",
        "thread_ts": "1618820572.002100",
        "parent_user_id": "U01RKN0EGDV",
        "reactions": [
            {
                "name": "heart",
                "users": [
                    "U01S0E0MRJ7",
                    "U01RKN0EGDV"
                ],
                "count": 2
            }
        ]
    },
    {
        "client_msg_id": "1938e02c-3245-4d7e-bc0c-595526049d39",
        "type": "message",
        "text": "I am going to run an OPTIONAL tableau explore and viz workshop tomorrow morning at 11am, working with the data sets on both case studies… this is not to run through the solutions to the questions but to give some suggestions on how to visualise the data, I will also spend some time on bringing separate views together into a simple interactive dashboard - this will be recorded, probably available later that afternoon (depending on zoom)",
        "user": "U01RW140HBP",
        "ts": "1618821846.005800",
        "team": "T01RBRV5F7H",
        "user_team": "T01RBRV5F7H",
        "source_team": "T01RBRV5F7H",
        "user_profile": {
            "avatar_hash": "4c43a3a8d10b",
            "image_72": "https:\/\/avatars.slack-edge.com\/2021-03-21\/1895736308209_4c43a3a8d10bc2fe5e13_72.png",
            "first_name": "siand",
            "real_name": "siand the LT (she\/her)",
            "display_name": "siand the LT (she\/her)",
            "team": "T01RBRV5F7H",
            "name": "sian.davies",
            "is_restricted": false,
            "is_ultra_restricted": false
        },
        "edited": {
            "user": "U01RW140HBP",
            "ts": "1618821910.000000"
        },
        "blocks": [
            {
                "type": "rich_text",
                "block_id": "uny",
                "elements": [
                    {
                        "type": "rich_text_section",
                        "elements": [
                            {
                                "type": "text",
                                "text": "I am going to run an OPTIONAL tableau explore and viz workshop tomorrow morning at 11am, working with the data sets on both case studies… this is not to run through the solutions to the questions but to give some suggestions on how to visualise the data, I will also spend some time on bringing separate views together into a simple interactive dashboard - this will be recorded, probably available later that afternoon (depending on zoom)"
                            }
                        ]
                    }
                ]
            }
        ],
        "reactions": [
            {
                "name": "+1",
                "users": [
                    "U01S7KCL3DF",
                    "U01RN7BVD1C",
                    "U01RKN0EGDV",
                    "U01SK96QF5E",
                    "U01RS9Y6UJH"
                ],
                "count": 5
            },
            {
                "name": "white_check_mark",
                "users": [
                    "U01RXCQHMHT"
                ],
                "count": 1
            }
        ]
    },
    {
        "client_msg_id": "e5f9b50a-8264-4557-a3e4-4241d3134c90",
        "type": "message",
        "text": "think i recognise that brick wall view from my own flat :thinking_face:",
        "user": "U01S7KCL3DF",
        "ts": "1618822087.006200",
        "team": "T01RBRV5F7H",
        "user_team": "T01RBRV5F7H",
        "source_team": "T01RBRV5F7H",
        "user_profile": {
            "avatar_hash": "17b52091bb62",
            "image_72": "https:\/\/avatars.slack-edge.com\/2021-03-19\/1875964347925_17b52091bb62c2340b4c_72.png",
            "first_name": "Sam",
            "real_name": "Sam Katterfield",
            "display_name": "Sam",
            "team": "T01RBRV5F7H",
            "name": "samkatterfield",
            "is_restricted": false,
            "is_ultra_restricted": false
        },
        "blocks": [
            {
                "type": "rich_text",
                "block_id": "3dAjv",
                "elements": [
                    {
                        "type": "rich_text_section",
                        "elements": [
                            {
                                "type": "text",
                                "text": "think i recognise that brick wall view from my own flat "
                            },
                            {
                                "type": "emoji",
                                "name": "thinking_face"
                            }
                        ]
                    }
                ]
            }
        ],
        "thread_ts": "1618820572.002100",
        "parent_user_id": "U01RKN0EGDV"
    },
    {
        "client_msg_id": "a7727bc0-d508-486b-a48b-be53b358ab2f",
        "type": "message",
        "text": "yeah it looks like my first london flat … later i would graduate to the delights of a view of a fried chicken shop. before eventually gaining a view of a car park (and an actual park, from the living room)… it will get better Sam :slightly_smiling_face:",
        "user": "U01RW140HBP",
        "ts": "1618822207.006500",
        "team": "T01RBRV5F7H",
        "user_team": "T01RBRV5F7H",
        "source_team": "T01RBRV5F7H",
        "user_profile": {
            "avatar_hash": "4c43a3a8d10b",
            "image_72": "https:\/\/avatars.slack-edge.com\/2021-03-21\/1895736308209_4c43a3a8d10bc2fe5e13_72.png",
            "first_name": "siand",
            "real_name": "siand the LT (she\/her)",
            "display_name": "siand the LT (she\/her)",
            "team": "T01RBRV5F7H",
            "name": "sian.davies",
            "is_restricted": false,
            "is_ultra_restricted": false
        },
        "blocks": [
            {
                "type": "rich_text",
                "block_id": "KS9",
                "elements": [
                    {
                        "type": "rich_text_section",
                        "elements": [
                            {
                                "type": "text",
                                "text": "yeah it looks like my first london flat … later i would graduate to the delights of a view of a fried chicken shop. before eventually gaining a view of a car park (and an actual park, from the living room)… it will get better Sam "
                            },
                            {
                                "type": "emoji",
                                "name": "slightly_smiling_face"
                            }
                        ]
                    }
                ]
            }
        ],
        "thread_ts": "1618820572.002100",
        "parent_user_id": "U01RKN0EGDV",
        "reactions": [
            {
                "name": "poultry_leg",
                "users": [
                    "U01S7KCL3DF"
                ],
                "count": 1
            }
        ]
    },
    {
        "client_msg_id": "b4400e12-eebc-4839-be18-95ae826fd511",
        "type": "message",
        "text": "many thanks sian :smile:",
        "user": "U01RKN0EGDV",
        "ts": "1618822288.006700",
        "team": "T01RBRV5F7H",
        "user_team": "T01RBRV5F7H",
        "source_team": "T01RBRV5F7H",
        "user_profile": {
            "avatar_hash": "abe46e9352ee",
            "image_72": "https:\/\/avatars.slack-edge.com\/2021-03-24\/1878427345639_abe46e9352ee26531094_72.jpg",
            "first_name": "Marian",
            "real_name": "Marian Moreno",
            "display_name": "Marian (she\/her)",
            "team": "T01RBRV5F7H",
            "name": "marimor62",
            "is_restricted": false,
            "is_ultra_restricted": false
        },
        "blocks": [
            {
                "type": "rich_text",
                "block_id": "q5Z",
                "elements": [
                    {
                        "type": "rich_text_section",
                        "elements": [
                            {
                                "type": "text",
                                "text": "many thanks sian "
                            },
                            {
                                "type": "emoji",
                                "name": "smile"
                            }
                        ]
                    }
                ]
            }
        ],
        "thread_ts": "1618820572.002100",
        "parent_user_id": "U01RKN0EGDV"
    },
    {
        "client_msg_id": "878d1e20-afde-40df-be72-9a32990729c4",
        "type": "message",
        "text": "no problem Marian",
        "user": "U01RW140HBP",
        "ts": "1618822356.007100",
        "team": "T01RBRV5F7H",
        "user_team": "T01RBRV5F7H",
        "source_team": "T01RBRV5F7H",
        "user_profile": {
            "avatar_hash": "4c43a3a8d10b",
            "image_72": "https:\/\/avatars.slack-edge.com\/2021-03-21\/1895736308209_4c43a3a8d10bc2fe5e13_72.png",
            "first_name": "siand",
            "real_name": "siand the LT (she\/her)",
            "display_name": "siand the LT (she\/her)",
            "team": "T01RBRV5F7H",
            "name": "sian.davies",
            "is_restricted": false,
            "is_ultra_restricted": false
        },
        "blocks": [
            {
                "type": "rich_text",
                "block_id": "z2v",
                "elements": [
                    {
                        "type": "rich_text_section",
                        "elements": [
                            {
                                "type": "text",
                                "text": "no problem Marian"
                            }
                        ]
                    }
                ]
            }
        ],
        "thread_ts": "1618820572.002100",
        "parent_user_id": "U01RKN0EGDV"
    },
    {
        "client_msg_id": "dedb0a14-3f04-452f-afbb-0b3dc2580b2e",
        "type": "message",
        "text": "For Case Study: Regression (On Real Estate)\n\nthe <https:\/\/my.ironhack.com\/lms\/courses\/course-v1:IRONHACK+DAFT+202103_BER\/modules\/ironhack-course-chapter_5\/units\/ironhack-course-chapter_5-sequential-vertical|column ‘price’> - is that the price that the house was sold at (referring to the date column), or is it the current value when this survey was taken?",
        "user": "U01S7KCL3DF",
        "ts": "1618826069.009000",
        "team": "T01RBRV5F7H",
        "user_team": "T01RBRV5F7H",
        "source_team": "T01RBRV5F7H",
        "user_profile": {
            "avatar_hash": "17b52091bb62",
            "image_72": "https:\/\/avatars.slack-edge.com\/2021-03-19\/1875964347925_17b52091bb62c2340b4c_72.png",
            "first_name": "Sam",
            "real_name": "Sam Katterfield",
            "display_name": "Sam",
            "team": "T01RBRV5F7H",
            "name": "samkatterfield",
            "is_restricted": false,
            "is_ultra_restricted": false
        },
        "blocks": [
            {
                "type": "rich_text",
                "block_id": "fNK",
                "elements": [
                    {
                        "type": "rich_text_section",
                        "elements": [
                            {
                                "type": "text",
                                "text": "For Case Study: Regression (On Real Estate)\n\nthe "
                            },
                            {
                                "type": "link",
                                "url": "https:\/\/my.ironhack.com\/lms\/courses\/course-v1:IRONHACK+DAFT+202103_BER\/modules\/ironhack-course-chapter_5\/units\/ironhack-course-chapter_5-sequential-vertical",
                                "text": "column ‘price’"
                            },
                            {
                                "type": "text",
                                "text": " - is that the price that the house was sold at (referring to the date column), or is it the current value when this survey was taken?"
                            }
                        ]
                    }
                ]
            }
        ],
        "thread_ts": "1618826069.009000",
        "reply_count": 7,
        "reply_users_count": 3,
        "latest_reply": "1618826740.013900",
        "reply_users": [
            "U01RW2X7S9Z",
            "U01S7KCL3DF",
            "U01RW140HBP"
        ],
        "replies": [
            {
                "user": "U01RW2X7S9Z",
                "ts": "1618826097.009600"
            },
            {
                "user": "U01RW2X7S9Z",
                "ts": "1618826126.009800"
            },
            {
                "user": "U01S7KCL3DF",
                "ts": "1618826285.010600"
            },
            {
                "user": "U01RW140HBP",
                "ts": "1618826411.010800"
            },
            {
                "user": "U01RW140HBP",
                "ts": "1618826430.011000"
            },
            {
                "user": "U01S7KCL3DF",
                "ts": "1618826578.011800"
            },
            {
                "user": "U01RW140HBP",
                "ts": "1618826740.013900"
            }
        ],
        "is_locked": false,
        "subscribed": false
    },
    {
        "client_msg_id": "75448bab-25f8-46d6-aba1-94740553c62f",
        "type": "message",
        "text": "it's the sale price",
        "user": "U01RW2X7S9Z",
        "ts": "1618826097.009600",
        "team": "T01RBRV5F7H",
        "user_team": "T01RBRV5F7H",
        "source_team": "T01RBRV5F7H",
        "user_profile": {
            "avatar_hash": "7e12d75d168a",
            "image_72": "https:\/\/avatars.slack-edge.com\/2021-03-19\/1880105796643_7e12d75d168ae25c167d_72.jpg",
            "first_name": "Alexandre",
            "real_name": "Alexandre Sommerkamp",
            "display_name": "Alexandre Sommerkamp",
            "team": "T01RBRV5F7H",
            "name": "alex.c.skp",
            "is_restricted": false,
            "is_ultra_restricted": false
        },
        "blocks": [
            {
                "type": "rich_text",
                "block_id": "snwe",
                "elements": [
                    {
                        "type": "rich_text_section",
                        "elements": [
                            {
                                "type": "text",
                                "text": "it's the sale price"
                            }
                        ]
                    }
                ]
            }
        ],
        "thread_ts": "1618826069.009000",
        "parent_user_id": "U01S7KCL3DF"
    },
    {
        "client_msg_id": "f6fe5fa2-3924-48e0-a569-0763020ab2c2",
        "type": "message",
        "text": "some listings have duplicated IDs with different dates and different sale prices, at least i got to that conclusion",
        "user": "U01RW2X7S9Z",
        "ts": "1618826126.009800",
        "team": "T01RBRV5F7H",
        "user_team": "T01RBRV5F7H",
        "source_team": "T01RBRV5F7H",
        "user_profile": {
            "avatar_hash": "7e12d75d168a",
            "image_72": "https:\/\/avatars.slack-edge.com\/2021-03-19\/1880105796643_7e12d75d168ae25c167d_72.jpg",
            "first_name": "Alexandre",
            "real_name": "Alexandre Sommerkamp",
            "display_name": "Alexandre Sommerkamp",
            "team": "T01RBRV5F7H",
            "name": "alex.c.skp",
            "is_restricted": false,
            "is_ultra_restricted": false
        },
        "blocks": [
            {
                "type": "rich_text",
                "block_id": "44f",
                "elements": [
                    {
                        "type": "rich_text_section",
                        "elements": [
                            {
                                "type": "text",
                                "text": "some listings have duplicated IDs with different dates and different sale prices, at least i got to that conclusion"
                            }
                        ]
                    }
                ]
            }
        ],
        "thread_ts": "1618826069.009000",
        "parent_user_id": "U01S7KCL3DF"
    },
    {
        "client_msg_id": "75f10696-4f5e-4cc1-8727-58cb0ca40bc1",
        "type": "message",
        "text": "aight the lack of past tense had me goin",
        "user": "U01S7KCL3DF",
        "ts": "1618826285.010600",
        "team": "T01RBRV5F7H",
        "user_team": "T01RBRV5F7H",
        "source_team": "T01RBRV5F7H",
        "user_profile": {
            "avatar_hash": "17b52091bb62",
            "image_72": "https:\/\/avatars.slack-edge.com\/2021-03-19\/1875964347925_17b52091bb62c2340b4c_72.png",
            "first_name": "Sam",
            "real_name": "Sam Katterfield",
            "display_name": "Sam",
            "team": "T01RBRV5F7H",
            "name": "samkatterfield",
            "is_restricted": false,
            "is_ultra_restricted": false
        },
        "blocks": [
            {
                "type": "rich_text",
                "block_id": "5EK",
                "elements": [
                    {
                        "type": "rich_text_section",
                        "elements": [
                            {
                                "type": "text",
                                "text": "aight the lack of past tense had me goin"
                            }
                        ]
                    }
                ]
            }
        ],
        "thread_ts": "1618826069.009000",
        "parent_user_id": "U01S7KCL3DF"
    },
    {
        "client_msg_id": "1c812881-0a87-448a-a6f5-258f40c56f3e",
        "type": "message",
        "text": "yep its sale price",
        "user": "U01RW140HBP",
        "ts": "1618826411.010800",
        "team": "T01RBRV5F7H",
        "user_team": "T01RBRV5F7H",
        "source_team": "T01RBRV5F7H",
        "user_profile": {
            "avatar_hash": "4c43a3a8d10b",
            "image_72": "https:\/\/avatars.slack-edge.com\/2021-03-21\/1895736308209_4c43a3a8d10bc2fe5e13_72.png",
            "first_name": "siand",
            "real_name": "siand the LT (she\/her)",
            "display_name": "siand the LT (she\/her)",
            "team": "T01RBRV5F7H",
            "name": "sian.davies",
            "is_restricted": false,
            "is_ultra_restricted": false
        },
        "blocks": [
            {
                "type": "rich_text",
                "block_id": "6Zk05",
                "elements": [
                    {
                        "type": "rich_text_section",
                        "elements": [
                            {
                                "type": "text",
                                "text": "yep its sale price"
                            }
                        ]
                    }
                ]
            }
        ],
        "thread_ts": "1618826069.009000",
        "parent_user_id": "U01S7KCL3DF"
    },
    {
        "client_msg_id": "6e4aa74b-8855-435c-b794-e9a0aad7ef27",
        "type": "message",
        "text": "if the house has been sold a few times we should have a couple of prices",
        "user": "U01RW140HBP",
        "ts": "1618826430.011000",
        "team": "T01RBRV5F7H",
        "user_team": "T01RBRV5F7H",
        "source_team": "T01RBRV5F7H",
        "user_profile": {
            "avatar_hash": "4c43a3a8d10b",
            "image_72": "https:\/\/avatars.slack-edge.com\/2021-03-21\/1895736308209_4c43a3a8d10bc2fe5e13_72.png",
            "first_name": "siand",
            "real_name": "siand the LT (she\/her)",
            "display_name": "siand the LT (she\/her)",
            "team": "T01RBRV5F7H",
            "name": "sian.davies",
            "is_restricted": false,
            "is_ultra_restricted": false
        },
        "blocks": [
            {
                "type": "rich_text",
                "block_id": "Gt=Cg",
                "elements": [
                    {
                        "type": "rich_text_section",
                        "elements": [
                            {
                                "type": "text",
                                "text": "if the house has been sold a few times we should have a couple of prices"
                            }
                        ]
                    }
                ]
            }
        ],
        "thread_ts": "1618826069.009000",
        "parent_user_id": "U01S7KCL3DF"
    },
    {
        "client_msg_id": "941749a7-ac9a-4e11-ac2c-839553f0f935",
        "type": "message",
        "text": "what year are we doing the study, hypothetically?",
        "user": "U01RW2X7S9Z",
        "ts": "1618826461.011400",
        "team": "T01RBRV5F7H",
        "user_team": "T01RBRV5F7H",
        "source_team": "T01RBRV5F7H",
        "user_profile": {
            "avatar_hash": "7e12d75d168a",
            "image_72": "https:\/\/avatars.slack-edge.com\/2021-03-19\/1880105796643_7e12d75d168ae25c167d_72.jpg",
            "first_name": "Alexandre",
            "real_name": "Alexandre Sommerkamp",
            "display_name": "Alexandre Sommerkamp",
            "team": "T01RBRV5F7H",
            "name": "alex.c.skp",
            "is_restricted": false,
            "is_ultra_restricted": false
        },
        "edited": {
            "user": "U01RW2X7S9Z",
            "ts": "1618826474.000000"
        },
        "blocks": [
            {
                "type": "rich_text",
                "block_id": "c+b=",
                "elements": [
                    {
                        "type": "rich_text_section",
                        "elements": [
                            {
                                "type": "text",
                                "text": "what year are we doing the study, hypothetically?"
                            }
                        ]
                    }
                ]
            }
        ],
        "thread_ts": "1618826461.011400",
        "reply_count": 10,
        "reply_users_count": 3,
        "latest_reply": "1618826780.014100",
        "reply_users": [
            "U01RW140HBP",
            "U01RW2X7S9Z",
            "U01S7KCL3DF"
        ],
        "replies": [
            {
                "user": "U01RW140HBP",
                "ts": "1618826571.011600"
            },
            {
                "user": "U01RW2X7S9Z",
                "ts": "1618826613.012000"
            },
            {
                "user": "U01RW2X7S9Z",
                "ts": "1618826624.012200"
            },
            {
                "user": "U01RW140HBP",
                "ts": "1618826634.012400"
            },
            {
                "user": "U01S7KCL3DF",
                "ts": "1618826638.012600"
            },
            {
                "user": "U01RW2X7S9Z",
                "ts": "1618826644.012800"
            },
            {
                "user": "U01RW2X7S9Z",
                "ts": "1618826650.013000"
            },
            {
                "user": "U01RW2X7S9Z",
                "ts": "1618826677.013500"
            },
            {
                "user": "U01RW2X7S9Z",
                "ts": "1618826706.013700"
            },
            {
                "user": "U01S7KCL3DF",
                "ts": "1618826780.014100"
            }
        ],
        "is_locked": false,
        "subscribed": false
    },
    {
        "client_msg_id": "6f38f6ed-c5d2-4a20-85da-8aeea846fd83",
        "type": "message",
        "text": "i dont have that information but i am inclined to think 2015 or early 2016, judging by the name of some of the columns",
        "user": "U01RW140HBP",
        "ts": "1618826571.011600",
        "team": "T01RBRV5F7H",
        "user_team": "T01RBRV5F7H",
        "source_team": "T01RBRV5F7H",
        "user_profile": {
            "avatar_hash": "4c43a3a8d10b",
            "image_72": "https:\/\/avatars.slack-edge.com\/2021-03-21\/1895736308209_4c43a3a8d10bc2fe5e13_72.png",
            "first_name": "siand",
            "real_name": "siand the LT (she\/her)",
            "display_name": "siand the LT (she\/her)",
            "team": "T01RBRV5F7H",
            "name": "sian.davies",
            "is_restricted": false,
            "is_ultra_restricted": false
        },
        "blocks": [
            {
                "type": "rich_text",
                "block_id": "DMv74",
                "elements": [
                    {
                        "type": "rich_text_section",
                        "elements": [
                            {
                                "type": "text",
                                "text": "i dont have that information but i am inclined to think 2015 or early 2016, judging by the name of some of the columns"
                            }
                        ]
                    }
                ]
            }
        ],
        "thread_ts": "1618826461.011400",
        "parent_user_id": "U01RW2X7S9Z"
    },
    {
        "client_msg_id": "ba102e32-95a0-43d7-b53f-b928f778df39",
        "type": "message",
        "text": "and we have the living and lot size in 2015, after some houses have been sold? or is that for us to figure out?",
        "user": "U01S7KCL3DF",
        "ts": "1618826578.011800",
        "team": "T01RBRV5F7H",
        "user_team": "T01RBRV5F7H",
        "source_team": "T01RBRV5F7H",
        "user_profile": {
            "avatar_hash": "17b52091bb62",
            "image_72": "https:\/\/avatars.slack-edge.com\/2021-03-19\/1875964347925_17b52091bb62c2340b4c_72.png",
            "first_name": "Sam",
            "real_name": "Sam Katterfield",
            "display_name": "Sam",
            "team": "T01RBRV5F7H",
            "name": "samkatterfield",
            "is_restricted": false,
            "is_ultra_restricted": false
        },
        "blocks": [
            {
                "type": "rich_text",
                "block_id": "Idyw",
                "elements": [
                    {
                        "type": "rich_text_section",
                        "elements": [
                            {
                                "type": "text",
                                "text": "and we have the living and lot size in 2015, after some houses have been sold? or is that for us to figure out?"
                            }
                        ]
                    }
                ]
            }
        ],
        "thread_ts": "1618826069.009000",
        "parent_user_id": "U01S7KCL3DF"
    },
    {
        "client_msg_id": "8e8704c4-2d9e-4e0a-845e-71ce740e8e74",
        "type": "message",
        "text": "okay, will assume i'm in 2016 then",
        "user": "U01RW2X7S9Z",
        "ts": "1618826613.012000",
        "team": "T01RBRV5F7H",
        "user_team": "T01RBRV5F7H",
        "source_team": "T01RBRV5F7H",
        "user_profile": {
            "avatar_hash": "7e12d75d168a",
            "image_72": "https:\/\/avatars.slack-edge.com\/2021-03-19\/1880105796643_7e12d75d168ae25c167d_72.jpg",
            "first_name": "Alexandre",
            "real_name": "Alexandre Sommerkamp",
            "display_name": "Alexandre Sommerkamp",
            "team": "T01RBRV5F7H",
            "name": "alex.c.skp",
            "is_restricted": false,
            "is_ultra_restricted": false
        },
        "blocks": [
            {
                "type": "rich_text",
                "block_id": "U9aFZ",
                "elements": [
                    {
                        "type": "rich_text_section",
                        "elements": [
                            {
                                "type": "text",
                                "text": "okay, will assume i'm in 2016 then"
                            }
                        ]
                    }
                ]
            }
        ],
        "thread_ts": "1618826461.011400",
        "parent_user_id": "U01RW2X7S9Z"
    },
    {
        "client_msg_id": "de5a1c49-5aba-4d45-8f59-42a14bf7c8e6",
        "type": "message",
        "text": "it's important for the roleplay haha",
        "user": "U01RW2X7S9Z",
        "ts": "1618826624.012200",
        "team": "T01RBRV5F7H",
        "user_team": "T01RBRV5F7H",
        "source_team": "T01RBRV5F7H",
        "user_profile": {
            "avatar_hash": "7e12d75d168a",
            "image_72": "https:\/\/avatars.slack-edge.com\/2021-03-19\/1880105796643_7e12d75d168ae25c167d_72.jpg",
            "first_name": "Alexandre",
            "real_name": "Alexandre Sommerkamp",
            "display_name": "Alexandre Sommerkamp",
            "team": "T01RBRV5F7H",
            "name": "alex.c.skp",
            "is_restricted": false,
            "is_ultra_restricted": false
        },
        "blocks": [
            {
                "type": "rich_text",
                "block_id": "SBAY",
                "elements": [
                    {
                        "type": "rich_text_section",
                        "elements": [
                            {
                                "type": "text",
                                "text": "it's important for the roleplay haha"
                            }
                        ]
                    }
                ]
            }
        ],
        "thread_ts": "1618826461.011400",
        "parent_user_id": "U01RW2X7S9Z"
    },
    {
        "client_msg_id": "b0b152a1-b2d8-4dd7-bc49-82f3631d964f",
        "type": "message",
        "text": "oooh role play!",
        "user": "U01RW140HBP",
        "ts": "1618826634.012400",
        "team": "T01RBRV5F7H",
        "user_team": "T01RBRV5F7H",
        "source_team": "T01RBRV5F7H",
        "user_profile": {
            "avatar_hash": "4c43a3a8d10b",
            "image_72": "https:\/\/avatars.slack-edge.com\/2021-03-21\/1895736308209_4c43a3a8d10bc2fe5e13_72.png",
            "first_name": "siand",
            "real_name": "siand the LT (she\/her)",
            "display_name": "siand the LT (she\/her)",
            "team": "T01RBRV5F7H",
            "name": "sian.davies",
            "is_restricted": false,
            "is_ultra_restricted": false
        },
        "blocks": [
            {
                "type": "rich_text",
                "block_id": "GWfU",
                "elements": [
                    {
                        "type": "rich_text_section",
                        "elements": [
                            {
                                "type": "text",
                                "text": "oooh role play!"
                            }
                        ]
                    }
                ]
            }
        ],
        "thread_ts": "1618826461.011400",
        "parent_user_id": "U01RW2X7S9Z"
    },
    {
        "client_msg_id": "d418bdfc-a979-4ff9-97d5-f82bebd77c33",
        "type": "message",
        "text": "twas a great year tbf",
        "user": "U01S7KCL3DF",
        "ts": "1618826638.012600",
        "team": "T01RBRV5F7H",
        "user_team": "T01RBRV5F7H",
        "source_team": "T01RBRV5F7H",
        "user_profile": {
            "avatar_hash": "17b52091bb62",
            "image_72": "https:\/\/avatars.slack-edge.com\/2021-03-19\/1875964347925_17b52091bb62c2340b4c_72.png",
            "first_name": "Sam",
            "real_name": "Sam Katterfield",
            "display_name": "Sam",
            "team": "T01RBRV5F7H",
            "name": "samkatterfield",
            "is_restricted": false,
            "is_ultra_restricted": false
        },
        "blocks": [
            {
                "type": "rich_text",
                "block_id": "cmkx9",
                "elements": [
                    {
                        "type": "rich_text_section",
                        "elements": [
                            {
                                "type": "text",
                                "text": "twas a great year tbf"
                            }
                        ]
                    }
                ]
            }
        ],
        "thread_ts": "1618826461.011400",
        "parent_user_id": "U01RW2X7S9Z"
    },
    {
        "client_msg_id": "80b73ce4-a476-489f-99d1-e38190c980a2",
        "type": "message",
        "text": "im going to pretend we're not in a pandemic",
        "user": "U01RW2X7S9Z",
        "ts": "1618826644.012800",
        "team": "T01RBRV5F7H",
        "user_team": "T01RBRV5F7H",
        "source_team": "T01RBRV5F7H",
        "user_profile": {
            "avatar_hash": "7e12d75d168a",
            "image_72": "https:\/\/avatars.slack-edge.com\/2021-03-19\/1880105796643_7e12d75d168ae25c167d_72.jpg",
            "first_name": "Alexandre",
            "real_name": "Alexandre Sommerkamp",
            "display_name": "Alexandre Sommerkamp",
            "team": "T01RBRV5F7H",
            "name": "alex.c.skp",
            "is_restricted": false,
            "is_ultra_restricted": false
        },
        "blocks": [
            {
                "type": "rich_text",
                "block_id": "34ezX",
                "elements": [
                    {
                        "type": "rich_text_section",
                        "elements": [
                            {
                                "type": "text",
                                "text": "im going to pretend we're not in a pandemic"
                            }
                        ]
                    }
                ]
            }
        ],
        "thread_ts": "1618826461.011400",
        "parent_user_id": "U01RW2X7S9Z"
    },
    {
        "client_msg_id": "854cae62-3c12-43cb-b31f-314c8bad5278",
        "type": "message",
        "text": "definitely, i met my wife back then!",
        "user": "U01RW2X7S9Z",
        "ts": "1618826650.013000",
        "team": "T01RBRV5F7H",
        "user_team": "T01RBRV5F7H",
        "source_team": "T01RBRV5F7H",
        "user_profile": {
            "avatar_hash": "7e12d75d168a",
            "image_72": "https:\/\/avatars.slack-edge.com\/2021-03-19\/1880105796643_7e12d75d168ae25c167d_72.jpg",
            "first_name": "Alexandre",
            "real_name": "Alexandre Sommerkamp",
            "display_name": "Alexandre Sommerkamp",
            "team": "T01RBRV5F7H",
            "name": "alex.c.skp",
            "is_restricted": false,
            "is_ultra_restricted": false
        },
        "blocks": [
            {
                "type": "rich_text",
                "block_id": "ksZnf",
                "elements": [
                    {
                        "type": "rich_text_section",
                        "elements": [
                            {
                                "type": "text",
                                "text": "definitely, i met my wife back then!"
                            }
                        ]
                    }
                ]
            }
        ],
        "thread_ts": "1618826461.011400",
        "parent_user_id": "U01RW2X7S9Z",
        "reactions": [
            {
                "name": "smiling_face_with_3_hearts",
                "users": [
                    "U01S7KCL3DF",
                    "U01SJKB2MG8"
                ],
                "count": 2
            }
        ]
    },
    {
        "client_msg_id": "e7974b21-d23a-420e-b8dd-993314e6d541",
        "type": "message",
        "text": "I SAW THE FIRST ICON SAM",
        "user": "U01RW2X7S9Z",
        "ts": "1618826677.013500",
        "team": "T01RBRV5F7H",
        "user_team": "T01RBRV5F7H",
        "source_team": "T01RBRV5F7H",
        "user_profile": {
            "avatar_hash": "7e12d75d168a",
            "image_72": "https:\/\/avatars.slack-edge.com\/2021-03-19\/1880105796643_7e12d75d168ae25c167d_72.jpg",
            "first_name": "Alexandre",
            "real_name": "Alexandre Sommerkamp",
            "display_name": "Alexandre Sommerkamp",
            "team": "T01RBRV5F7H",
            "name": "alex.c.skp",
            "is_restricted": false,
            "is_ultra_restricted": false
        },
        "blocks": [
            {
                "type": "rich_text",
                "block_id": "QE3I",
                "elements": [
                    {
                        "type": "rich_text_section",
                        "elements": [
                            {
                                "type": "text",
                                "text": "I SAW THE FIRST ICON SAM"
                            }
                        ]
                    }
                ]
            }
        ],
        "thread_ts": "1618826461.011400",
        "parent_user_id": "U01RW2X7S9Z"
    },
    {
        "client_msg_id": "08dd62cb-6c46-408b-bfb1-6cd34f74fa64",
        "type": "message",
        "text": ":giphy:",
        "user": "U01RW2X7S9Z",
        "ts": "1618826706.013700",
        "team": "T01RBRV5F7H",
        "user_team": "T01RBRV5F7H",
        "source_team": "T01RBRV5F7H",
        "user_profile": {
            "avatar_hash": "7e12d75d168a",
            "image_72": "https:\/\/avatars.slack-edge.com\/2021-03-19\/1880105796643_7e12d75d168ae25c167d_72.jpg",
            "first_name": "Alexandre",
            "real_name": "Alexandre Sommerkamp",
            "display_name": "Alexandre Sommerkamp",
            "team": "T01RBRV5F7H",
            "name": "alex.c.skp",
            "is_restricted": false,
            "is_ultra_restricted": false
        },
        "blocks": [
            {
                "type": "rich_text",
                "block_id": "Pur",
                "elements": [
                    {
                        "type": "rich_text_section",
                        "elements": [
                            {
                                "type": "emoji",
                                "name": "giphy"
                            }
                        ]
                    }
                ]
            }
        ],
        "thread_ts": "1618826461.011400",
        "parent_user_id": "U01RW2X7S9Z"
    },
    {
        "client_msg_id": "7d8676f5-f252-4510-9669-4d22c75ec240",
        "type": "message",
        "text": "as far as I know the 2015 columns indicate that since a previous entry for that property some renovation has occurred changing the floorplan … but im not too certain - i guess the point is to work out if that column has an impact on the price, then decide whether its relevant",
        "user": "U01RW140HBP",
        "ts": "1618826740.013900",
        "team": "T01RBRV5F7H",
        "user_team": "T01RBRV5F7H",
        "source_team": "T01RBRV5F7H",
        "user_profile": {
            "avatar_hash": "4c43a3a8d10b",
            "image_72": "https:\/\/avatars.slack-edge.com\/2021-03-21\/1895736308209_4c43a3a8d10bc2fe5e13_72.png",
            "first_name": "siand",
            "real_name": "siand the LT (she\/her)",
            "display_name": "siand the LT (she\/her)",
            "team": "T01RBRV5F7H",
            "name": "sian.davies",
            "is_restricted": false,
            "is_ultra_restricted": false
        },
        "blocks": [
            {
                "type": "rich_text",
                "block_id": "GBC",
                "elements": [
                    {
                        "type": "rich_text_section",
                        "elements": [
                            {
                                "type": "text",
                                "text": "as far as I know the 2015 columns indicate that since a previous entry for that property some renovation has occurred changing the floorplan … but im not too certain - i guess the point is to work out if that column has an impact on the price, then decide whether its relevant"
                            }
                        ]
                    }
                ]
            }
        ],
        "thread_ts": "1618826069.009000",
        "parent_user_id": "U01S7KCL3DF"
    },
    {
        "client_msg_id": "2875c4b2-5fe7-4513-b138-216e3a2c31e7",
        "type": "message",
        "text": "still gettin used to this keyboard and mouse layout :disappointed:",
        "user": "U01S7KCL3DF",
        "ts": "1618826780.014100",
        "team": "T01RBRV5F7H",
        "user_team": "T01RBRV5F7H",
        "source_team": "T01RBRV5F7H",
        "user_profile": {
            "avatar_hash": "17b52091bb62",
            "image_72": "https:\/\/avatars.slack-edge.com\/2021-03-19\/1875964347925_17b52091bb62c2340b4c_72.png",
            "first_name": "Sam",
            "real_name": "Sam Katterfield",
            "display_name": "Sam",
            "team": "T01RBRV5F7H",
            "name": "samkatterfield",
            "is_restricted": false,
            "is_ultra_restricted": false
        },
        "blocks": [
            {
                "type": "rich_text",
                "block_id": "nxV",
                "elements": [
                    {
                        "type": "rich_text_section",
                        "elements": [
                            {
                                "type": "text",
                                "text": "still gettin used to this keyboard and mouse layout "
                            },
                            {
                                "type": "emoji",
                                "name": "disappointed"
                            }
                        ]
                    }
                ]
            }
        ],
        "thread_ts": "1618826461.011400",
        "parent_user_id": "U01RW2X7S9Z",
        "reactions": [
            {
                "name": "rolling_on_the_floor_laughing",
                "users": [
                    "U01RW2X7S9Z"
                ],
                "count": 1
            }
        ]
    },
    {
        "client_msg_id": "de374821-c67f-46b8-b027-93f40fee8784",
        "type": "message",
        "text": "<!channel>,\n:mysql:  when you import the `.csv` for the :house: housing data, pay attention to the encoding. We figured out in one of the groups (with the help of good guy :morning-sunshine: ) that *Latin1 (iso8859-1)* did the trick (no UTF or sth... ) - you should come out at 21596 rows\n\nwith the :credit_card: database it could be similar",
        "user": "U01SJKB2MG8",
        "ts": "1618849936.017100",
        "team": "T01RBRV5F7H",
        "user_team": "T01RBRV5F7H",
        "source_team": "T01RBRV5F7H",
        "user_profile": {
            "avatar_hash": "88fa894fdb53",
            "image_72": "https:\/\/avatars.slack-edge.com\/2021-03-19\/1885033153332_88fa894fdb5366452adf_72.jpg",
            "first_name": "Florian",
            "real_name": "Florian Titze",
            "display_name": "Flo Titze",
            "team": "T01RBRV5F7H",
            "name": "florian.titze",
            "is_restricted": false,
            "is_ultra_restricted": false
        },
        "edited": {
            "user": "U01SJKB2MG8",
            "ts": "1618850004.000000"
        },
        "blocks": [
            {
                "type": "rich_text",
                "block_id": "WnQ",
                "elements": [
                    {
                        "type": "rich_text_section",
                        "elements": [
                            {
                                "type": "broadcast",
                                "range": "channel"
                            },
                            {
                                "type": "text",
                                "text": ",\n"
                            },
                            {
                                "type": "emoji",
                                "name": "mysql"
                            },
                            {
                                "type": "text",
                                "text": "  when you import the "
                            },
                            {
                                "type": "text",
                                "text": ".csv",
                                "style": {
                                    "code": true
                                }
                            },
                            {
                                "type": "text",
                                "text": " for the "
                            },
                            {
                                "type": "emoji",
                                "name": "house"
                            },
                            {
                                "type": "text",
                                "text": " housing data, pay attention to the encoding. We figured out in one of the groups (with the help of good guy "
                            },
                            {
                                "type": "emoji",
                                "name": "morning-sunshine"
                            },
                            {
                                "type": "text",
                                "text": " ) that "
                            },
                            {
                                "type": "text",
                                "text": "Latin1 (iso8859-1)",
                                "style": {
                                    "bold": true
                                }
                            },
                            {
                                "type": "text",
                                "text": " did the trick (no UTF or sth... ) - you should come out at 21596 rows\n\nwith the "
                            },
                            {
                                "type": "emoji",
                                "name": "credit_card"
                            },
                            {
                                "type": "text",
                                "text": " database it could be similar"
                            }
                        ]
                    }
                ]
            }
        ],
        "reactions": [
            {
                "name": "white_check_mark",
                "users": [
                    "U01RW2X7S9Z",
                    "U01S0P26NKD"
                ],
                "count": 2
            },
            {
                "name": "this-is-fine-fire",
                "users": [
                    "U01S7KCL3DF"
                ],
                "count": 1
            }
        ]
    }
]