[
    {
        "client_msg_id": "e40bbb01-efc0-4ab9-a7dd-665bf168af0c",
        "type": "message",
        "text": "I quite like the Kaggle explanations. Been reading through a few of them this evening and they do quite a good job of putting things simply.\nTwo thoughts following this:\n1- I think I will treat Pandas as a separate language to learn. It seems like all the functions and use of brackets are distinct from the Python rules. - and maybe on its own it is not so complex to learn (+ I guess one of the most useful for everyday stuff)\n2- Within Python, I find List Comprehension (where we put loops in one line)  really tough to get my head around.",
        "user": "U01S133DZ9A",
        "ts": "1617831866.008400",
        "team": "T01RBRV5F7H",
        "user_team": "T01RBRV5F7H",
        "source_team": "T01RBRV5F7H",
        "user_profile": {
            "avatar_hash": "adb8b81e55b5",
            "image_72": "https:\/\/avatars.slack-edge.com\/2021-03-23\/1887337161925_adb8b81e55b5ac488cf1_72.jpg",
            "first_name": "Simon",
            "real_name": "Simon Data",
            "display_name": "Simon Data",
            "team": "T01RBRV5F7H",
            "name": "simples707data",
            "is_restricted": false,
            "is_ultra_restricted": false
        },
        "blocks": [
            {
                "type": "rich_text",
                "block_id": "cCX1",
                "elements": [
                    {
                        "type": "rich_text_section",
                        "elements": [
                            {
                                "type": "text",
                                "text": "I quite like the Kaggle explanations. Been reading through a few of them this evening and they do quite a good job of putting things simply.\nTwo thoughts following this:\n1- I think I will treat Pandas as a separate language to learn. It seems like all the functions and use of brackets are distinct from the Python rules. - and maybe on its own it is not so complex to learn (+ I guess one of the most useful for everyday stuff)\n2- Within Python, I find List Comprehension (where we put loops in one line)  really tough to get my head around."
                            }
                        ]
                    }
                ]
            }
        ],
        "thread_ts": "1617831866.008400",
        "reply_count": 1,
        "reply_users_count": 1,
        "latest_reply": "1617869285.000100",
        "reply_users": [
            "U01SJKB2MG8"
        ],
        "replies": [
            {
                "user": "U01SJKB2MG8",
                "ts": "1617869285.000100"
            }
        ],
        "is_locked": false,
        "subscribed": false
    }
]