[
    {
        "type": "message",
        "subtype": "channel_join",
        "ts": "1619602313.000200",
        "user": "U01S79YDELR",
        "text": "<@U01S79YDELR> has joined the channel",
        "reactions": [
            {
                "name": "tada",
                "users": [
                    "U01RN7BVD1C"
                ],
                "count": 1
            }
        ]
    },
    {
        "type": "message",
        "subtype": "channel_join",
        "ts": "1619602368.000400",
        "user": "U01RN7BVD1C",
        "text": "<@U01RN7BVD1C> has joined the channel",
        "inviter": "U01S79YDELR"
    },
    {
        "type": "message",
        "subtype": "channel_join",
        "ts": "1619602368.000600",
        "user": "U01RVSTNRRT",
        "text": "<@U01RVSTNRRT> has joined the channel",
        "inviter": "U01S79YDELR"
    },
    {
        "client_msg_id": "5ef64f20-8d69-4676-b889-3a1687fbf423",
        "type": "message",
        "text": "<https:\/\/1drv.ms\/u\/s!Ajrjw4x5ynyuib9LTkYF51fPRIjcMg?e=QOcnBZ>",
        "user": "U01S79YDELR",
        "ts": "1619602563.001100",
        "team": "T01RBRV5F7H",
        "user_team": "T01RBRV5F7H",
        "source_team": "T01RBRV5F7H",
        "user_profile": {
            "avatar_hash": "606def897de6",
            "image_72": "https:\/\/avatars.slack-edge.com\/2021-03-22\/1910932493456_606def897de66681d932_72.jpg",
            "first_name": "",
            "real_name": "Karina Condeixa",
            "display_name": "Karina Condeixa",
            "team": "T01RBRV5F7H",
            "name": "karina.condeixa",
            "is_restricted": false,
            "is_ultra_restricted": false
        },
        "blocks": [
            {
                "type": "rich_text",
                "block_id": "Qwup",
                "elements": [
                    {
                        "type": "rich_text_section",
                        "elements": [
                            {
                                "type": "link",
                                "url": "https:\/\/1drv.ms\/u\/s!Ajrjw4x5ynyuib9LTkYF51fPRIjcMg?e=QOcnBZ"
                            }
                        ]
                    }
                ]
            }
        ]
    },
    {
        "client_msg_id": "933e1a19-0f0a-4cc0-a36e-f70ff5b79862",
        "type": "message",
        "text": "the data come strange , I will download it againg",
        "user": "U01S79YDELR",
        "ts": "1619602632.001900",
        "team": "T01RBRV5F7H",
        "user_team": "T01RBRV5F7H",
        "source_team": "T01RBRV5F7H",
        "user_profile": {
            "avatar_hash": "606def897de6",
            "image_72": "https:\/\/avatars.slack-edge.com\/2021-03-22\/1910932493456_606def897de66681d932_72.jpg",
            "first_name": "",
            "real_name": "Karina Condeixa",
            "display_name": "Karina Condeixa",
            "team": "T01RBRV5F7H",
            "name": "karina.condeixa",
            "is_restricted": false,
            "is_ultra_restricted": false
        },
        "blocks": [
            {
                "type": "rich_text",
                "block_id": "i5s1",
                "elements": [
                    {
                        "type": "rich_text_section",
                        "elements": [
                            {
                                "type": "text",
                                "text": "the data come strange , I will download it againg"
                            }
                        ]
                    }
                ]
            }
        ]
    },
    {
        "client_msg_id": "01fad04e-32b2-4ec2-ad47-c42be735b426",
        "type": "message",
        "text": ":smile: ok",
        "user": "U01RN7BVD1C",
        "ts": "1619602643.002100",
        "team": "T01RBRV5F7H",
        "user_team": "T01RBRV5F7H",
        "source_team": "T01RBRV5F7H",
        "user_profile": {
            "avatar_hash": "55e0c1b57456",
            "image_72": "https:\/\/avatars.slack-edge.com\/2021-03-20\/1882033802643_55e0c1b574562994417f_72.jpg",
            "first_name": "Josephine",
            "real_name": "Josephine Biedermann",
            "display_name": "Phine",
            "team": "T01RBRV5F7H",
            "name": "josephinebiedermann",
            "is_restricted": false,
            "is_ultra_restricted": false
        },
        "blocks": [
            {
                "type": "rich_text",
                "block_id": "UH4",
                "elements": [
                    {
                        "type": "rich_text_section",
                        "elements": [
                            {
                                "type": "emoji",
                                "name": "smile"
                            },
                            {
                                "type": "text",
                                "text": " ok"
                            }
                        ]
                    }
                ]
            }
        ]
    },
    {
        "client_msg_id": "26931428-82b5-43f4-9ff6-eee66eda3671",
        "type": "message",
        "text": "<https:\/\/public.tableau.com\/profile\/josephine.biedermann#!\/vizhome\/ProjectStoryTelling\/2-stayinghomepercountryD?publish=yes>",
        "user": "U01RN7BVD1C",
        "ts": "1619603934.002300",
        "team": "T01RBRV5F7H",
        "user_team": "T01RBRV5F7H",
        "source_team": "T01RBRV5F7H",
        "user_profile": {
            "avatar_hash": "55e0c1b57456",
            "image_72": "https:\/\/avatars.slack-edge.com\/2021-03-20\/1882033802643_55e0c1b574562994417f_72.jpg",
            "first_name": "Josephine",
            "real_name": "Josephine Biedermann",
            "display_name": "Phine",
            "team": "T01RBRV5F7H",
            "name": "josephinebiedermann",
            "is_restricted": false,
            "is_ultra_restricted": false
        },
        "blocks": [
            {
                "type": "rich_text",
                "block_id": "abGF",
                "elements": [
                    {
                        "type": "rich_text_section",
                        "elements": [
                            {
                                "type": "link",
                                "url": "https:\/\/public.tableau.com\/profile\/josephine.biedermann#!\/vizhome\/ProjectStoryTelling\/2-stayinghomepercountryD?publish=yes"
                            }
                        ]
                    }
                ]
            }
        ]
    },
    {
        "client_msg_id": "74ebacf7-1957-424e-a640-d52f80f90098",
        "type": "message",
        "text": "<https:\/\/covid19.who.int\/table?tableChartType=heat&amp;tableDay=yesterday>",
        "user": "U01S79YDELR",
        "ts": "1619604516.002500",
        "team": "T01RBRV5F7H",
        "user_team": "T01RBRV5F7H",
        "source_team": "T01RBRV5F7H",
        "user_profile": {
            "avatar_hash": "606def897de6",
            "image_72": "https:\/\/avatars.slack-edge.com\/2021-03-22\/1910932493456_606def897de66681d932_72.jpg",
            "first_name": "",
            "real_name": "Karina Condeixa",
            "display_name": "Karina Condeixa",
            "team": "T01RBRV5F7H",
            "name": "karina.condeixa",
            "is_restricted": false,
            "is_ultra_restricted": false
        },
        "blocks": [
            {
                "type": "rich_text",
                "block_id": "NqK+",
                "elements": [
                    {
                        "type": "rich_text_section",
                        "elements": [
                            {
                                "type": "link",
                                "url": "https:\/\/covid19.who.int\/table?tableChartType=heat&tableDay=yesterday"
                            }
                        ]
                    }
                ]
            }
        ]
    },
    {
        "client_msg_id": "70ad3ade-b98b-4aae-8d97-99ea4eb1ea46",
        "type": "message",
        "text": "<https:\/\/covid19-vaccine-report.ecdc.europa.eu\/>",
        "user": "U01S79YDELR",
        "ts": "1619604615.002700",
        "team": "T01RBRV5F7H",
        "user_team": "T01RBRV5F7H",
        "source_team": "T01RBRV5F7H",
        "user_profile": {
            "avatar_hash": "606def897de6",
            "image_72": "https:\/\/avatars.slack-edge.com\/2021-03-22\/1910932493456_606def897de66681d932_72.jpg",
            "first_name": "",
            "real_name": "Karina Condeixa",
            "display_name": "Karina Condeixa",
            "team": "T01RBRV5F7H",
            "name": "karina.condeixa",
            "is_restricted": false,
            "is_ultra_restricted": false
        },
        "blocks": [
            {
                "type": "rich_text",
                "block_id": "giF",
                "elements": [
                    {
                        "type": "rich_text_section",
                        "elements": [
                            {
                                "type": "link",
                                "url": "https:\/\/covid19-vaccine-report.ecdc.europa.eu\/"
                            }
                        ]
                    }
                ]
            }
        ]
    },
    {
        "type": "message",
        "text": "",
        "files": [
            {
                "id": "F01V8PS10B1",
                "created": 1619605478,
                "timestamp": 1619605478,
                "name": "Image from iOS.jpg",
                "title": "Image from iOS",
                "mimetype": "image\/jpeg",
                "filetype": "jpg",
                "pretty_type": "JPEG",
                "user": "U01RN7BVD1C",
                "editable": false,
                "size": 837147,
                "mode": "hosted",
                "is_external": false,
                "external_type": "",
                "is_public": true,
                "public_url_shared": false,
                "display_as_bot": false,
                "username": "",
                "url_private": "https:\/\/files.slack.com\/files-pri\/T01RBRV5F7H-F01V8PS10B1\/image_from_ios.jpg?t=xoxe-1861879185255-2068564688150-2068564727718-519dfbdd8f50e154f7dac1ab76bfc0d2",
                "url_private_download": "https:\/\/files.slack.com\/files-pri\/T01RBRV5F7H-F01V8PS10B1\/download\/image_from_ios.jpg?t=xoxe-1861879185255-2068564688150-2068564727718-519dfbdd8f50e154f7dac1ab76bfc0d2",
                "thumb_64": "https:\/\/files.slack.com\/files-tmb\/T01RBRV5F7H-F01V8PS10B1-a12fbfea42\/image_from_ios_64.jpg?t=xoxe-1861879185255-2068564688150-2068564727718-519dfbdd8f50e154f7dac1ab76bfc0d2",
                "thumb_80": "https:\/\/files.slack.com\/files-tmb\/T01RBRV5F7H-F01V8PS10B1-a12fbfea42\/image_from_ios_80.jpg?t=xoxe-1861879185255-2068564688150-2068564727718-519dfbdd8f50e154f7dac1ab76bfc0d2",
                "thumb_360": "https:\/\/files.slack.com\/files-tmb\/T01RBRV5F7H-F01V8PS10B1-a12fbfea42\/image_from_ios_360.jpg?t=xoxe-1861879185255-2068564688150-2068564727718-519dfbdd8f50e154f7dac1ab76bfc0d2",
                "thumb_360_w": 270,
                "thumb_360_h": 360,
                "thumb_480": "https:\/\/files.slack.com\/files-tmb\/T01RBRV5F7H-F01V8PS10B1-a12fbfea42\/image_from_ios_480.jpg?t=xoxe-1861879185255-2068564688150-2068564727718-519dfbdd8f50e154f7dac1ab76bfc0d2",
                "thumb_480_w": 360,
                "thumb_480_h": 480,
                "thumb_160": "https:\/\/files.slack.com\/files-tmb\/T01RBRV5F7H-F01V8PS10B1-a12fbfea42\/image_from_ios_160.jpg?t=xoxe-1861879185255-2068564688150-2068564727718-519dfbdd8f50e154f7dac1ab76bfc0d2",
                "thumb_720": "https:\/\/files.slack.com\/files-tmb\/T01RBRV5F7H-F01V8PS10B1-a12fbfea42\/image_from_ios_720.jpg?t=xoxe-1861879185255-2068564688150-2068564727718-519dfbdd8f50e154f7dac1ab76bfc0d2",
                "thumb_720_w": 540,
                "thumb_720_h": 720,
                "thumb_800": "https:\/\/files.slack.com\/files-tmb\/T01RBRV5F7H-F01V8PS10B1-a12fbfea42\/image_from_ios_800.jpg?t=xoxe-1861879185255-2068564688150-2068564727718-519dfbdd8f50e154f7dac1ab76bfc0d2",
                "thumb_800_w": 800,
                "thumb_800_h": 1067,
                "thumb_960": "https:\/\/files.slack.com\/files-tmb\/T01RBRV5F7H-F01V8PS10B1-a12fbfea42\/image_from_ios_960.jpg?t=xoxe-1861879185255-2068564688150-2068564727718-519dfbdd8f50e154f7dac1ab76bfc0d2",
                "thumb_960_w": 720,
                "thumb_960_h": 960,
                "thumb_1024": "https:\/\/files.slack.com\/files-tmb\/T01RBRV5F7H-F01V8PS10B1-a12fbfea42\/image_from_ios_1024.jpg?t=xoxe-1861879185255-2068564688150-2068564727718-519dfbdd8f50e154f7dac1ab76bfc0d2",
                "thumb_1024_w": 768,
                "thumb_1024_h": 1024,
                "original_w": 3024,
                "original_h": 4032,
                "thumb_tiny": "AwAwACSw3So6lbGMHvUXGeBQAY96O3Wl9jRtHpQABRjpS7B6UtLQA49KiJGaexwaYeuaACnCmjpSigBWznik+agnnqKTPuKAHOy56g1GXXP3h+dQRoXGXY\/SpdiBcCp5hDw6nowpTIi8swA6VEFVRwKYWHRhkGi4XLHmx\/3xR5sf98VWKHPy8ik8tvSncZ\/\/2Q==",
                "permalink": "https:\/\/data-ft-ber-03-2021.slack.com\/files\/U01RN7BVD1C\/F01V8PS10B1\/image_from_ios.jpg",
                "permalink_public": "https:\/\/slack-files.com\/T01RBRV5F7H-F01V8PS10B1-9bbedaf0e4",
                "is_starred": false,
                "has_rich_preview": false
            }
        ],
        "upload": false,
        "blocks": [
            {
                "type": "rich_text",
                "block_id": "A0Kj",
                "elements": []
            }
        ],
        "user": "U01RN7BVD1C",
        "display_as_bot": false,
        "ts": "1619605489.002800",
        "client_msg_id": "DC419786-D5C5-4867-B4AC-4648C47EAC9A"
    },
    {
        "client_msg_id": "BC706D88-ED73-4B49-AD31-6E9720D82574",
        "type": "message",
        "text": "I’ll be back in 5min :blush:",
        "user": "U01RN7BVD1C",
        "ts": "1619607760.003400",
        "team": "T01RBRV5F7H",
        "user_team": "T01RBRV5F7H",
        "source_team": "T01RBRV5F7H",
        "user_profile": {
            "avatar_hash": "55e0c1b57456",
            "image_72": "https:\/\/avatars.slack-edge.com\/2021-03-20\/1882033802643_55e0c1b574562994417f_72.jpg",
            "first_name": "Josephine",
            "real_name": "Josephine Biedermann",
            "display_name": "Phine",
            "team": "T01RBRV5F7H",
            "name": "josephinebiedermann",
            "is_restricted": false,
            "is_ultra_restricted": false
        },
        "blocks": [
            {
                "type": "rich_text",
                "block_id": "KtY",
                "elements": [
                    {
                        "type": "rich_text_section",
                        "elements": [
                            {
                                "type": "text",
                                "text": "I’ll be back in 5min "
                            },
                            {
                                "type": "emoji",
                                "name": "blush"
                            }
                        ]
                    }
                ]
            }
        ]
    },
    {
        "client_msg_id": "37379dd7-e2aa-4370-a658-56d52172606c",
        "type": "message",
        "text": "ok",
        "user": "U01S79YDELR",
        "ts": "1619607771.003700",
        "team": "T01RBRV5F7H",
        "user_team": "T01RBRV5F7H",
        "source_team": "T01RBRV5F7H",
        "user_profile": {
            "avatar_hash": "606def897de6",
            "image_72": "https:\/\/avatars.slack-edge.com\/2021-03-22\/1910932493456_606def897de66681d932_72.jpg",
            "first_name": "",
            "real_name": "Karina Condeixa",
            "display_name": "Karina Condeixa",
            "team": "T01RBRV5F7H",
            "name": "karina.condeixa",
            "is_restricted": false,
            "is_ultra_restricted": false
        },
        "blocks": [
            {
                "type": "rich_text",
                "block_id": "RPHlW",
                "elements": [
                    {
                        "type": "rich_text_section",
                        "elements": [
                            {
                                "type": "text",
                                "text": "ok"
                            }
                        ]
                    }
                ]
            }
        ]
    },
    {
        "client_msg_id": "94b0e6d5-42f7-45ea-8f42-f06e376f1f14",
        "type": "message",
        "text": "I included other dataset, in csv and xlsx",
        "user": "U01S79YDELR",
        "ts": "1619608560.004800",
        "team": "T01RBRV5F7H",
        "user_team": "T01RBRV5F7H",
        "source_team": "T01RBRV5F7H",
        "user_profile": {
            "avatar_hash": "606def897de6",
            "image_72": "https:\/\/avatars.slack-edge.com\/2021-03-22\/1910932493456_606def897de66681d932_72.jpg",
            "first_name": "",
            "real_name": "Karina Condeixa",
            "display_name": "Karina Condeixa",
            "team": "T01RBRV5F7H",
            "name": "karina.condeixa",
            "is_restricted": false,
            "is_ultra_restricted": false
        },
        "blocks": [
            {
                "type": "rich_text",
                "block_id": "MLi",
                "elements": [
                    {
                        "type": "rich_text_section",
                        "elements": [
                            {
                                "type": "text",
                                "text": "I included other dataset, in csv and xlsx"
                            }
                        ]
                    }
                ]
            }
        ]
    },
    {
        "client_msg_id": "1f3ec646-8863-4cdf-9fc2-6a946d8a37c0",
        "type": "message",
        "text": "<https:\/\/1drv.ms\/x\/s!Ajrjw4x5ynyuib9NScnbPtwETt6bwg?e=zdDWhh>",
        "user": "U01S79YDELR",
        "ts": "1619608563.005000",
        "team": "T01RBRV5F7H",
        "user_team": "T01RBRV5F7H",
        "source_team": "T01RBRV5F7H",
        "user_profile": {
            "avatar_hash": "606def897de6",
            "image_72": "https:\/\/avatars.slack-edge.com\/2021-03-22\/1910932493456_606def897de66681d932_72.jpg",
            "first_name": "",
            "real_name": "Karina Condeixa",
            "display_name": "Karina Condeixa",
            "team": "T01RBRV5F7H",
            "name": "karina.condeixa",
            "is_restricted": false,
            "is_ultra_restricted": false
        },
        "blocks": [
            {
                "type": "rich_text",
                "block_id": "6C9fG",
                "elements": [
                    {
                        "type": "rich_text_section",
                        "elements": [
                            {
                                "type": "link",
                                "url": "https:\/\/1drv.ms\/x\/s!Ajrjw4x5ynyuib9NScnbPtwETt6bwg?e=zdDWhh"
                            }
                        ]
                    }
                ]
            }
        ]
    },
    {
        "client_msg_id": "f99ca610-e824-4410-bd91-3ac00b11ee46",
        "type": "message",
        "text": "I add a dataset called jrc-covid-19-regions-hxl in the cloud <https:\/\/1drv.ms\/x\/s!Ajrjw4x5ynyuib9NScnbPtwETt6bwg?e=zdDWhh>",
        "user": "U01S79YDELR",
        "ts": "1619609175.005700",
        "team": "T01RBRV5F7H",
        "user_team": "T01RBRV5F7H",
        "source_team": "T01RBRV5F7H",
        "user_profile": {
            "avatar_hash": "606def897de6",
            "image_72": "https:\/\/avatars.slack-edge.com\/2021-03-22\/1910932493456_606def897de66681d932_72.jpg",
            "first_name": "",
            "real_name": "Karina Condeixa",
            "display_name": "Karina Condeixa",
            "team": "T01RBRV5F7H",
            "name": "karina.condeixa",
            "is_restricted": false,
            "is_ultra_restricted": false
        },
        "blocks": [
            {
                "type": "rich_text",
                "block_id": "jmoH",
                "elements": [
                    {
                        "type": "rich_text_section",
                        "elements": [
                            {
                                "type": "text",
                                "text": "I add a dataset called jrc-covid-19-regions-hxl in the cloud "
                            },
                            {
                                "type": "link",
                                "url": "https:\/\/1drv.ms\/x\/s!Ajrjw4x5ynyuib9NScnbPtwETt6bwg?e=zdDWhh"
                            }
                        ]
                    }
                ]
            }
        ]
    },
    {
        "client_msg_id": "ff98abaa-f786-4de4-aaa0-3ee4ce02476a",
        "type": "message",
        "text": "<https:\/\/1drv.ms\/x\/s!Ajrjw4x5ynyuib9QkqStgmOTtTfxbg?e=Yk0hmE>",
        "user": "U01S79YDELR",
        "ts": "1619609639.006000",
        "team": "T01RBRV5F7H",
        "user_team": "T01RBRV5F7H",
        "source_team": "T01RBRV5F7H",
        "user_profile": {
            "avatar_hash": "606def897de6",
            "image_72": "https:\/\/avatars.slack-edge.com\/2021-03-22\/1910932493456_606def897de66681d932_72.jpg",
            "first_name": "",
            "real_name": "Karina Condeixa",
            "display_name": "Karina Condeixa",
            "team": "T01RBRV5F7H",
            "name": "karina.condeixa",
            "is_restricted": false,
            "is_ultra_restricted": false
        },
        "blocks": [
            {
                "type": "rich_text",
                "block_id": "rmA2",
                "elements": [
                    {
                        "type": "rich_text_section",
                        "elements": [
                            {
                                "type": "link",
                                "url": "https:\/\/1drv.ms\/x\/s!Ajrjw4x5ynyuib9QkqStgmOTtTfxbg?e=Yk0hmE"
                            }
                        ]
                    }
                ]
            }
        ]
    },
    {
        "client_msg_id": "08688202-76cb-4040-a4ca-0323e924b2c9",
        "type": "message",
        "text": "<https:\/\/public.tableau.com\/profile\/josephine.biedermann#!\/vizhome\/ProjectStoryTelling\/1-movementpercountryDeepdive?publish=yes>",
        "user": "U01RN7BVD1C",
        "ts": "1619610051.006300",
        "team": "T01RBRV5F7H",
        "user_team": "T01RBRV5F7H",
        "source_team": "T01RBRV5F7H",
        "user_profile": {
            "avatar_hash": "55e0c1b57456",
            "image_72": "https:\/\/avatars.slack-edge.com\/2021-03-20\/1882033802643_55e0c1b574562994417f_72.jpg",
            "first_name": "Josephine",
            "real_name": "Josephine Biedermann",
            "display_name": "Phine",
            "team": "T01RBRV5F7H",
            "name": "josephinebiedermann",
            "is_restricted": false,
            "is_ultra_restricted": false
        },
        "blocks": [
            {
                "type": "rich_text",
                "block_id": "obve\/",
                "elements": [
                    {
                        "type": "rich_text_section",
                        "elements": [
                            {
                                "type": "link",
                                "url": "https:\/\/public.tableau.com\/profile\/josephine.biedermann#!\/vizhome\/ProjectStoryTelling\/1-movementpercountryDeepdive?publish=yes"
                            }
                        ]
                    }
                ]
            }
        ]
    },
    {
        "type": "message",
        "subtype": "channel_join",
        "ts": "1619610338.006500",
        "user": "U01RV3K524T",
        "text": "<@U01RV3K524T> has joined the channel"
    },
    {
        "type": "message",
        "text": "",
        "files": [
            {
                "id": "F020ZJEQ7RN",
                "created": 1619610379,
                "timestamp": 1619610379,
                "name": "IMG_20210428_134554.jpg",
                "title": "IMG_20210428_134554.jpg",
                "mimetype": "image\/jpeg",
                "filetype": "jpg",
                "pretty_type": "JPEG",
                "user": "U01RV3K524T",
                "editable": false,
                "size": 696073,
                "mode": "hosted",
                "is_external": false,
                "external_type": "",
                "is_public": true,
                "public_url_shared": false,
                "display_as_bot": false,
                "username": "",
                "url_private": "https:\/\/files.slack.com\/files-pri\/T01RBRV5F7H-F020ZJEQ7RN\/img_20210428_134554.jpg?t=xoxe-1861879185255-2068564688150-2068564727718-519dfbdd8f50e154f7dac1ab76bfc0d2",
                "url_private_download": "https:\/\/files.slack.com\/files-pri\/T01RBRV5F7H-F020ZJEQ7RN\/download\/img_20210428_134554.jpg?t=xoxe-1861879185255-2068564688150-2068564727718-519dfbdd8f50e154f7dac1ab76bfc0d2",
                "thumb_64": "https:\/\/files.slack.com\/files-tmb\/T01RBRV5F7H-F020ZJEQ7RN-560c29b6b0\/img_20210428_134554_64.jpg?t=xoxe-1861879185255-2068564688150-2068564727718-519dfbdd8f50e154f7dac1ab76bfc0d2",
                "thumb_80": "https:\/\/files.slack.com\/files-tmb\/T01RBRV5F7H-F020ZJEQ7RN-560c29b6b0\/img_20210428_134554_80.jpg?t=xoxe-1861879185255-2068564688150-2068564727718-519dfbdd8f50e154f7dac1ab76bfc0d2",
                "thumb_360": "https:\/\/files.slack.com\/files-tmb\/T01RBRV5F7H-F020ZJEQ7RN-560c29b6b0\/img_20210428_134554_360.jpg?t=xoxe-1861879185255-2068564688150-2068564727718-519dfbdd8f50e154f7dac1ab76bfc0d2",
                "thumb_360_w": 270,
                "thumb_360_h": 360,
                "thumb_480": "https:\/\/files.slack.com\/files-tmb\/T01RBRV5F7H-F020ZJEQ7RN-560c29b6b0\/img_20210428_134554_480.jpg?t=xoxe-1861879185255-2068564688150-2068564727718-519dfbdd8f50e154f7dac1ab76bfc0d2",
                "thumb_480_w": 360,
                "thumb_480_h": 480,
                "thumb_160": "https:\/\/files.slack.com\/files-tmb\/T01RBRV5F7H-F020ZJEQ7RN-560c29b6b0\/img_20210428_134554_160.jpg?t=xoxe-1861879185255-2068564688150-2068564727718-519dfbdd8f50e154f7dac1ab76bfc0d2",
                "thumb_720": "https:\/\/files.slack.com\/files-tmb\/T01RBRV5F7H-F020ZJEQ7RN-560c29b6b0\/img_20210428_134554_720.jpg?t=xoxe-1861879185255-2068564688150-2068564727718-519dfbdd8f50e154f7dac1ab76bfc0d2",
                "thumb_720_w": 540,
                "thumb_720_h": 720,
                "thumb_800": "https:\/\/files.slack.com\/files-tmb\/T01RBRV5F7H-F020ZJEQ7RN-560c29b6b0\/img_20210428_134554_800.jpg?t=xoxe-1861879185255-2068564688150-2068564727718-519dfbdd8f50e154f7dac1ab76bfc0d2",
                "thumb_800_w": 800,
                "thumb_800_h": 1067,
                "thumb_960": "https:\/\/files.slack.com\/files-tmb\/T01RBRV5F7H-F020ZJEQ7RN-560c29b6b0\/img_20210428_134554_960.jpg?t=xoxe-1861879185255-2068564688150-2068564727718-519dfbdd8f50e154f7dac1ab76bfc0d2",
                "thumb_960_w": 720,
                "thumb_960_h": 960,
                "thumb_1024": "https:\/\/files.slack.com\/files-tmb\/T01RBRV5F7H-F020ZJEQ7RN-560c29b6b0\/img_20210428_134554_1024.jpg?t=xoxe-1861879185255-2068564688150-2068564727718-519dfbdd8f50e154f7dac1ab76bfc0d2",
                "thumb_1024_w": 768,
                "thumb_1024_h": 1024,
                "original_w": 3024,
                "original_h": 4032,
                "thumb_tiny": "AwAwACSpHBvBIPSni3PtVmzXMJPvUm3mgZUFsfUUGAgdauhaCmaQGYdwNJlqndMOfrSbaVyi5ZjFsPqacetNtuLZPpSk1RI8UUwGlzQBWm4kNMzU0qhnyRTPLHpWbKRNDxbp9KCaQMFjUEgcDqab5if3hWhA8GlzUW9P7wo8xf7woGOc803NG9D\/ABCjen94UgP\/2Q==",
                "permalink": "https:\/\/data-ft-ber-03-2021.slack.com\/files\/U01RV3K524T\/F020ZJEQ7RN\/img_20210428_134554.jpg",
                "permalink_public": "https:\/\/slack-files.com\/T01RBRV5F7H-F020ZJEQ7RN-4ade41da82",
                "is_starred": false,
                "has_rich_preview": false
            }
        ],
        "upload": false,
        "blocks": [
            {
                "type": "rich_text",
                "block_id": "AWYkX",
                "elements": [
                    {
                        "type": "rich_text_section",
                        "elements": []
                    }
                ]
            }
        ],
        "user": "U01RV3K524T",
        "display_as_bot": false,
        "ts": "1619610384.006600",
        "client_msg_id": "4115beed-ade7-4db6-bb9f-4f21b8f9fbcd"
    },
    {
        "type": "message",
        "text": "",
        "files": [
            {
                "id": "F01V91HV4QP",
                "created": 1619610400,
                "timestamp": 1619610400,
                "name": "IMG_20210428_134634.jpg",
                "title": "IMG_20210428_134634.jpg",
                "mimetype": "image\/jpeg",
                "filetype": "jpg",
                "pretty_type": "JPEG",
                "user": "U01RV3K524T",
                "editable": false,
                "size": 486957,
                "mode": "hosted",
                "is_external": false,
                "external_type": "",
                "is_public": true,
                "public_url_shared": false,
                "display_as_bot": false,
                "username": "",
                "url_private": "https:\/\/files.slack.com\/files-pri\/T01RBRV5F7H-F01V91HV4QP\/img_20210428_134634.jpg?t=xoxe-1861879185255-2068564688150-2068564727718-519dfbdd8f50e154f7dac1ab76bfc0d2",
                "url_private_download": "https:\/\/files.slack.com\/files-pri\/T01RBRV5F7H-F01V91HV4QP\/download\/img_20210428_134634.jpg?t=xoxe-1861879185255-2068564688150-2068564727718-519dfbdd8f50e154f7dac1ab76bfc0d2",
                "thumb_64": "https:\/\/files.slack.com\/files-tmb\/T01RBRV5F7H-F01V91HV4QP-f1e595940d\/img_20210428_134634_64.jpg?t=xoxe-1861879185255-2068564688150-2068564727718-519dfbdd8f50e154f7dac1ab76bfc0d2",
                "thumb_80": "https:\/\/files.slack.com\/files-tmb\/T01RBRV5F7H-F01V91HV4QP-f1e595940d\/img_20210428_134634_80.jpg?t=xoxe-1861879185255-2068564688150-2068564727718-519dfbdd8f50e154f7dac1ab76bfc0d2",
                "thumb_360": "https:\/\/files.slack.com\/files-tmb\/T01RBRV5F7H-F01V91HV4QP-f1e595940d\/img_20210428_134634_360.jpg?t=xoxe-1861879185255-2068564688150-2068564727718-519dfbdd8f50e154f7dac1ab76bfc0d2",
                "thumb_360_w": 270,
                "thumb_360_h": 360,
                "thumb_480": "https:\/\/files.slack.com\/files-tmb\/T01RBRV5F7H-F01V91HV4QP-f1e595940d\/img_20210428_134634_480.jpg?t=xoxe-1861879185255-2068564688150-2068564727718-519dfbdd8f50e154f7dac1ab76bfc0d2",
                "thumb_480_w": 360,
                "thumb_480_h": 480,
                "thumb_160": "https:\/\/files.slack.com\/files-tmb\/T01RBRV5F7H-F01V91HV4QP-f1e595940d\/img_20210428_134634_160.jpg?t=xoxe-1861879185255-2068564688150-2068564727718-519dfbdd8f50e154f7dac1ab76bfc0d2",
                "thumb_720": "https:\/\/files.slack.com\/files-tmb\/T01RBRV5F7H-F01V91HV4QP-f1e595940d\/img_20210428_134634_720.jpg?t=xoxe-1861879185255-2068564688150-2068564727718-519dfbdd8f50e154f7dac1ab76bfc0d2",
                "thumb_720_w": 540,
                "thumb_720_h": 720,
                "thumb_800": "https:\/\/files.slack.com\/files-tmb\/T01RBRV5F7H-F01V91HV4QP-f1e595940d\/img_20210428_134634_800.jpg?t=xoxe-1861879185255-2068564688150-2068564727718-519dfbdd8f50e154f7dac1ab76bfc0d2",
                "thumb_800_w": 800,
                "thumb_800_h": 1067,
                "thumb_960": "https:\/\/files.slack.com\/files-tmb\/T01RBRV5F7H-F01V91HV4QP-f1e595940d\/img_20210428_134634_960.jpg?t=xoxe-1861879185255-2068564688150-2068564727718-519dfbdd8f50e154f7dac1ab76bfc0d2",
                "thumb_960_w": 720,
                "thumb_960_h": 960,
                "thumb_1024": "https:\/\/files.slack.com\/files-tmb\/T01RBRV5F7H-F01V91HV4QP-f1e595940d\/img_20210428_134634_1024.jpg?t=xoxe-1861879185255-2068564688150-2068564727718-519dfbdd8f50e154f7dac1ab76bfc0d2",
                "thumb_1024_w": 768,
                "thumb_1024_h": 1024,
                "original_w": 3024,
                "original_h": 4032,
                "thumb_tiny": "AwAwACTOwaXafSrQhHrTxAPU0ajKew+lGw1d8ge9OFup7UtQ0KPlmjyzVpoQD0pPK9qNQ0LIXpTgooFO70xCFRSqBmg0q\/SgYFATSbBUlFICEGnZqMHinA0xDiaVTUZNKDQBLmim5ozSGf\/Z",
                "permalink": "https:\/\/data-ft-ber-03-2021.slack.com\/files\/U01RV3K524T\/F01V91HV4QP\/img_20210428_134634.jpg",
                "permalink_public": "https:\/\/slack-files.com\/T01RBRV5F7H-F01V91HV4QP-7f1ef241f0",
                "is_starred": false,
                "has_rich_preview": false
            }
        ],
        "upload": false,
        "blocks": [
            {
                "type": "rich_text",
                "block_id": "G\/NFL",
                "elements": [
                    {
                        "type": "rich_text_section",
                        "elements": []
                    }
                ]
            }
        ],
        "user": "U01RV3K524T",
        "display_as_bot": false,
        "ts": "1619610405.006900",
        "client_msg_id": "b6843e2d-b5f7-4b99-8f2f-6cf40775d828"
    },
    {
        "client_msg_id": "14c2221b-9dbf-4020-81e1-7bbee5be3a73",
        "type": "message",
        "text": "<https:\/\/public.tableau.com\/profile\/karina.condeixa#!\/vizhome\/storytelling_kc\/2-cumulativepositive?publish=yes>",
        "user": "U01S79YDELR",
        "ts": "1619612169.007300",
        "team": "T01RBRV5F7H",
        "user_team": "T01RBRV5F7H",
        "source_team": "T01RBRV5F7H",
        "user_profile": {
            "avatar_hash": "606def897de6",
            "image_72": "https:\/\/avatars.slack-edge.com\/2021-03-22\/1910932493456_606def897de66681d932_72.jpg",
            "first_name": "",
            "real_name": "Karina Condeixa",
            "display_name": "Karina Condeixa",
            "team": "T01RBRV5F7H",
            "name": "karina.condeixa",
            "is_restricted": false,
            "is_ultra_restricted": false
        },
        "blocks": [
            {
                "type": "rich_text",
                "block_id": "=STSS",
                "elements": [
                    {
                        "type": "rich_text_section",
                        "elements": [
                            {
                                "type": "link",
                                "url": "https:\/\/public.tableau.com\/profile\/karina.condeixa#!\/vizhome\/storytelling_kc\/2-cumulativepositive?publish=yes"
                            }
                        ]
                    }
                ]
            }
        ]
    },
    {
        "type": "message",
        "text": "",
        "files": [
            {
                "id": "F0203A6L7L6",
                "created": 1619615206,
                "timestamp": 1619615206,
                "name": "Covid US.PNG",
                "title": "Covid US.PNG",
                "mimetype": "image\/png",
                "filetype": "png",
                "pretty_type": "PNG",
                "user": "U01RVSTNRRT",
                "editable": false,
                "size": 141398,
                "mode": "hosted",
                "is_external": false,
                "external_type": "",
                "is_public": true,
                "public_url_shared": false,
                "display_as_bot": false,
                "username": "",
                "url_private": "https:\/\/files.slack.com\/files-pri\/T01RBRV5F7H-F0203A6L7L6\/covid_us.png?t=xoxe-1861879185255-2068564688150-2068564727718-519dfbdd8f50e154f7dac1ab76bfc0d2",
                "url_private_download": "https:\/\/files.slack.com\/files-pri\/T01RBRV5F7H-F0203A6L7L6\/download\/covid_us.png?t=xoxe-1861879185255-2068564688150-2068564727718-519dfbdd8f50e154f7dac1ab76bfc0d2",
                "thumb_64": "https:\/\/files.slack.com\/files-tmb\/T01RBRV5F7H-F0203A6L7L6-6d860a3691\/covid_us_64.png?t=xoxe-1861879185255-2068564688150-2068564727718-519dfbdd8f50e154f7dac1ab76bfc0d2",
                "thumb_80": "https:\/\/files.slack.com\/files-tmb\/T01RBRV5F7H-F0203A6L7L6-6d860a3691\/covid_us_80.png?t=xoxe-1861879185255-2068564688150-2068564727718-519dfbdd8f50e154f7dac1ab76bfc0d2",
                "thumb_360": "https:\/\/files.slack.com\/files-tmb\/T01RBRV5F7H-F0203A6L7L6-6d860a3691\/covid_us_360.png?t=xoxe-1861879185255-2068564688150-2068564727718-519dfbdd8f50e154f7dac1ab76bfc0d2",
                "thumb_360_w": 360,
                "thumb_360_h": 73,
                "thumb_480": "https:\/\/files.slack.com\/files-tmb\/T01RBRV5F7H-F0203A6L7L6-6d860a3691\/covid_us_480.png?t=xoxe-1861879185255-2068564688150-2068564727718-519dfbdd8f50e154f7dac1ab76bfc0d2",
                "thumb_480_w": 480,
                "thumb_480_h": 98,
                "thumb_160": "https:\/\/files.slack.com\/files-tmb\/T01RBRV5F7H-F0203A6L7L6-6d860a3691\/covid_us_160.png?t=xoxe-1861879185255-2068564688150-2068564727718-519dfbdd8f50e154f7dac1ab76bfc0d2",
                "thumb_720": "https:\/\/files.slack.com\/files-tmb\/T01RBRV5F7H-F0203A6L7L6-6d860a3691\/covid_us_720.png?t=xoxe-1861879185255-2068564688150-2068564727718-519dfbdd8f50e154f7dac1ab76bfc0d2",
                "thumb_720_w": 720,
                "thumb_720_h": 147,
                "thumb_800": "https:\/\/files.slack.com\/files-tmb\/T01RBRV5F7H-F0203A6L7L6-6d860a3691\/covid_us_800.png?t=xoxe-1861879185255-2068564688150-2068564727718-519dfbdd8f50e154f7dac1ab76bfc0d2",
                "thumb_800_w": 800,
                "thumb_800_h": 163,
                "thumb_960": "https:\/\/files.slack.com\/files-tmb\/T01RBRV5F7H-F0203A6L7L6-6d860a3691\/covid_us_960.png?t=xoxe-1861879185255-2068564688150-2068564727718-519dfbdd8f50e154f7dac1ab76bfc0d2",
                "thumb_960_w": 960,
                "thumb_960_h": 196,
                "thumb_1024": "https:\/\/files.slack.com\/files-tmb\/T01RBRV5F7H-F0203A6L7L6-6d860a3691\/covid_us_1024.png?t=xoxe-1861879185255-2068564688150-2068564727718-519dfbdd8f50e154f7dac1ab76bfc0d2",
                "thumb_1024_w": 1024,
                "thumb_1024_h": 209,
                "original_w": 1827,
                "original_h": 373,
                "thumb_tiny": "AwAJADDR4paj7mloAeM96TmhKan3zQA75qXB9aWigD\/\/2Q==",
                "permalink": "https:\/\/data-ft-ber-03-2021.slack.com\/files\/U01RVSTNRRT\/F0203A6L7L6\/covid_us.png",
                "permalink_public": "https:\/\/slack-files.com\/T01RBRV5F7H-F0203A6L7L6-0be9aa93af",
                "is_starred": false,
                "has_rich_preview": false
            }
        ],
        "upload": false,
        "user": "U01RVSTNRRT",
        "display_as_bot": false,
        "ts": "1619615212.007400"
    },
    {
        "type": "message",
        "text": "",
        "files": [
            {
                "id": "F02073MUQSH",
                "created": 1619616283,
                "timestamp": 1619616283,
                "name": "jrc-covid-19-regions-hxl.csv",
                "title": "jrc-covid-19-regions-hxl.csv",
                "mimetype": "text\/csv",
                "filetype": "csv",
                "pretty_type": "CSV",
                "user": "U01S79YDELR",
                "editable": false,
                "size": 15141883,
                "mode": "hosted",
                "is_external": false,
                "external_type": "",
                "is_public": true,
                "public_url_shared": false,
                "display_as_bot": false,
                "username": "",
                "url_private": "https:\/\/files.slack.com\/files-pri\/T01RBRV5F7H-F02073MUQSH\/jrc-covid-19-regions-hxl.csv?t=xoxe-1861879185255-2068564688150-2068564727718-519dfbdd8f50e154f7dac1ab76bfc0d2",
                "url_private_download": "https:\/\/files.slack.com\/files-pri\/T01RBRV5F7H-F02073MUQSH\/download\/jrc-covid-19-regions-hxl.csv?t=xoxe-1861879185255-2068564688150-2068564727718-519dfbdd8f50e154f7dac1ab76bfc0d2",
                "permalink": "https:\/\/data-ft-ber-03-2021.slack.com\/files\/U01S79YDELR\/F02073MUQSH\/jrc-covid-19-regions-hxl.csv",
                "permalink_public": "https:\/\/slack-files.com\/T01RBRV5F7H-F02073MUQSH-ebc4d7bc56",
                "is_starred": false,
                "has_rich_preview": false
            }
        ],
        "upload": false,
        "user": "U01S79YDELR",
        "display_as_bot": false,
        "ts": "1619616423.007700"
    },
    {
        "client_msg_id": "b2a8cf52-65f6-4863-8064-79daae0f8fd3",
        "type": "message",
        "text": "<https:\/\/public.tableau.com\/profile\/josephine.biedermann#!\/vizhome\/ProjectStoryTelling\/Story1?publish=yes>",
        "user": "U01RN7BVD1C",
        "ts": "1619617987.008100",
        "team": "T01RBRV5F7H",
        "user_team": "T01RBRV5F7H",
        "source_team": "T01RBRV5F7H",
        "user_profile": {
            "avatar_hash": "55e0c1b57456",
            "image_72": "https:\/\/avatars.slack-edge.com\/2021-03-20\/1882033802643_55e0c1b574562994417f_72.jpg",
            "first_name": "Josephine",
            "real_name": "Josephine Biedermann",
            "display_name": "Phine",
            "team": "T01RBRV5F7H",
            "name": "josephinebiedermann",
            "is_restricted": false,
            "is_ultra_restricted": false
        },
        "blocks": [
            {
                "type": "rich_text",
                "block_id": "xHlf",
                "elements": [
                    {
                        "type": "rich_text_section",
                        "elements": [
                            {
                                "type": "link",
                                "url": "https:\/\/public.tableau.com\/profile\/josephine.biedermann#!\/vizhome\/ProjectStoryTelling\/Story1?publish=yes"
                            }
                        ]
                    }
                ]
            }
        ]
    }
]