[
    {
        "type": "message",
        "text": "Demo today",
        "files": [
            {
                "id": "F021BNLPVR6",
                "created": 1619886786,
                "timestamp": 1619886786,
                "name": "P2300748.JPG",
                "title": "P2300748.JPG",
                "mimetype": "image\/jpeg",
                "filetype": "jpg",
                "pretty_type": "JPEG",
                "user": "U01RRV4JX6Z",
                "editable": false,
                "size": 7783054,
                "mode": "hosted",
                "is_external": false,
                "external_type": "",
                "is_public": true,
                "public_url_shared": false,
                "display_as_bot": false,
                "username": "",
                "url_private": "https:\/\/files.slack.com\/files-pri\/T01RBRV5F7H-F021BNLPVR6\/p2300748.jpg?t=xoxe-1861879185255-2068564688150-2068564727718-519dfbdd8f50e154f7dac1ab76bfc0d2",
                "url_private_download": "https:\/\/files.slack.com\/files-pri\/T01RBRV5F7H-F021BNLPVR6\/download\/p2300748.jpg?t=xoxe-1861879185255-2068564688150-2068564727718-519dfbdd8f50e154f7dac1ab76bfc0d2",
                "thumb_64": "https:\/\/files.slack.com\/files-tmb\/T01RBRV5F7H-F021BNLPVR6-56714c60f0\/p2300748_64.jpg?t=xoxe-1861879185255-2068564688150-2068564727718-519dfbdd8f50e154f7dac1ab76bfc0d2",
                "thumb_80": "https:\/\/files.slack.com\/files-tmb\/T01RBRV5F7H-F021BNLPVR6-56714c60f0\/p2300748_80.jpg?t=xoxe-1861879185255-2068564688150-2068564727718-519dfbdd8f50e154f7dac1ab76bfc0d2",
                "thumb_360": "https:\/\/files.slack.com\/files-tmb\/T01RBRV5F7H-F021BNLPVR6-56714c60f0\/p2300748_360.jpg?t=xoxe-1861879185255-2068564688150-2068564727718-519dfbdd8f50e154f7dac1ab76bfc0d2",
                "thumb_360_w": 360,
                "thumb_360_h": 270,
                "thumb_480": "https:\/\/files.slack.com\/files-tmb\/T01RBRV5F7H-F021BNLPVR6-56714c60f0\/p2300748_480.jpg?t=xoxe-1861879185255-2068564688150-2068564727718-519dfbdd8f50e154f7dac1ab76bfc0d2",
                "thumb_480_w": 480,
                "thumb_480_h": 360,
                "thumb_160": "https:\/\/files.slack.com\/files-tmb\/T01RBRV5F7H-F021BNLPVR6-56714c60f0\/p2300748_160.jpg?t=xoxe-1861879185255-2068564688150-2068564727718-519dfbdd8f50e154f7dac1ab76bfc0d2",
                "thumb_720": "https:\/\/files.slack.com\/files-tmb\/T01RBRV5F7H-F021BNLPVR6-56714c60f0\/p2300748_720.jpg?t=xoxe-1861879185255-2068564688150-2068564727718-519dfbdd8f50e154f7dac1ab76bfc0d2",
                "thumb_720_w": 720,
                "thumb_720_h": 540,
                "thumb_800": "https:\/\/files.slack.com\/files-tmb\/T01RBRV5F7H-F021BNLPVR6-56714c60f0\/p2300748_800.jpg?t=xoxe-1861879185255-2068564688150-2068564727718-519dfbdd8f50e154f7dac1ab76bfc0d2",
                "thumb_800_w": 800,
                "thumb_800_h": 600,
                "thumb_960": "https:\/\/files.slack.com\/files-tmb\/T01RBRV5F7H-F021BNLPVR6-56714c60f0\/p2300748_960.jpg?t=xoxe-1861879185255-2068564688150-2068564727718-519dfbdd8f50e154f7dac1ab76bfc0d2",
                "thumb_960_w": 960,
                "thumb_960_h": 720,
                "thumb_1024": "https:\/\/files.slack.com\/files-tmb\/T01RBRV5F7H-F021BNLPVR6-56714c60f0\/p2300748_1024.jpg?t=xoxe-1861879185255-2068564688150-2068564727718-519dfbdd8f50e154f7dac1ab76bfc0d2",
                "thumb_1024_w": 1024,
                "thumb_1024_h": 768,
                "original_w": 4608,
                "original_h": 3456,
                "thumb_tiny": "AwAkADBsLYOafLM7ElcjA6Cq8gZcYbgjJFPL4RCR83ekMVXZmIbr6g1IDnrUG47CF498U6NCQ2WPHSgCQ9fpUcvUgEceh60iHeDgg84pOehIA\/lTESMobrTGB2jgcDAqXio5wPLzjn1oAbBkqQfoalkRWiIU4PvTYhjd6Z4qQ0AVUQx81IcSDLDknPFOYDHTNNQ7MgngrQBJTX5GKdTWoAWM\/LT6jj6U+gANMIp5phoA\/9k=",
                "permalink": "https:\/\/data-ft-ber-03-2021.slack.com\/files\/U01RRV4JX6Z\/F021BNLPVR6\/p2300748.jpg",
                "permalink_public": "https:\/\/slack-files.com\/T01RBRV5F7H-F021BNLPVR6-8f4c777c77",
                "is_starred": false,
                "has_rich_preview": false
            },
            {
                "id": "F020F5M2KP0",
                "created": 1619886800,
                "timestamp": 1619886800,
                "name": "P2300765.JPG",
                "title": "P2300765.JPG",
                "mimetype": "image\/jpeg",
                "filetype": "jpg",
                "pretty_type": "JPEG",
                "user": "U01RRV4JX6Z",
                "editable": false,
                "size": 7919623,
                "mode": "hosted",
                "is_external": false,
                "external_type": "",
                "is_public": true,
                "public_url_shared": false,
                "display_as_bot": false,
                "username": "",
                "url_private": "https:\/\/files.slack.com\/files-pri\/T01RBRV5F7H-F020F5M2KP0\/p2300765.jpg?t=xoxe-1861879185255-2068564688150-2068564727718-519dfbdd8f50e154f7dac1ab76bfc0d2",
                "url_private_download": "https:\/\/files.slack.com\/files-pri\/T01RBRV5F7H-F020F5M2KP0\/download\/p2300765.jpg?t=xoxe-1861879185255-2068564688150-2068564727718-519dfbdd8f50e154f7dac1ab76bfc0d2",
                "thumb_64": "https:\/\/files.slack.com\/files-tmb\/T01RBRV5F7H-F020F5M2KP0-01e9c2c6c0\/p2300765_64.jpg?t=xoxe-1861879185255-2068564688150-2068564727718-519dfbdd8f50e154f7dac1ab76bfc0d2",
                "thumb_80": "https:\/\/files.slack.com\/files-tmb\/T01RBRV5F7H-F020F5M2KP0-01e9c2c6c0\/p2300765_80.jpg?t=xoxe-1861879185255-2068564688150-2068564727718-519dfbdd8f50e154f7dac1ab76bfc0d2",
                "thumb_360": "https:\/\/files.slack.com\/files-tmb\/T01RBRV5F7H-F020F5M2KP0-01e9c2c6c0\/p2300765_360.jpg?t=xoxe-1861879185255-2068564688150-2068564727718-519dfbdd8f50e154f7dac1ab76bfc0d2",
                "thumb_360_w": 360,
                "thumb_360_h": 270,
                "thumb_480": "https:\/\/files.slack.com\/files-tmb\/T01RBRV5F7H-F020F5M2KP0-01e9c2c6c0\/p2300765_480.jpg?t=xoxe-1861879185255-2068564688150-2068564727718-519dfbdd8f50e154f7dac1ab76bfc0d2",
                "thumb_480_w": 480,
                "thumb_480_h": 360,
                "thumb_160": "https:\/\/files.slack.com\/files-tmb\/T01RBRV5F7H-F020F5M2KP0-01e9c2c6c0\/p2300765_160.jpg?t=xoxe-1861879185255-2068564688150-2068564727718-519dfbdd8f50e154f7dac1ab76bfc0d2",
                "thumb_720": "https:\/\/files.slack.com\/files-tmb\/T01RBRV5F7H-F020F5M2KP0-01e9c2c6c0\/p2300765_720.jpg?t=xoxe-1861879185255-2068564688150-2068564727718-519dfbdd8f50e154f7dac1ab76bfc0d2",
                "thumb_720_w": 720,
                "thumb_720_h": 540,
                "thumb_800": "https:\/\/files.slack.com\/files-tmb\/T01RBRV5F7H-F020F5M2KP0-01e9c2c6c0\/p2300765_800.jpg?t=xoxe-1861879185255-2068564688150-2068564727718-519dfbdd8f50e154f7dac1ab76bfc0d2",
                "thumb_800_w": 800,
                "thumb_800_h": 600,
                "thumb_960": "https:\/\/files.slack.com\/files-tmb\/T01RBRV5F7H-F020F5M2KP0-01e9c2c6c0\/p2300765_960.jpg?t=xoxe-1861879185255-2068564688150-2068564727718-519dfbdd8f50e154f7dac1ab76bfc0d2",
                "thumb_960_w": 960,
                "thumb_960_h": 720,
                "thumb_1024": "https:\/\/files.slack.com\/files-tmb\/T01RBRV5F7H-F020F5M2KP0-01e9c2c6c0\/p2300765_1024.jpg?t=xoxe-1861879185255-2068564688150-2068564727718-519dfbdd8f50e154f7dac1ab76bfc0d2",
                "thumb_1024_w": 1024,
                "thumb_1024_h": 768,
                "original_w": 4608,
                "original_h": 3456,
                "thumb_tiny": "AwAkADCLIyMc45qeGQMWycDOTmqoB5GefWnlSFHPPGeKALrXq9EHPqagkkaTGTmogvzDnimK298EnFAClhuoRwuT3pTGN3U4pNgFAEgHJ96SQhTk9KUGmTjIIoAR2PlkpzTIiNxyOw5oQbVIFKOAfU0ATZU+1IfY02j6UAOFD9qBQ\/agBmKKKKAFpKWkNAH\/2Q==",
                "permalink": "https:\/\/data-ft-ber-03-2021.slack.com\/files\/U01RRV4JX6Z\/F020F5M2KP0\/p2300765.jpg",
                "permalink_public": "https:\/\/slack-files.com\/T01RBRV5F7H-F020F5M2KP0-135fd82e7e",
                "is_starred": false,
                "has_rich_preview": false
            }
        ],
        "upload": false,
        "blocks": [
            {
                "type": "rich_text",
                "block_id": "RKuwS",
                "elements": [
                    {
                        "type": "rich_text_section",
                        "elements": [
                            {
                                "type": "text",
                                "text": "Demo today"
                            }
                        ]
                    }
                ]
            }
        ],
        "user": "U01RRV4JX6Z",
        "ts": "1619886816.006900",
        "thread_ts": "1619886816.006900",
        "reply_count": 4,
        "reply_users_count": 2,
        "latest_reply": "1619983300.007600",
        "reply_users": [
            "U01RRV4JX6Z",
            "U01SJKB2MG8"
        ],
        "replies": [
            {
                "user": "U01RRV4JX6Z",
                "ts": "1619887013.007000"
            },
            {
                "user": "U01RRV4JX6Z",
                "ts": "1619887174.007200"
            },
            {
                "user": "U01SJKB2MG8",
                "ts": "1619952305.007400"
            },
            {
                "user": "U01RRV4JX6Z",
                "ts": "1619983300.007600"
            }
        ],
        "is_locked": false,
        "subscribed": false
    },
    {
        "type": "message",
        "text": "",
        "files": [
            {
                "id": "F020N5AS36F",
                "created": 1619886982,
                "timestamp": 1619886982,
                "name": "P2300825.JPG",
                "title": "P2300825.JPG",
                "mimetype": "image\/jpeg",
                "filetype": "jpg",
                "pretty_type": "JPEG",
                "user": "U01RRV4JX6Z",
                "editable": false,
                "size": 8075622,
                "mode": "hosted",
                "is_external": false,
                "external_type": "",
                "is_public": true,
                "public_url_shared": false,
                "display_as_bot": false,
                "username": "",
                "url_private": "https:\/\/files.slack.com\/files-pri\/T01RBRV5F7H-F020N5AS36F\/p2300825.jpg?t=xoxe-1861879185255-2068564688150-2068564727718-519dfbdd8f50e154f7dac1ab76bfc0d2",
                "url_private_download": "https:\/\/files.slack.com\/files-pri\/T01RBRV5F7H-F020N5AS36F\/download\/p2300825.jpg?t=xoxe-1861879185255-2068564688150-2068564727718-519dfbdd8f50e154f7dac1ab76bfc0d2",
                "thumb_64": "https:\/\/files.slack.com\/files-tmb\/T01RBRV5F7H-F020N5AS36F-0ecfe36a25\/p2300825_64.jpg?t=xoxe-1861879185255-2068564688150-2068564727718-519dfbdd8f50e154f7dac1ab76bfc0d2",
                "thumb_80": "https:\/\/files.slack.com\/files-tmb\/T01RBRV5F7H-F020N5AS36F-0ecfe36a25\/p2300825_80.jpg?t=xoxe-1861879185255-2068564688150-2068564727718-519dfbdd8f50e154f7dac1ab76bfc0d2",
                "thumb_360": "https:\/\/files.slack.com\/files-tmb\/T01RBRV5F7H-F020N5AS36F-0ecfe36a25\/p2300825_360.jpg?t=xoxe-1861879185255-2068564688150-2068564727718-519dfbdd8f50e154f7dac1ab76bfc0d2",
                "thumb_360_w": 360,
                "thumb_360_h": 270,
                "thumb_480": "https:\/\/files.slack.com\/files-tmb\/T01RBRV5F7H-F020N5AS36F-0ecfe36a25\/p2300825_480.jpg?t=xoxe-1861879185255-2068564688150-2068564727718-519dfbdd8f50e154f7dac1ab76bfc0d2",
                "thumb_480_w": 480,
                "thumb_480_h": 360,
                "thumb_160": "https:\/\/files.slack.com\/files-tmb\/T01RBRV5F7H-F020N5AS36F-0ecfe36a25\/p2300825_160.jpg?t=xoxe-1861879185255-2068564688150-2068564727718-519dfbdd8f50e154f7dac1ab76bfc0d2",
                "thumb_720": "https:\/\/files.slack.com\/files-tmb\/T01RBRV5F7H-F020N5AS36F-0ecfe36a25\/p2300825_720.jpg?t=xoxe-1861879185255-2068564688150-2068564727718-519dfbdd8f50e154f7dac1ab76bfc0d2",
                "thumb_720_w": 720,
                "thumb_720_h": 540,
                "thumb_800": "https:\/\/files.slack.com\/files-tmb\/T01RBRV5F7H-F020N5AS36F-0ecfe36a25\/p2300825_800.jpg?t=xoxe-1861879185255-2068564688150-2068564727718-519dfbdd8f50e154f7dac1ab76bfc0d2",
                "thumb_800_w": 800,
                "thumb_800_h": 600,
                "thumb_960": "https:\/\/files.slack.com\/files-tmb\/T01RBRV5F7H-F020N5AS36F-0ecfe36a25\/p2300825_960.jpg?t=xoxe-1861879185255-2068564688150-2068564727718-519dfbdd8f50e154f7dac1ab76bfc0d2",
                "thumb_960_w": 960,
                "thumb_960_h": 720,
                "thumb_1024": "https:\/\/files.slack.com\/files-tmb\/T01RBRV5F7H-F020N5AS36F-0ecfe36a25\/p2300825_1024.jpg?t=xoxe-1861879185255-2068564688150-2068564727718-519dfbdd8f50e154f7dac1ab76bfc0d2",
                "thumb_1024_w": 1024,
                "thumb_1024_h": 768,
                "original_w": 4608,
                "original_h": 3456,
                "thumb_tiny": "AwAkADBqk9Sfwq1bY35zziqignaByT0qQO0WR0JpDLE0wBIFVWclgTScsaaxUDO4EetADs5OaGHygn0pocHnIoBJXPY8CgBdpR96HkChzvYyMD90VIQfemsj4wO3rTAZCilOetMKfu2579KmRGBycZIp2CwOMfSgRVjRgm5envU3lkRKy5K\/1oVNq7aULjuT9aBkuB8nvS9Wf6Un9ylH33+lAhF\/1fXoaH4we5oX\/V\/jQ\/3VoAPvJuPWmHpUg\/1RqM9KAP\/Z",
                "permalink": "https:\/\/data-ft-ber-03-2021.slack.com\/files\/U01RRV4JX6Z\/F020N5AS36F\/p2300825.jpg",
                "permalink_public": "https:\/\/slack-files.com\/T01RBRV5F7H-F020N5AS36F-42d7dc67de",
                "is_starred": false,
                "has_rich_preview": false
            },
            {
                "id": "F02075SN339",
                "created": 1619886998,
                "timestamp": 1619886998,
                "name": "P2300826.JPG",
                "title": "P2300826.JPG",
                "mimetype": "image\/jpeg",
                "filetype": "jpg",
                "pretty_type": "JPEG",
                "user": "U01RRV4JX6Z",
                "editable": false,
                "size": 8583824,
                "mode": "hosted",
                "is_external": false,
                "external_type": "",
                "is_public": true,
                "public_url_shared": false,
                "display_as_bot": false,
                "username": "",
                "url_private": "https:\/\/files.slack.com\/files-pri\/T01RBRV5F7H-F02075SN339\/p2300826.jpg?t=xoxe-1861879185255-2068564688150-2068564727718-519dfbdd8f50e154f7dac1ab76bfc0d2",
                "url_private_download": "https:\/\/files.slack.com\/files-pri\/T01RBRV5F7H-F02075SN339\/download\/p2300826.jpg?t=xoxe-1861879185255-2068564688150-2068564727718-519dfbdd8f50e154f7dac1ab76bfc0d2",
                "thumb_64": "https:\/\/files.slack.com\/files-tmb\/T01RBRV5F7H-F02075SN339-f8be25372a\/p2300826_64.jpg?t=xoxe-1861879185255-2068564688150-2068564727718-519dfbdd8f50e154f7dac1ab76bfc0d2",
                "thumb_80": "https:\/\/files.slack.com\/files-tmb\/T01RBRV5F7H-F02075SN339-f8be25372a\/p2300826_80.jpg?t=xoxe-1861879185255-2068564688150-2068564727718-519dfbdd8f50e154f7dac1ab76bfc0d2",
                "thumb_360": "https:\/\/files.slack.com\/files-tmb\/T01RBRV5F7H-F02075SN339-f8be25372a\/p2300826_360.jpg?t=xoxe-1861879185255-2068564688150-2068564727718-519dfbdd8f50e154f7dac1ab76bfc0d2",
                "thumb_360_w": 360,
                "thumb_360_h": 270,
                "thumb_480": "https:\/\/files.slack.com\/files-tmb\/T01RBRV5F7H-F02075SN339-f8be25372a\/p2300826_480.jpg?t=xoxe-1861879185255-2068564688150-2068564727718-519dfbdd8f50e154f7dac1ab76bfc0d2",
                "thumb_480_w": 480,
                "thumb_480_h": 360,
                "thumb_160": "https:\/\/files.slack.com\/files-tmb\/T01RBRV5F7H-F02075SN339-f8be25372a\/p2300826_160.jpg?t=xoxe-1861879185255-2068564688150-2068564727718-519dfbdd8f50e154f7dac1ab76bfc0d2",
                "thumb_720": "https:\/\/files.slack.com\/files-tmb\/T01RBRV5F7H-F02075SN339-f8be25372a\/p2300826_720.jpg?t=xoxe-1861879185255-2068564688150-2068564727718-519dfbdd8f50e154f7dac1ab76bfc0d2",
                "thumb_720_w": 720,
                "thumb_720_h": 540,
                "thumb_800": "https:\/\/files.slack.com\/files-tmb\/T01RBRV5F7H-F02075SN339-f8be25372a\/p2300826_800.jpg?t=xoxe-1861879185255-2068564688150-2068564727718-519dfbdd8f50e154f7dac1ab76bfc0d2",
                "thumb_800_w": 800,
                "thumb_800_h": 600,
                "thumb_960": "https:\/\/files.slack.com\/files-tmb\/T01RBRV5F7H-F02075SN339-f8be25372a\/p2300826_960.jpg?t=xoxe-1861879185255-2068564688150-2068564727718-519dfbdd8f50e154f7dac1ab76bfc0d2",
                "thumb_960_w": 960,
                "thumb_960_h": 720,
                "thumb_1024": "https:\/\/files.slack.com\/files-tmb\/T01RBRV5F7H-F02075SN339-f8be25372a\/p2300826_1024.jpg?t=xoxe-1861879185255-2068564688150-2068564727718-519dfbdd8f50e154f7dac1ab76bfc0d2",
                "thumb_1024_w": 1024,
                "thumb_1024_h": 768,
                "original_w": 4608,
                "original_h": 3456,
                "thumb_tiny": "AwAkADAkkJ5JyT2pTE2SdhOBkH2qBPuNu6LVz7QDENv38fhSGQYxzTlb2zg+uKZNnBKAAEcj0qFiSMEbe\/JpgTqcjJGMA03OEGWGQc1CCWBXdwenvTScKVXIH86LCLJj34znHX61CQyvu7ZxU0DDywCwOBSEAtkjGOhHf60DTJV5HK49qiuMAKSM09ZMEnBqK4ZXUY6igRG0gVsIi4HIqTAxg\/eb5jxTYRlfm249+tPKjKnA4PPvQAIckfSn1GnUf7tSUAFRuoxUtMfpQBW2+5qRRg5703vTxQB\/\/9k=",
                "permalink": "https:\/\/data-ft-ber-03-2021.slack.com\/files\/U01RRV4JX6Z\/F02075SN339\/p2300826.jpg",
                "permalink_public": "https:\/\/slack-files.com\/T01RBRV5F7H-F02075SN339-c73ce16ff4",
                "is_starred": false,
                "has_rich_preview": false
            }
        ],
        "upload": false,
        "user": "U01RRV4JX6Z",
        "ts": "1619887013.007000",
        "thread_ts": "1619886816.006900",
        "parent_user_id": "U01RRV4JX6Z"
    },
    {
        "type": "message",
        "text": "",
        "files": [
            {
                "id": "F02075ULN3H",
                "created": 1619887158,
                "timestamp": 1619887158,
                "name": "P2300919.JPG",
                "title": "P2300919.JPG",
                "mimetype": "image\/jpeg",
                "filetype": "jpg",
                "pretty_type": "JPEG",
                "user": "U01RRV4JX6Z",
                "editable": false,
                "size": 7759534,
                "mode": "hosted",
                "is_external": false,
                "external_type": "",
                "is_public": true,
                "public_url_shared": false,
                "display_as_bot": false,
                "username": "",
                "url_private": "https:\/\/files.slack.com\/files-pri\/T01RBRV5F7H-F02075ULN3H\/p2300919.jpg?t=xoxe-1861879185255-2068564688150-2068564727718-519dfbdd8f50e154f7dac1ab76bfc0d2",
                "url_private_download": "https:\/\/files.slack.com\/files-pri\/T01RBRV5F7H-F02075ULN3H\/download\/p2300919.jpg?t=xoxe-1861879185255-2068564688150-2068564727718-519dfbdd8f50e154f7dac1ab76bfc0d2",
                "thumb_64": "https:\/\/files.slack.com\/files-tmb\/T01RBRV5F7H-F02075ULN3H-92a2617812\/p2300919_64.jpg?t=xoxe-1861879185255-2068564688150-2068564727718-519dfbdd8f50e154f7dac1ab76bfc0d2",
                "thumb_80": "https:\/\/files.slack.com\/files-tmb\/T01RBRV5F7H-F02075ULN3H-92a2617812\/p2300919_80.jpg?t=xoxe-1861879185255-2068564688150-2068564727718-519dfbdd8f50e154f7dac1ab76bfc0d2",
                "thumb_360": "https:\/\/files.slack.com\/files-tmb\/T01RBRV5F7H-F02075ULN3H-92a2617812\/p2300919_360.jpg?t=xoxe-1861879185255-2068564688150-2068564727718-519dfbdd8f50e154f7dac1ab76bfc0d2",
                "thumb_360_w": 360,
                "thumb_360_h": 270,
                "thumb_480": "https:\/\/files.slack.com\/files-tmb\/T01RBRV5F7H-F02075ULN3H-92a2617812\/p2300919_480.jpg?t=xoxe-1861879185255-2068564688150-2068564727718-519dfbdd8f50e154f7dac1ab76bfc0d2",
                "thumb_480_w": 480,
                "thumb_480_h": 360,
                "thumb_160": "https:\/\/files.slack.com\/files-tmb\/T01RBRV5F7H-F02075ULN3H-92a2617812\/p2300919_160.jpg?t=xoxe-1861879185255-2068564688150-2068564727718-519dfbdd8f50e154f7dac1ab76bfc0d2",
                "thumb_720": "https:\/\/files.slack.com\/files-tmb\/T01RBRV5F7H-F02075ULN3H-92a2617812\/p2300919_720.jpg?t=xoxe-1861879185255-2068564688150-2068564727718-519dfbdd8f50e154f7dac1ab76bfc0d2",
                "thumb_720_w": 720,
                "thumb_720_h": 540,
                "thumb_800": "https:\/\/files.slack.com\/files-tmb\/T01RBRV5F7H-F02075ULN3H-92a2617812\/p2300919_800.jpg?t=xoxe-1861879185255-2068564688150-2068564727718-519dfbdd8f50e154f7dac1ab76bfc0d2",
                "thumb_800_w": 800,
                "thumb_800_h": 600,
                "thumb_960": "https:\/\/files.slack.com\/files-tmb\/T01RBRV5F7H-F02075ULN3H-92a2617812\/p2300919_960.jpg?t=xoxe-1861879185255-2068564688150-2068564727718-519dfbdd8f50e154f7dac1ab76bfc0d2",
                "thumb_960_w": 960,
                "thumb_960_h": 720,
                "thumb_1024": "https:\/\/files.slack.com\/files-tmb\/T01RBRV5F7H-F02075ULN3H-92a2617812\/p2300919_1024.jpg?t=xoxe-1861879185255-2068564688150-2068564727718-519dfbdd8f50e154f7dac1ab76bfc0d2",
                "thumb_1024_w": 1024,
                "thumb_1024_h": 768,
                "original_w": 4608,
                "original_h": 3456,
                "thumb_tiny": "AwAkADCIHCj+VOQnj3qM5GfrUkeOC2ce1IZdXEcZJ61BLNn7tNklLqFHSogMmmA4uWI9ulBORnrQi5bBPH0oxgA8EZ\/OgBvlsVHIPel2N3OM9h2qQAdjRQIgCspBLHrUkbLInApxpEUIMCgBm44cbcn1NM+cpjPb0qcAZNHTtTAF6E0UL900lABRRRQAUhJFLTW6UAf\/2Q==",
                "permalink": "https:\/\/data-ft-ber-03-2021.slack.com\/files\/U01RRV4JX6Z\/F02075ULN3H\/p2300919.jpg",
                "permalink_public": "https:\/\/slack-files.com\/T01RBRV5F7H-F02075ULN3H-ff82e58ede",
                "is_starred": false,
                "has_rich_preview": false
            }
        ],
        "upload": false,
        "user": "U01RRV4JX6Z",
        "display_as_bot": false,
        "ts": "1619887174.007200",
        "thread_ts": "1619886816.006900",
        "parent_user_id": "U01RRV4JX6Z"
    }
]