[
    {
        "client_msg_id": "1b3c3b02-8774-4985-b3e0-05b224fc7f7a",
        "type": "message",
        "text": "is it a beaver?",
        "user": "U01RW2X7S9Z",
        "ts": "1619421213.008600",
        "team": "T01RBRV5F7H",
        "user_team": "T01RBRV5F7H",
        "source_team": "T01RBRV5F7H",
        "user_profile": {
            "avatar_hash": "7e12d75d168a",
            "image_72": "https:\/\/avatars.slack-edge.com\/2021-03-19\/1880105796643_7e12d75d168ae25c167d_72.jpg",
            "first_name": "Alexandre",
            "real_name": "Alexandre Sommerkamp",
            "display_name": "Alexandre Sommerkamp",
            "team": "T01RBRV5F7H",
            "name": "alex.c.skp",
            "is_restricted": false,
            "is_ultra_restricted": false
        },
        "blocks": [
            {
                "type": "rich_text",
                "block_id": "2mqa",
                "elements": [
                    {
                        "type": "rich_text_section",
                        "elements": [
                            {
                                "type": "text",
                                "text": "is it a beaver?"
                            }
                        ]
                    }
                ]
            }
        ],
        "thread_ts": "1619294273.004900",
        "parent_user_id": "U01SJKB2MG8"
    },
    {
        "client_msg_id": "f476fa32-6895-4cf3-a1d3-29f8adb7a7a7",
        "type": "message",
        "text": "i thought they weren't native here",
        "user": "U01RW2X7S9Z",
        "ts": "1619421232.008800",
        "team": "T01RBRV5F7H",
        "user_team": "T01RBRV5F7H",
        "source_team": "T01RBRV5F7H",
        "user_profile": {
            "avatar_hash": "7e12d75d168a",
            "image_72": "https:\/\/avatars.slack-edge.com\/2021-03-19\/1880105796643_7e12d75d168ae25c167d_72.jpg",
            "first_name": "Alexandre",
            "real_name": "Alexandre Sommerkamp",
            "display_name": "Alexandre Sommerkamp",
            "team": "T01RBRV5F7H",
            "name": "alex.c.skp",
            "is_restricted": false,
            "is_ultra_restricted": false
        },
        "blocks": [
            {
                "type": "rich_text",
                "block_id": "z\/X",
                "elements": [
                    {
                        "type": "rich_text_section",
                        "elements": [
                            {
                                "type": "text",
                                "text": "i thought they weren't native here"
                            }
                        ]
                    }
                ]
            }
        ],
        "thread_ts": "1619294273.004900",
        "parent_user_id": "U01SJKB2MG8"
    },
    {
        "client_msg_id": "0c46ea56-315d-4998-8e6a-e453f9ff509c",
        "type": "message",
        "text": "it is indeed a beaver. I'm unsure if they're native. But they live in Tiergarten even",
        "user": "U01SJKB2MG8",
        "ts": "1619422569.009000",
        "team": "T01RBRV5F7H",
        "user_team": "T01RBRV5F7H",
        "source_team": "T01RBRV5F7H",
        "user_profile": {
            "avatar_hash": "88fa894fdb53",
            "image_72": "https:\/\/avatars.slack-edge.com\/2021-03-19\/1885033153332_88fa894fdb5366452adf_72.jpg",
            "first_name": "Florian",
            "real_name": "Florian Titze",
            "display_name": "Flo Titze",
            "team": "T01RBRV5F7H",
            "name": "florian.titze",
            "is_restricted": false,
            "is_ultra_restricted": false
        },
        "blocks": [
            {
                "type": "rich_text",
                "block_id": "6Kt",
                "elements": [
                    {
                        "type": "rich_text_section",
                        "elements": [
                            {
                                "type": "text",
                                "text": "it is indeed a beaver. I'm unsure if they're native. But they live in Tiergarten even"
                            }
                        ]
                    }
                ]
            }
        ],
        "thread_ts": "1619294273.004900",
        "parent_user_id": "U01SJKB2MG8"
    },
    {
        "client_msg_id": "9658a3a8-b3d3-4a3d-b2b1-10b18781d2cc",
        "type": "message",
        "text": "cool :slightly_smiling_face:",
        "user": "U01S79YDELR",
        "ts": "1619422756.009200",
        "team": "T01RBRV5F7H",
        "user_team": "T01RBRV5F7H",
        "source_team": "T01RBRV5F7H",
        "user_profile": {
            "avatar_hash": "606def897de6",
            "image_72": "https:\/\/avatars.slack-edge.com\/2021-03-22\/1910932493456_606def897de66681d932_72.jpg",
            "first_name": "",
            "real_name": "Karina Condeixa",
            "display_name": "Karina Condeixa",
            "team": "T01RBRV5F7H",
            "name": "karina.condeixa",
            "is_restricted": false,
            "is_ultra_restricted": false
        },
        "blocks": [
            {
                "type": "rich_text",
                "block_id": "4Ip",
                "elements": [
                    {
                        "type": "rich_text_section",
                        "elements": [
                            {
                                "type": "text",
                                "text": "cool "
                            },
                            {
                                "type": "emoji",
                                "name": "slightly_smiling_face"
                            }
                        ]
                    }
                ]
            }
        ],
        "thread_ts": "1619294273.004900",
        "parent_user_id": "U01SJKB2MG8"
    },
    {
        "client_msg_id": "db2baddd-ab2b-41ea-83ec-d4a0ebceca3b",
        "type": "message",
        "text": "you definitely want to at least :tick_checkmark: read and write",
        "user": "U01SJKB2MG8",
        "ts": "1619422763.009400",
        "team": "T01RBRV5F7H",
        "user_team": "T01RBRV5F7H",
        "source_team": "T01RBRV5F7H",
        "user_profile": {
            "avatar_hash": "88fa894fdb53",
            "image_72": "https:\/\/avatars.slack-edge.com\/2021-03-19\/1885033153332_88fa894fdb5366452adf_72.jpg",
            "first_name": "Florian",
            "real_name": "Florian Titze",
            "display_name": "Flo Titze",
            "team": "T01RBRV5F7H",
            "name": "florian.titze",
            "is_restricted": false,
            "is_ultra_restricted": false
        },
        "blocks": [
            {
                "type": "rich_text",
                "block_id": "ptq",
                "elements": [
                    {
                        "type": "rich_text_section",
                        "elements": [
                            {
                                "type": "text",
                                "text": "you definitely want to at least "
                            },
                            {
                                "type": "emoji",
                                "name": "tick_checkmark"
                            },
                            {
                                "type": "text",
                                "text": " read and write"
                            }
                        ]
                    }
                ]
            }
        ],
        "thread_ts": "1619345826.007200",
        "parent_user_id": "U01S79YDELR",
        "reactions": [
            {
                "name": "white_check_mark",
                "users": [
                    "U01S79YDELR"
                ],
                "count": 1
            }
        ]
    },
    {
        "client_msg_id": "338335f5-1139-4721-9a42-be8d5c98bfcc",
        "type": "message",
        "text": "but I haven't set up this token procedure myself yet.... still using the legacy method. unti git blocks me from using it via terminal probably :grin:",
        "user": "U01SJKB2MG8",
        "ts": "1619423297.009600",
        "team": "T01RBRV5F7H",
        "user_team": "T01RBRV5F7H",
        "source_team": "T01RBRV5F7H",
        "user_profile": {
            "avatar_hash": "88fa894fdb53",
            "image_72": "https:\/\/avatars.slack-edge.com\/2021-03-19\/1885033153332_88fa894fdb5366452adf_72.jpg",
            "first_name": "Florian",
            "real_name": "Florian Titze",
            "display_name": "Flo Titze",
            "team": "T01RBRV5F7H",
            "name": "florian.titze",
            "is_restricted": false,
            "is_ultra_restricted": false
        },
        "blocks": [
            {
                "type": "rich_text",
                "block_id": "KFXx",
                "elements": [
                    {
                        "type": "rich_text_section",
                        "elements": [
                            {
                                "type": "text",
                                "text": "but I haven't set up this token procedure myself yet.... still using the legacy method. unti git blocks me from using it via terminal probably "
                            },
                            {
                                "type": "emoji",
                                "name": "grin"
                            }
                        ]
                    }
                ]
            }
        ],
        "thread_ts": "1619345826.007200",
        "parent_user_id": "U01S79YDELR",
        "reactions": [
            {
                "name": "joy",
                "users": [
                    "U01RSRE0N3D"
                ],
                "count": 1
            },
            {
                "name": "rolling_on_the_floor_laughing",
                "users": [
                    "U01S79YDELR"
                ],
                "count": 1
            }
        ]
    },
    {
        "client_msg_id": "ab76b1e8-fabb-44ff-ba2e-3f40a576def1",
        "type": "message",
        "text": "how do we validate our discount? just register?",
        "user": "U01SK96QF5E",
        "ts": "1619433344.009900",
        "team": "T01RBRV5F7H",
        "user_team": "T01RBRV5F7H",
        "source_team": "T01RBRV5F7H",
        "user_profile": {
            "avatar_hash": "94c1e7ff9e09",
            "image_72": "https:\/\/avatars.slack-edge.com\/2021-03-21\/1883381430979_94c1e7ff9e09a95d14cb_72.jpg",
            "first_name": "Lilla",
            "real_name": "Lilla Szulyovszky",
            "display_name": "lilla",
            "team": "T01RBRV5F7H",
            "name": "lilla.szulyovszky",
            "is_restricted": false,
            "is_ultra_restricted": false
        },
        "blocks": [
            {
                "type": "rich_text",
                "block_id": "cC6VW",
                "elements": [
                    {
                        "type": "rich_text_section",
                        "elements": [
                            {
                                "type": "text",
                                "text": "how do we validate our discount? just register?"
                            }
                        ]
                    }
                ]
            }
        ],
        "thread_ts": "1619007531.003900",
        "parent_user_id": "U01RW140HBP"
    },
    {
        "client_msg_id": "dd19c661-dff7-4767-a74c-818ab18fc070",
        "type": "message",
        "text": "looks like it :slightly_smiling_face:",
        "user": "U01RW140HBP",
        "ts": "1619435727.010100",
        "team": "T01RBRV5F7H",
        "user_team": "T01RBRV5F7H",
        "source_team": "T01RBRV5F7H",
        "user_profile": {
            "avatar_hash": "4c43a3a8d10b",
            "image_72": "https:\/\/avatars.slack-edge.com\/2021-03-21\/1895736308209_4c43a3a8d10bc2fe5e13_72.png",
            "first_name": "siand",
            "real_name": "siand the LT (she\/her)",
            "display_name": "siand the LT (she\/her)",
            "team": "T01RBRV5F7H",
            "name": "sian.davies",
            "is_restricted": false,
            "is_ultra_restricted": false
        },
        "blocks": [
            {
                "type": "rich_text",
                "block_id": "1H1S",
                "elements": [
                    {
                        "type": "rich_text_section",
                        "elements": [
                            {
                                "type": "text",
                                "text": "looks like it "
                            },
                            {
                                "type": "emoji",
                                "name": "slightly_smiling_face"
                            }
                        ]
                    }
                ]
            }
        ],
        "thread_ts": "1619007531.003900",
        "parent_user_id": "U01RW140HBP"
    },
    {
        "client_msg_id": "908dda90-fb3c-43c1-93e0-143fae48fe37",
        "type": "message",
        "text": "ive not tried yet",
        "user": "U01RW140HBP",
        "ts": "1619435746.010300",
        "team": "T01RBRV5F7H",
        "user_team": "T01RBRV5F7H",
        "source_team": "T01RBRV5F7H",
        "user_profile": {
            "avatar_hash": "4c43a3a8d10b",
            "image_72": "https:\/\/avatars.slack-edge.com\/2021-03-21\/1895736308209_4c43a3a8d10bc2fe5e13_72.png",
            "first_name": "siand",
            "real_name": "siand the LT (she\/her)",
            "display_name": "siand the LT (she\/her)",
            "team": "T01RBRV5F7H",
            "name": "sian.davies",
            "is_restricted": false,
            "is_ultra_restricted": false
        },
        "blocks": [
            {
                "type": "rich_text",
                "block_id": "Y06\/",
                "elements": [
                    {
                        "type": "rich_text_section",
                        "elements": [
                            {
                                "type": "text",
                                "text": "ive not tried yet"
                            }
                        ]
                    }
                ]
            }
        ],
        "thread_ts": "1619007531.003900",
        "parent_user_id": "U01RW140HBP"
    },
    {
        "client_msg_id": "c12d4e97-c005-4dcc-8896-e17aa65eb259",
        "type": "message",
        "text": ":rolling_on_the_floor_laughing:, I received an email telling me to do it soon because it will stop working (I don’t know when). A friend could not push any commit too her repo anymore because of this . It was last week.",
        "user": "U01S79YDELR",
        "ts": "1619446560.010600",
        "team": "T01RBRV5F7H",
        "user_team": "T01RBRV5F7H",
        "source_team": "T01RBRV5F7H",
        "user_profile": {
            "avatar_hash": "606def897de6",
            "image_72": "https:\/\/avatars.slack-edge.com\/2021-03-22\/1910932493456_606def897de66681d932_72.jpg",
            "first_name": "",
            "real_name": "Karina Condeixa",
            "display_name": "Karina Condeixa",
            "team": "T01RBRV5F7H",
            "name": "karina.condeixa",
            "is_restricted": false,
            "is_ultra_restricted": false
        },
        "blocks": [
            {
                "type": "rich_text",
                "block_id": "DDRYE",
                "elements": [
                    {
                        "type": "rich_text_section",
                        "elements": [
                            {
                                "type": "emoji",
                                "name": "rolling_on_the_floor_laughing"
                            },
                            {
                                "type": "text",
                                "text": ", I received an email telling me to do it soon because it will stop working (I don’t know when). A friend could not push any commit too her repo anymore because of this . It was last week."
                            }
                        ]
                    }
                ]
            }
        ],
        "thread_ts": "1619345826.007200",
        "parent_user_id": "U01S79YDELR"
    },
    {
        "client_msg_id": "3f199d4b-53c2-4058-bab3-401f342777a0",
        "type": "message",
        "text": "<@U01S79YDELR> I just selected everything, since it is going to be the key I am going to do everything with in the end :slightly_smiling_face: But if you want to have different account with different access rights then this is the chance to set it up.",
        "user": "U01S7BM4N81",
        "ts": "1619454410.010900",
        "team": "T01RBRV5F7H",
        "user_team": "T01RBRV5F7H",
        "source_team": "T01RBRV5F7H",
        "user_profile": {
            "avatar_hash": "2adfc641e87e",
            "image_72": "https:\/\/avatars.slack-edge.com\/2021-04-16\/1994438084416_2adfc641e87e3a953d9c_72.png",
            "first_name": "Thamo",
            "real_name": "Thamo",
            "display_name": "Thamo",
            "team": "T01RBRV5F7H",
            "name": "thamokoeper",
            "is_restricted": false,
            "is_ultra_restricted": false
        },
        "blocks": [
            {
                "type": "rich_text",
                "block_id": "0WRBD",
                "elements": [
                    {
                        "type": "rich_text_section",
                        "elements": [
                            {
                                "type": "user",
                                "user_id": "U01S79YDELR"
                            },
                            {
                                "type": "text",
                                "text": " I just selected everything, since it is going to be the key I am going to do everything with in the end "
                            },
                            {
                                "type": "emoji",
                                "name": "slightly_smiling_face"
                            },
                            {
                                "type": "text",
                                "text": " But if you want to have different account with different access rights then this is the chance to set it up."
                            }
                        ]
                    }
                ]
            }
        ],
        "thread_ts": "1619345826.007200",
        "parent_user_id": "U01S79YDELR",
        "reactions": [
            {
                "name": "+1",
                "users": [
                    "U01S79YDELR"
                ],
                "count": 1
            }
        ]
    },
    {
        "client_msg_id": "7e0367b9-8106-4a8b-8422-09031e42bc10",
        "type": "message",
        "text": "ok, Thanks, Thamo",
        "user": "U01S79YDELR",
        "ts": "1619455061.011200",
        "team": "T01RBRV5F7H",
        "user_team": "T01RBRV5F7H",
        "source_team": "T01RBRV5F7H",
        "user_profile": {
            "avatar_hash": "606def897de6",
            "image_72": "https:\/\/avatars.slack-edge.com\/2021-03-22\/1910932493456_606def897de66681d932_72.jpg",
            "first_name": "",
            "real_name": "Karina Condeixa",
            "display_name": "Karina Condeixa",
            "team": "T01RBRV5F7H",
            "name": "karina.condeixa",
            "is_restricted": false,
            "is_ultra_restricted": false
        },
        "blocks": [
            {
                "type": "rich_text",
                "block_id": "JRUp",
                "elements": [
                    {
                        "type": "rich_text_section",
                        "elements": [
                            {
                                "type": "text",
                                "text": "ok, Thanks, Thamo"
                            }
                        ]
                    }
                ]
            }
        ],
        "thread_ts": "1619345826.007200",
        "parent_user_id": "U01S79YDELR"
    }
]