[
    {
        "type": "message",
        "text": "That moment when you get your first data science job offer on Linkedin! Moreover,  as a co-founder :sunglasses:",
        "files": [
            {
                "id": "F01TX1KA606",
                "created": 1618298711,
                "timestamp": 1618298711,
                "name": "Capture_job.JPG",
                "title": "Capture_job.JPG",
                "mimetype": "image\/jpeg",
                "filetype": "jpg",
                "pretty_type": "JPEG",
                "user": "U01RP2K1606",
                "editable": false,
                "size": 28290,
                "mode": "hosted",
                "is_external": false,
                "external_type": "",
                "is_public": true,
                "public_url_shared": false,
                "display_as_bot": false,
                "username": "",
                "url_private": "https:\/\/files.slack.com\/files-pri\/T01RBRV5F7H-F01TX1KA606\/capture_job.jpg?t=xoxe-1861879185255-2068564688150-2068564727718-519dfbdd8f50e154f7dac1ab76bfc0d2",
                "url_private_download": "https:\/\/files.slack.com\/files-pri\/T01RBRV5F7H-F01TX1KA606\/download\/capture_job.jpg?t=xoxe-1861879185255-2068564688150-2068564727718-519dfbdd8f50e154f7dac1ab76bfc0d2",
                "thumb_64": "https:\/\/files.slack.com\/files-tmb\/T01RBRV5F7H-F01TX1KA606-910add79c0\/capture_job_64.jpg?t=xoxe-1861879185255-2068564688150-2068564727718-519dfbdd8f50e154f7dac1ab76bfc0d2",
                "thumb_80": "https:\/\/files.slack.com\/files-tmb\/T01RBRV5F7H-F01TX1KA606-910add79c0\/capture_job_80.jpg?t=xoxe-1861879185255-2068564688150-2068564727718-519dfbdd8f50e154f7dac1ab76bfc0d2",
                "thumb_360": "https:\/\/files.slack.com\/files-tmb\/T01RBRV5F7H-F01TX1KA606-910add79c0\/capture_job_360.jpg?t=xoxe-1861879185255-2068564688150-2068564727718-519dfbdd8f50e154f7dac1ab76bfc0d2",
                "thumb_360_w": 360,
                "thumb_360_h": 84,
                "thumb_480": "https:\/\/files.slack.com\/files-tmb\/T01RBRV5F7H-F01TX1KA606-910add79c0\/capture_job_480.jpg?t=xoxe-1861879185255-2068564688150-2068564727718-519dfbdd8f50e154f7dac1ab76bfc0d2",
                "thumb_480_w": 480,
                "thumb_480_h": 112,
                "thumb_160": "https:\/\/files.slack.com\/files-tmb\/T01RBRV5F7H-F01TX1KA606-910add79c0\/capture_job_160.jpg?t=xoxe-1861879185255-2068564688150-2068564727718-519dfbdd8f50e154f7dac1ab76bfc0d2",
                "thumb_720": "https:\/\/files.slack.com\/files-tmb\/T01RBRV5F7H-F01TX1KA606-910add79c0\/capture_job_720.jpg?t=xoxe-1861879185255-2068564688150-2068564727718-519dfbdd8f50e154f7dac1ab76bfc0d2",
                "thumb_720_w": 720,
                "thumb_720_h": 168,
                "thumb_800": "https:\/\/files.slack.com\/files-tmb\/T01RBRV5F7H-F01TX1KA606-910add79c0\/capture_job_800.jpg?t=xoxe-1861879185255-2068564688150-2068564727718-519dfbdd8f50e154f7dac1ab76bfc0d2",
                "thumb_800_w": 800,
                "thumb_800_h": 187,
                "original_w": 840,
                "original_h": 196,
                "thumb_tiny": "AwALADDR3HNGW9KGQMMHP50qjAwM\/iaAEy3pRlvSnUUANy3pSjOOaWigD\/\/Z",
                "permalink": "https:\/\/data-ft-ber-03-2021.slack.com\/files\/U01RP2K1606\/F01TX1KA606\/capture_job.jpg",
                "permalink_public": "https:\/\/slack-files.com\/T01RBRV5F7H-F01TX1KA606-97ad83f65f",
                "is_starred": false,
                "has_rich_preview": false
            }
        ],
        "upload": false,
        "blocks": [
            {
                "type": "rich_text",
                "block_id": "is\/SL",
                "elements": [
                    {
                        "type": "rich_text_section",
                        "elements": [
                            {
                                "type": "text",
                                "text": "That moment when you get your first data science job offer on Linkedin! Moreover,  as a co-founder "
                            },
                            {
                                "type": "emoji",
                                "name": "sunglasses"
                            }
                        ]
                    }
                ]
            }
        ],
        "user": "U01RP2K1606",
        "display_as_bot": false,
        "ts": "1618299342.008500",
        "thread_ts": "1618299342.008500",
        "reply_count": 7,
        "reply_users_count": 3,
        "latest_reply": "1618300149.010500",
        "reply_users": [
            "U01RW2X7S9Z",
            "U01RP2K1606",
            "U01S7KCL3DF"
        ],
        "replies": [
            {
                "user": "U01RW2X7S9Z",
                "ts": "1618299409.008600"
            },
            {
                "user": "U01RP2K1606",
                "ts": "1618299409.008800"
            },
            {
                "user": "U01S7KCL3DF",
                "ts": "1618299504.009300"
            },
            {
                "user": "U01RP2K1606",
                "ts": "1618299802.009900"
            },
            {
                "user": "U01RW2X7S9Z",
                "ts": "1618300078.010100"
            },
            {
                "user": "U01RP2K1606",
                "ts": "1618300134.010300"
            },
            {
                "user": "U01S7KCL3DF",
                "ts": "1618300149.010500"
            }
        ],
        "is_locked": false,
        "subscribed": false,
        "reactions": [
            {
                "name": "raised_hands",
                "users": [
                    "U01RKN0EGDV",
                    "U01RRV4JX6Z",
                    "U01S7BM4N81"
                ],
                "count": 3
            },
            {
                "name": "doughnut",
                "users": [
                    "U01RW140HBP"
                ],
                "count": 1
            },
            {
                "name": "popcorn",
                "users": [
                    "U01RW140HBP",
                    "U01S7BM4N81"
                ],
                "count": 2
            }
        ]
    },
    {
        "client_msg_id": "8dec4dfb-6289-4c01-8bb4-abdfc7e8d2a1",
        "type": "message",
        "text": "and you hide the name of the guy so no one takes it over :rolling_on_the_floor_laughing:",
        "user": "U01RW2X7S9Z",
        "ts": "1618299409.008600",
        "team": "T01RBRV5F7H",
        "user_team": "T01RBRV5F7H",
        "source_team": "T01RBRV5F7H",
        "user_profile": {
            "avatar_hash": "7e12d75d168a",
            "image_72": "https:\/\/avatars.slack-edge.com\/2021-03-19\/1880105796643_7e12d75d168ae25c167d_72.jpg",
            "first_name": "Alexandre",
            "real_name": "Alexandre Sommerkamp",
            "display_name": "Alexandre Sommerkamp",
            "team": "T01RBRV5F7H",
            "name": "alex.c.skp",
            "is_restricted": false,
            "is_ultra_restricted": false
        },
        "blocks": [
            {
                "type": "rich_text",
                "block_id": "nLJ4p",
                "elements": [
                    {
                        "type": "rich_text_section",
                        "elements": [
                            {
                                "type": "text",
                                "text": "and you hide the name of the guy so no one takes it over "
                            },
                            {
                                "type": "emoji",
                                "name": "rolling_on_the_floor_laughing"
                            }
                        ]
                    }
                ]
            }
        ],
        "thread_ts": "1618299342.008500",
        "parent_user_id": "U01RP2K1606",
        "reactions": [
            {
                "name": "sweat_smile",
                "users": [
                    "U01RP2K1606"
                ],
                "count": 1
            },
            {
                "name": "think-about-it",
                "users": [
                    "U01RSRE0N3D"
                ],
                "count": 1
            }
        ]
    },
    {
        "client_msg_id": "23d40c0b-e4e4-49fd-8ecb-edc8c5f759cc",
        "type": "message",
        "text": "I just have to check artificial intelligence part :sweat_smile:",
        "user": "U01RP2K1606",
        "ts": "1618299409.008800",
        "team": "T01RBRV5F7H",
        "user_team": "T01RBRV5F7H",
        "source_team": "T01RBRV5F7H",
        "user_profile": {
            "avatar_hash": "cf57933e3b00",
            "image_72": "https:\/\/avatars.slack-edge.com\/2021-03-19\/1880079302355_cf57933e3b00451b4617_72.png",
            "first_name": "",
            "real_name": "Jalal Karimov",
            "display_name": "Jalal Karimov",
            "team": "T01RBRV5F7H",
            "name": "jalalkrmv",
            "is_restricted": false,
            "is_ultra_restricted": false
        },
        "blocks": [
            {
                "type": "rich_text",
                "block_id": "\/OSO",
                "elements": [
                    {
                        "type": "rich_text_section",
                        "elements": [
                            {
                                "type": "text",
                                "text": "I just have to check artificial intelligence part "
                            },
                            {
                                "type": "emoji",
                                "name": "sweat_smile"
                            }
                        ]
                    }
                ]
            }
        ],
        "thread_ts": "1618299342.008500",
        "parent_user_id": "U01RP2K1606",
        "reactions": [
            {
                "name": "girl-grin",
                "users": [
                    "U01RW2X7S9Z",
                    "U01RN7BVD1C",
                    "U01RSRE0N3D"
                ],
                "count": 3
            }
        ]
    },
    {
        "client_msg_id": "1dd8aa8f-54dc-4710-a504-d656b700288d",
        "type": "message",
        "text": "wow, congrats! you need an intern? :this-is-fine-fire:",
        "user": "U01S7KCL3DF",
        "ts": "1618299504.009300",
        "team": "T01RBRV5F7H",
        "user_team": "T01RBRV5F7H",
        "source_team": "T01RBRV5F7H",
        "user_profile": {
            "avatar_hash": "17b52091bb62",
            "image_72": "https:\/\/avatars.slack-edge.com\/2021-03-19\/1875964347925_17b52091bb62c2340b4c_72.png",
            "first_name": "Sam",
            "real_name": "Sam Katterfield",
            "display_name": "Sam",
            "team": "T01RBRV5F7H",
            "name": "samkatterfield",
            "is_restricted": false,
            "is_ultra_restricted": false
        },
        "blocks": [
            {
                "type": "rich_text",
                "block_id": "1UFn",
                "elements": [
                    {
                        "type": "rich_text_section",
                        "elements": [
                            {
                                "type": "text",
                                "text": "wow, congrats! you need an intern? "
                            },
                            {
                                "type": "emoji",
                                "name": "this-is-fine-fire"
                            }
                        ]
                    }
                ]
            }
        ],
        "thread_ts": "1618299342.008500",
        "parent_user_id": "U01RP2K1606",
        "reactions": [
            {
                "name": "two",
                "users": [
                    "U01RKN0EGDV",
                    "U01RSRE0N3D"
                ],
                "count": 2
            }
        ]
    },
    {
        "client_msg_id": "4ecc2767-a154-4fd5-8d2c-14433f59a201",
        "type": "message",
        "text": "Sam, have to check with other CEO, but I guess we need office first haha",
        "user": "U01RP2K1606",
        "ts": "1618299802.009900",
        "team": "T01RBRV5F7H",
        "user_team": "T01RBRV5F7H",
        "source_team": "T01RBRV5F7H",
        "user_profile": {
            "avatar_hash": "cf57933e3b00",
            "image_72": "https:\/\/avatars.slack-edge.com\/2021-03-19\/1880079302355_cf57933e3b00451b4617_72.png",
            "first_name": "",
            "real_name": "Jalal Karimov",
            "display_name": "Jalal Karimov",
            "team": "T01RBRV5F7H",
            "name": "jalalkrmv",
            "is_restricted": false,
            "is_ultra_restricted": false
        },
        "blocks": [
            {
                "type": "rich_text",
                "block_id": "Tavee",
                "elements": [
                    {
                        "type": "rich_text_section",
                        "elements": [
                            {
                                "type": "text",
                                "text": "Sam, have to check with other CEO, but I guess we need office first haha"
                            }
                        ]
                    }
                ]
            }
        ],
        "thread_ts": "1618299342.008500",
        "parent_user_id": "U01RP2K1606"
    },
    {
        "client_msg_id": "8e0617e0-9e53-4518-9975-ebf0fbbcaeb4",
        "type": "message",
        "text": "and a coffee machine",
        "user": "U01RW2X7S9Z",
        "ts": "1618300078.010100",
        "team": "T01RBRV5F7H",
        "user_team": "T01RBRV5F7H",
        "source_team": "T01RBRV5F7H",
        "user_profile": {
            "avatar_hash": "7e12d75d168a",
            "image_72": "https:\/\/avatars.slack-edge.com\/2021-03-19\/1880105796643_7e12d75d168ae25c167d_72.jpg",
            "first_name": "Alexandre",
            "real_name": "Alexandre Sommerkamp",
            "display_name": "Alexandre Sommerkamp",
            "team": "T01RBRV5F7H",
            "name": "alex.c.skp",
            "is_restricted": false,
            "is_ultra_restricted": false
        },
        "blocks": [
            {
                "type": "rich_text",
                "block_id": "q6R",
                "elements": [
                    {
                        "type": "rich_text_section",
                        "elements": [
                            {
                                "type": "text",
                                "text": "and a coffee machine"
                            }
                        ]
                    }
                ]
            }
        ],
        "thread_ts": "1618299342.008500",
        "parent_user_id": "U01RP2K1606",
        "reactions": [
            {
                "name": "writing_hand",
                "users": [
                    "U01RP2K1606"
                ],
                "count": 1
            }
        ]
    },
    {
        "client_msg_id": "3288a7a8-6423-4b29-b589-111c0762245a",
        "type": "message",
        "text": "@Alex, it was more due to GDPR:grinning:. I can refer anyone if interested from our group",
        "user": "U01RP2K1606",
        "ts": "1618300134.010300",
        "team": "T01RBRV5F7H",
        "user_team": "T01RBRV5F7H",
        "source_team": "T01RBRV5F7H",
        "user_profile": {
            "avatar_hash": "cf57933e3b00",
            "image_72": "https:\/\/avatars.slack-edge.com\/2021-03-19\/1880079302355_cf57933e3b00451b4617_72.png",
            "first_name": "",
            "real_name": "Jalal Karimov",
            "display_name": "Jalal Karimov",
            "team": "T01RBRV5F7H",
            "name": "jalalkrmv",
            "is_restricted": false,
            "is_ultra_restricted": false
        },
        "blocks": [
            {
                "type": "rich_text",
                "block_id": "HHkg",
                "elements": [
                    {
                        "type": "rich_text_section",
                        "elements": [
                            {
                                "type": "text",
                                "text": "@Alex, it was more due to GDPR"
                            },
                            {
                                "type": "emoji",
                                "name": "grinning"
                            },
                            {
                                "type": "text",
                                "text": ". I can refer anyone if interested from our group"
                            }
                        ]
                    }
                ]
            }
        ],
        "thread_ts": "1618299342.008500",
        "parent_user_id": "U01RP2K1606"
    },
    {
        "client_msg_id": "31035a0c-a80a-4101-95a9-898de7756f03",
        "type": "message",
        "text": "if they ask you to invest as a co-founder..be wary :stonks:",
        "user": "U01S7KCL3DF",
        "ts": "1618300149.010500",
        "team": "T01RBRV5F7H",
        "user_team": "T01RBRV5F7H",
        "source_team": "T01RBRV5F7H",
        "user_profile": {
            "avatar_hash": "17b52091bb62",
            "image_72": "https:\/\/avatars.slack-edge.com\/2021-03-19\/1875964347925_17b52091bb62c2340b4c_72.png",
            "first_name": "Sam",
            "real_name": "Sam Katterfield",
            "display_name": "Sam",
            "team": "T01RBRV5F7H",
            "name": "samkatterfield",
            "is_restricted": false,
            "is_ultra_restricted": false
        },
        "blocks": [
            {
                "type": "rich_text",
                "block_id": "JcDKZ",
                "elements": [
                    {
                        "type": "rich_text_section",
                        "elements": [
                            {
                                "type": "text",
                                "text": "if they ask you to invest as a co-founder..be wary "
                            },
                            {
                                "type": "emoji",
                                "name": "stonks"
                            }
                        ]
                    }
                ]
            }
        ],
        "thread_ts": "1618299342.008500",
        "parent_user_id": "U01RP2K1606",
        "reactions": [
            {
                "name": "white_check_mark",
                "users": [
                    "U01RP2K1606"
                ],
                "count": 1
            }
        ]
    },
    {
        "type": "message",
        "text": "",
        "files": [
            {
                "id": "F01U4CNTF0B",
                "created": 1618305307,
                "timestamp": 1618305307,
                "name": "169683231_312838133539521_8253905913002405942_n.jpg",
                "title": "169683231_312838133539521_8253905913002405942_n.jpg",
                "mimetype": "image\/jpeg",
                "filetype": "jpg",
                "pretty_type": "JPEG",
                "user": "U01RRV4JX6Z",
                "editable": false,
                "size": 106978,
                "mode": "hosted",
                "is_external": false,
                "external_type": "",
                "is_public": true,
                "public_url_shared": false,
                "display_as_bot": false,
                "username": "",
                "url_private": "https:\/\/files.slack.com\/files-pri\/T01RBRV5F7H-F01U4CNTF0B\/169683231_312838133539521_8253905913002405942_n.jpg?t=xoxe-1861879185255-2068564688150-2068564727718-519dfbdd8f50e154f7dac1ab76bfc0d2",
                "url_private_download": "https:\/\/files.slack.com\/files-pri\/T01RBRV5F7H-F01U4CNTF0B\/download\/169683231_312838133539521_8253905913002405942_n.jpg?t=xoxe-1861879185255-2068564688150-2068564727718-519dfbdd8f50e154f7dac1ab76bfc0d2",
                "thumb_64": "https:\/\/files.slack.com\/files-tmb\/T01RBRV5F7H-F01U4CNTF0B-da1f5374aa\/169683231_312838133539521_8253905913002405942_n_64.jpg?t=xoxe-1861879185255-2068564688150-2068564727718-519dfbdd8f50e154f7dac1ab76bfc0d2",
                "thumb_80": "https:\/\/files.slack.com\/files-tmb\/T01RBRV5F7H-F01U4CNTF0B-da1f5374aa\/169683231_312838133539521_8253905913002405942_n_80.jpg?t=xoxe-1861879185255-2068564688150-2068564727718-519dfbdd8f50e154f7dac1ab76bfc0d2",
                "thumb_360": "https:\/\/files.slack.com\/files-tmb\/T01RBRV5F7H-F01U4CNTF0B-da1f5374aa\/169683231_312838133539521_8253905913002405942_n_360.jpg?t=xoxe-1861879185255-2068564688150-2068564727718-519dfbdd8f50e154f7dac1ab76bfc0d2",
                "thumb_360_w": 360,
                "thumb_360_h": 252,
                "thumb_480": "https:\/\/files.slack.com\/files-tmb\/T01RBRV5F7H-F01U4CNTF0B-da1f5374aa\/169683231_312838133539521_8253905913002405942_n_480.jpg?t=xoxe-1861879185255-2068564688150-2068564727718-519dfbdd8f50e154f7dac1ab76bfc0d2",
                "thumb_480_w": 480,
                "thumb_480_h": 336,
                "thumb_160": "https:\/\/files.slack.com\/files-tmb\/T01RBRV5F7H-F01U4CNTF0B-da1f5374aa\/169683231_312838133539521_8253905913002405942_n_160.jpg?t=xoxe-1861879185255-2068564688150-2068564727718-519dfbdd8f50e154f7dac1ab76bfc0d2",
                "thumb_720": "https:\/\/files.slack.com\/files-tmb\/T01RBRV5F7H-F01U4CNTF0B-da1f5374aa\/169683231_312838133539521_8253905913002405942_n_720.jpg?t=xoxe-1861879185255-2068564688150-2068564727718-519dfbdd8f50e154f7dac1ab76bfc0d2",
                "thumb_720_w": 720,
                "thumb_720_h": 504,
                "thumb_800": "https:\/\/files.slack.com\/files-tmb\/T01RBRV5F7H-F01U4CNTF0B-da1f5374aa\/169683231_312838133539521_8253905913002405942_n_800.jpg?t=xoxe-1861879185255-2068564688150-2068564727718-519dfbdd8f50e154f7dac1ab76bfc0d2",
                "thumb_800_w": 800,
                "thumb_800_h": 561,
                "thumb_960": "https:\/\/files.slack.com\/files-tmb\/T01RBRV5F7H-F01U4CNTF0B-da1f5374aa\/169683231_312838133539521_8253905913002405942_n_960.jpg?t=xoxe-1861879185255-2068564688150-2068564727718-519dfbdd8f50e154f7dac1ab76bfc0d2",
                "thumb_960_w": 960,
                "thumb_960_h": 673,
                "thumb_1024": "https:\/\/files.slack.com\/files-tmb\/T01RBRV5F7H-F01U4CNTF0B-da1f5374aa\/169683231_312838133539521_8253905913002405942_n_1024.jpg?t=xoxe-1861879185255-2068564688150-2068564727718-519dfbdd8f50e154f7dac1ab76bfc0d2",
                "thumb_1024_w": 1024,
                "thumb_1024_h": 718,
                "original_w": 2048,
                "original_h": 1435,
                "thumb_tiny": "AwAhADC\/MHaPEZIbNPHSocn1P50hY47mlYY5ZtzlQM475qUEEZ7etVAgY5cEmpckDjP0FFhD\/OTdjOfeng5qpsLPuOQfapcn1P50WAWdyq4Q4b6VL2qqzBrhGC545qfzPb9aLDH0UzzPb9aTzfb9aVmIkoqvPITGQpwfrRC5AOf50agMHUfWpKjHUfWpKoAoNFBoAQ0opDSigD\/\/2Q==",
                "permalink": "https:\/\/data-ft-ber-03-2021.slack.com\/files\/U01RRV4JX6Z\/F01U4CNTF0B\/169683231_312838133539521_8253905913002405942_n.jpg",
                "permalink_public": "https:\/\/slack-files.com\/T01RBRV5F7H-F01U4CNTF0B-5d27c91148",
                "is_starred": false,
                "has_rich_preview": false
            }
        ],
        "upload": false,
        "blocks": [
            {
                "type": "rich_text",
                "block_id": "Hnv",
                "elements": [
                    {
                        "type": "rich_text_section",
                        "elements": []
                    }
                ]
            }
        ],
        "user": "U01RRV4JX6Z",
        "display_as_bot": false,
        "ts": "1618305310.011200",
        "client_msg_id": "828956dd-7537-467c-ae94-e30f29365203"
    },
    {
        "client_msg_id": "d71780e2-159b-4fce-9d03-3e65daa475df",
        "type": "message",
        "text": "<https:\/\/www.youtube.com\/watch?v=iiEP6UZ8X_4>",
        "user": "U01RW140HBP",
        "ts": "1618313176.011600",
        "team": "T01RBRV5F7H",
        "user_team": "T01RBRV5F7H",
        "source_team": "T01RBRV5F7H",
        "user_profile": {
            "avatar_hash": "4c43a3a8d10b",
            "image_72": "https:\/\/avatars.slack-edge.com\/2021-03-21\/1895736308209_4c43a3a8d10bc2fe5e13_72.png",
            "first_name": "siand",
            "real_name": "siand the LT (she\/her)",
            "display_name": "siand the LT (she\/her)",
            "team": "T01RBRV5F7H",
            "name": "sian.davies",
            "is_restricted": false,
            "is_ultra_restricted": false
        },
        "attachments": [
            {
                "service_name": "YouTube",
                "service_url": "https:\/\/www.youtube.com\/",
                "title": "Give us the Vax! (The Vaccination Song) | Foil Arms and Hog",
                "title_link": "https:\/\/www.youtube.com\/watch?v=iiEP6UZ8X_4",
                "author_name": "Foil Arms and Hog",
                "author_link": "https:\/\/www.youtube.com\/user\/foilarmsandhog",
                "thumb_url": "https:\/\/i.ytimg.com\/vi\/iiEP6UZ8X_4\/hqdefault.jpg",
                "thumb_width": 480,
                "thumb_height": 360,
                "fallback": "YouTube Video: Give us the Vax! (The Vaccination Song) | Foil Arms and Hog",
                "video_html": "<iframe width=\"400\" height=\"225\" src=\"https:\/\/www.youtube.com\/embed\/iiEP6UZ8X_4?feature=oembed&autoplay=1&iv_load_policy=3\" frameborder=\"0\" allow=\"accelerometer; autoplay; clipboard-write; encrypted-media; gyroscope; picture-in-picture\" allowfullscreen><\/iframe>",
                "video_html_width": 400,
                "video_html_height": 225,
                "from_url": "https:\/\/www.youtube.com\/watch?v=iiEP6UZ8X_4",
                "service_icon": "https:\/\/a.slack-edge.com\/80588\/img\/unfurl_icons\/youtube.png",
                "id": 1,
                "original_url": "https:\/\/www.youtube.com\/watch?v=iiEP6UZ8X_4"
            }
        ],
        "blocks": [
            {
                "type": "rich_text",
                "block_id": "vv2J",
                "elements": [
                    {
                        "type": "rich_text_section",
                        "elements": [
                            {
                                "type": "link",
                                "url": "https:\/\/www.youtube.com\/watch?v=iiEP6UZ8X_4"
                            }
                        ]
                    }
                ]
            }
        ],
        "reactions": [
            {
                "name": "raised_hands",
                "users": [
                    "U01RRV4JX6Z"
                ],
                "count": 1
            },
            {
                "name": "clap",
                "users": [
                    "U01RP2K1606"
                ],
                "count": 1
            }
        ]
    }
]