[
    {
        "client_msg_id": "2121a0cf-b685-4e5f-a4d6-31289dc95b50",
        "type": "message",
        "text": "you had me at ‘weed zapping robot’ <https:\/\/www.thescottishfarmer.co.uk\/machinery\/19270142.carbon-robotics-latest-weed-zapping-robot-uses-ai-lasers\/>",
        "user": "U01RW140HBP",
        "ts": "1620028159.010100",
        "team": "T01RBRV5F7H",
        "user_team": "T01RBRV5F7H",
        "source_team": "T01RBRV5F7H",
        "user_profile": {
            "avatar_hash": "4c43a3a8d10b",
            "image_72": "https:\/\/avatars.slack-edge.com\/2021-03-21\/1895736308209_4c43a3a8d10bc2fe5e13_72.png",
            "first_name": "siand",
            "real_name": "siand the LT (she\/her)",
            "display_name": "siand the LT (she\/her)",
            "team": "T01RBRV5F7H",
            "name": "sian.davies",
            "is_restricted": false,
            "is_ultra_restricted": false
        },
        "attachments": [
            {
                "service_name": "The Scottish Farmer",
                "title": "Latest weed zapping robot unveiled by US company",
                "title_link": "https:\/\/www.thescottishfarmer.co.uk\/machinery\/19270142.carbon-robotics-latest-weed-zapping-robot-uses-ai-lasers\/",
                "text": "A NEW weeding robot that uniquely uses lasers to 'exterminate the enemy', has been released by Carbon Robotics in the US.",
                "fallback": "The Scottish Farmer: Latest weed zapping robot unveiled by US company",
                "image_url": "https:\/\/www.thescottishfarmer.co.uk\/resources\/images\/12558743\/",
                "image_width": 444,
                "image_height": 250,
                "from_url": "https:\/\/www.thescottishfarmer.co.uk\/machinery\/19270142.carbon-robotics-latest-weed-zapping-robot-uses-ai-lasers\/",
                "image_bytes": 269873,
                "service_icon": "https:\/\/www.thescottishfarmer.co.uk\/resources\/images\/7806338\/",
                "id": 1,
                "original_url": "https:\/\/www.thescottishfarmer.co.uk\/machinery\/19270142.carbon-robotics-latest-weed-zapping-robot-uses-ai-lasers\/"
            }
        ],
        "blocks": [
            {
                "type": "rich_text",
                "block_id": "7yR0",
                "elements": [
                    {
                        "type": "rich_text_section",
                        "elements": [
                            {
                                "type": "text",
                                "text": "you had me at ‘weed zapping robot’ "
                            },
                            {
                                "type": "link",
                                "url": "https:\/\/www.thescottishfarmer.co.uk\/machinery\/19270142.carbon-robotics-latest-weed-zapping-robot-uses-ai-lasers\/"
                            }
                        ]
                    }
                ]
            }
        ],
        "thread_ts": "1620028159.010100",
        "reply_count": 3,
        "reply_users_count": 1,
        "latest_reply": "1620030413.010700",
        "reply_users": [
            "U01RRV4JX6Z"
        ],
        "replies": [
            {
                "user": "U01RRV4JX6Z",
                "ts": "1620030376.010300"
            },
            {
                "user": "U01RRV4JX6Z",
                "ts": "1620030387.010500"
            },
            {
                "user": "U01RRV4JX6Z",
                "ts": "1620030413.010700"
            }
        ],
        "is_locked": false,
        "subscribed": false
    },
    {
        "client_msg_id": "59d9263d-7d31-4c5b-a9d9-a3f68bb15734",
        "type": "message",
        "text": "The first thing i thought was the marijuana weed... :joy:",
        "user": "U01RRV4JX6Z",
        "ts": "1620030376.010300",
        "team": "T01RBRV5F7H",
        "user_team": "T01RBRV5F7H",
        "source_team": "T01RBRV5F7H",
        "user_profile": {
            "avatar_hash": "339c4d69b7d9",
            "image_72": "https:\/\/avatars.slack-edge.com\/2021-04-14\/1961122781618_339c4d69b7d9fe16343a_72.jpg",
            "first_name": "",
            "real_name": "Francisco Ebeling",
            "display_name": "Francisco Ebeling",
            "team": "T01RBRV5F7H",
            "name": "ebelingbarros",
            "is_restricted": false,
            "is_ultra_restricted": false
        },
        "edited": {
            "user": "U01RRV4JX6Z",
            "ts": "1620030426.000000"
        },
        "blocks": [
            {
                "type": "rich_text",
                "block_id": "qg2f",
                "elements": [
                    {
                        "type": "rich_text_section",
                        "elements": [
                            {
                                "type": "text",
                                "text": "The first thing i thought was the marijuana weed... "
                            },
                            {
                                "type": "emoji",
                                "name": "joy"
                            }
                        ]
                    }
                ]
            }
        ],
        "thread_ts": "1620028159.010100",
        "parent_user_id": "U01RW140HBP"
    },
    {
        "client_msg_id": "06ceca78-c434-4463-9c60-060c68060301",
        "type": "message",
        "text": "Good for the pesticides part, though",
        "user": "U01RRV4JX6Z",
        "ts": "1620030387.010500",
        "team": "T01RBRV5F7H",
        "user_team": "T01RBRV5F7H",
        "source_team": "T01RBRV5F7H",
        "user_profile": {
            "avatar_hash": "339c4d69b7d9",
            "image_72": "https:\/\/avatars.slack-edge.com\/2021-04-14\/1961122781618_339c4d69b7d9fe16343a_72.jpg",
            "first_name": "",
            "real_name": "Francisco Ebeling",
            "display_name": "Francisco Ebeling",
            "team": "T01RBRV5F7H",
            "name": "ebelingbarros",
            "is_restricted": false,
            "is_ultra_restricted": false
        },
        "blocks": [
            {
                "type": "rich_text",
                "block_id": "vq29J",
                "elements": [
                    {
                        "type": "rich_text_section",
                        "elements": [
                            {
                                "type": "text",
                                "text": "Good for the pesticides part, though"
                            }
                        ]
                    }
                ]
            }
        ],
        "thread_ts": "1620028159.010100",
        "parent_user_id": "U01RW140HBP"
    },
    {
        "client_msg_id": "f4cfa658-11fa-4b13-b1be-79858d0d845f",
        "type": "message",
        "text": "*herbicides",
        "user": "U01RRV4JX6Z",
        "ts": "1620030413.010700",
        "team": "T01RBRV5F7H",
        "user_team": "T01RBRV5F7H",
        "source_team": "T01RBRV5F7H",
        "user_profile": {
            "avatar_hash": "339c4d69b7d9",
            "image_72": "https:\/\/avatars.slack-edge.com\/2021-04-14\/1961122781618_339c4d69b7d9fe16343a_72.jpg",
            "first_name": "",
            "real_name": "Francisco Ebeling",
            "display_name": "Francisco Ebeling",
            "team": "T01RBRV5F7H",
            "name": "ebelingbarros",
            "is_restricted": false,
            "is_ultra_restricted": false
        },
        "blocks": [
            {
                "type": "rich_text",
                "block_id": "uI3GJ",
                "elements": [
                    {
                        "type": "rich_text_section",
                        "elements": [
                            {
                                "type": "text",
                                "text": "*herbicides"
                            }
                        ]
                    }
                ]
            }
        ],
        "thread_ts": "1620028159.010100",
        "parent_user_id": "U01RW140HBP"
    },
    {
        "type": "message",
        "text": "fun stuff",
        "files": [
            {
                "id": "F021DMDC1H6",
                "created": 1620034879,
                "timestamp": 1620034879,
                "name": "image.png",
                "title": "image.png",
                "mimetype": "image\/png",
                "filetype": "png",
                "pretty_type": "PNG",
                "user": "U01RW2X7S9Z",
                "editable": false,
                "size": 82890,
                "mode": "hosted",
                "is_external": false,
                "external_type": "",
                "is_public": true,
                "public_url_shared": false,
                "display_as_bot": false,
                "username": "",
                "url_private": "https:\/\/files.slack.com\/files-pri\/T01RBRV5F7H-F021DMDC1H6\/image.png?t=xoxe-1861879185255-2068564688150-2068564727718-519dfbdd8f50e154f7dac1ab76bfc0d2",
                "url_private_download": "https:\/\/files.slack.com\/files-pri\/T01RBRV5F7H-F021DMDC1H6\/download\/image.png?t=xoxe-1861879185255-2068564688150-2068564727718-519dfbdd8f50e154f7dac1ab76bfc0d2",
                "thumb_64": "https:\/\/files.slack.com\/files-tmb\/T01RBRV5F7H-F021DMDC1H6-53cb347b9f\/image_64.png?t=xoxe-1861879185255-2068564688150-2068564727718-519dfbdd8f50e154f7dac1ab76bfc0d2",
                "thumb_80": "https:\/\/files.slack.com\/files-tmb\/T01RBRV5F7H-F021DMDC1H6-53cb347b9f\/image_80.png?t=xoxe-1861879185255-2068564688150-2068564727718-519dfbdd8f50e154f7dac1ab76bfc0d2",
                "thumb_360": "https:\/\/files.slack.com\/files-tmb\/T01RBRV5F7H-F021DMDC1H6-53cb347b9f\/image_360.png?t=xoxe-1861879185255-2068564688150-2068564727718-519dfbdd8f50e154f7dac1ab76bfc0d2",
                "thumb_360_w": 360,
                "thumb_360_h": 93,
                "thumb_480": "https:\/\/files.slack.com\/files-tmb\/T01RBRV5F7H-F021DMDC1H6-53cb347b9f\/image_480.png?t=xoxe-1861879185255-2068564688150-2068564727718-519dfbdd8f50e154f7dac1ab76bfc0d2",
                "thumb_480_w": 480,
                "thumb_480_h": 124,
                "thumb_160": "https:\/\/files.slack.com\/files-tmb\/T01RBRV5F7H-F021DMDC1H6-53cb347b9f\/image_160.png?t=xoxe-1861879185255-2068564688150-2068564727718-519dfbdd8f50e154f7dac1ab76bfc0d2",
                "thumb_720": "https:\/\/files.slack.com\/files-tmb\/T01RBRV5F7H-F021DMDC1H6-53cb347b9f\/image_720.png?t=xoxe-1861879185255-2068564688150-2068564727718-519dfbdd8f50e154f7dac1ab76bfc0d2",
                "thumb_720_w": 720,
                "thumb_720_h": 185,
                "thumb_800": "https:\/\/files.slack.com\/files-tmb\/T01RBRV5F7H-F021DMDC1H6-53cb347b9f\/image_800.png?t=xoxe-1861879185255-2068564688150-2068564727718-519dfbdd8f50e154f7dac1ab76bfc0d2",
                "thumb_800_w": 800,
                "thumb_800_h": 206,
                "thumb_960": "https:\/\/files.slack.com\/files-tmb\/T01RBRV5F7H-F021DMDC1H6-53cb347b9f\/image_960.png?t=xoxe-1861879185255-2068564688150-2068564727718-519dfbdd8f50e154f7dac1ab76bfc0d2",
                "thumb_960_w": 960,
                "thumb_960_h": 247,
                "original_w": 1022,
                "original_h": 263,
                "thumb_tiny": "AwAMADCc2a+r\/kKPsa+r\/kKz5XYSvz\/Eabvb1rWz7menY0vsSZ+8\/wCQoayQKTufj0ArNLse9X9OJ8uQ5zyKTuuo1YU2cYQNuk5xxgU77CnTe35CrSnNLU8zKsj\/2Q==",
                "permalink": "https:\/\/data-ft-ber-03-2021.slack.com\/files\/U01RW2X7S9Z\/F021DMDC1H6\/image.png",
                "permalink_public": "https:\/\/slack-files.com\/T01RBRV5F7H-F021DMDC1H6-d2798eb53b",
                "is_starred": false,
                "has_rich_preview": false
            }
        ],
        "upload": false,
        "blocks": [
            {
                "type": "rich_text",
                "block_id": "nX9j",
                "elements": [
                    {
                        "type": "rich_text_section",
                        "elements": [
                            {
                                "type": "text",
                                "text": "fun stuff"
                            }
                        ]
                    }
                ]
            }
        ],
        "user": "U01RW2X7S9Z",
        "display_as_bot": false,
        "ts": "1620034882.011100",
        "reactions": [
            {
                "name": "joy",
                "users": [
                    "U01RSRE0N3D",
                    "U01RRV4JX6Z",
                    "U01S0E0MRJ7",
                    "U01RKN0EGDV",
                    "U01S7BM4N81"
                ],
                "count": 5
            },
            {
                "name": "panik",
                "users": [
                    "U01RSRE0N3D"
                ],
                "count": 1
            },
            {
                "name": "+1",
                "users": [
                    "U01RW140HBP"
                ],
                "count": 1
            }
        ]
    },
    {
        "client_msg_id": "E92BDBD2-9B87-4917-BF24-C638905E08C1",
        "type": "message",
        "text": "<https:\/\/www.reddit.com\/r\/datascience\/comments\/n3v93k\/im_a_senior_data_scientist_at_disney_and_im\/?utm_source=share&amp;utm_medium=ios_app&amp;utm_name=iossmf|https:\/\/www.reddit.com\/r\/datascience\/comments\/n3v93k\/im_a_senior_data_scientist_at_disney_and_im\/?utm_source=share&amp;utm_medium=ios_app&amp;utm_name=iossmf>",
        "user": "U01S7BM4N81",
        "ts": "1620048759.012200",
        "team": "T01RBRV5F7H",
        "user_team": "T01RBRV5F7H",
        "source_team": "T01RBRV5F7H",
        "user_profile": {
            "avatar_hash": "2adfc641e87e",
            "image_72": "https:\/\/avatars.slack-edge.com\/2021-04-16\/1994438084416_2adfc641e87e3a953d9c_72.png",
            "first_name": "Thamo",
            "real_name": "Thamo",
            "display_name": "Thamo",
            "team": "T01RBRV5F7H",
            "name": "thamokoeper",
            "is_restricted": false,
            "is_ultra_restricted": false
        },
        "attachments": [
            {
                "service_name": "reddit",
                "title": "I'm a Senior Data Scientist at Disney and I'm hosting another Data Science Q&amp;A session this Thursday @ 5:30 PM PST. I'll be joined by an Applied Scientist at Amazon!",
                "title_link": "https:\/\/www.reddit.com\/r\/datascience\/comments\/n3v93k\/im_a_senior_data_scientist_at_disney_and_im\/?utm_source=share&utm_medium=ios_app&utm_name=iossmf",
                "text": "**DISCLAIMER**: This is completely free and not sponsored in any way. I really just enjoy helping students get started and potentially transition...",
                "fallback": "reddit: I'm a Senior Data Scientist at Disney and I'm hosting another Data Science Q&amp;A session this Thursday @ 5:30 PM PST. I'll be joined by an Applied Scientist at Amazon!",
                "thumb_url": "https:\/\/external-preview.redd.it\/5fye2tXKh28Ut8vuG6F9-F0K7V4RQTu-QjWZI16al-w.jpg?width=1125&height=589.005235602&auto=webp&crop=1125:589.005235602,smart&s=79dd8c52084ee9d680f342a713bd8900793db277",
                "from_url": "https:\/\/www.reddit.com\/r\/datascience\/comments\/n3v93k\/im_a_senior_data_scientist_at_disney_and_im\/?utm_source=share&utm_medium=ios_app&utm_name=iossmf",
                "thumb_width": 1125,
                "thumb_height": 589,
                "service_icon": "http:\/\/www.redditstatic.com\/desktop2x\/img\/favicon\/apple-icon-57x57.png",
                "id": 1,
                "original_url": "https:\/\/www.reddit.com\/r\/datascience\/comments\/n3v93k\/im_a_senior_data_scientist_at_disney_and_im\/?utm_source=share&amp;utm_medium=ios_app&amp;utm_name=iossmf"
            }
        ],
        "blocks": [
            {
                "type": "rich_text",
                "block_id": "5Y+6",
                "elements": [
                    {
                        "type": "rich_text_section",
                        "elements": [
                            {
                                "type": "link",
                                "url": "https:\/\/www.reddit.com\/r\/datascience\/comments\/n3v93k\/im_a_senior_data_scientist_at_disney_and_im\/?utm_source=share&utm_medium=ios_app&utm_name=iossmf",
                                "text": "https:\/\/www.reddit.com\/r\/datascience\/comments\/n3v93k\/im_a_senior_data_scientist_at_disney_and_im\/?utm_source=share&utm_medium=ios_app&utm_name=iossmf"
                            }
                        ]
                    }
                ]
            }
        ],
        "reactions": [
            {
                "name": "eyes",
                "users": [
                    "U01RW140HBP"
                ],
                "count": 1
            }
        ]
    }
]