[
    {
        "client_msg_id": "086e4165-3576-463f-9291-2759694fa509",
        "type": "message",
        "text": "Wouldn’t this lead only to a higher velocity of the money, not necesseraly to a more stable value?\nIn any way, it gives an incentive to spend rather than safe, and that is definitely not attractive to investors.\nComing more from the austrian school of economics, I doubt this is the right way…\nBut yes, electronic currencies will be the future, no doubt. Digital societies need digital money.\nBut, just between me and you, I don’t want people to see what I do or don’t do with my money, and as long as privacy is not 100% solved (though there is ZEC, Zedcash, which does a decent job, and monero, XRM which is also very good) , the development is not there yet.",
        "user": "U01S7BM4N81",
        "ts": "1620630082.002900",
        "team": "T01RBRV5F7H",
        "user_team": "T01RBRV5F7H",
        "source_team": "T01RBRV5F7H",
        "user_profile": {
            "avatar_hash": "2adfc641e87e",
            "image_72": "https:\/\/avatars.slack-edge.com\/2021-04-16\/1994438084416_2adfc641e87e3a953d9c_72.png",
            "first_name": "Thamo",
            "real_name": "Thamo",
            "display_name": "Thamo",
            "team": "T01RBRV5F7H",
            "name": "thamokoeper",
            "is_restricted": false,
            "is_ultra_restricted": false
        },
        "blocks": [
            {
                "type": "rich_text",
                "block_id": "7E=O",
                "elements": [
                    {
                        "type": "rich_text_section",
                        "elements": [
                            {
                                "type": "text",
                                "text": "Wouldn’t this lead only to a higher velocity of the money, not necesseraly to a more stable value?\nIn any way, it gives an incentive to spend rather than safe, and that is definitely not attractive to investors.\nComing more from the austrian school of economics, I doubt this is the right way…\nBut yes, electronic currencies will be the future, no doubt. Digital societies need digital money.\nBut, just between me and you, I don’t want people to see what I do or don’t do with my money, and as long as privacy is not 100% solved (though there is ZEC, Zedcash, which does a decent job, and monero, XRM which is also very good) , the development is not there yet."
                            }
                        ]
                    }
                ]
            }
        ],
        "thread_ts": "1620544577.000100",
        "parent_user_id": "U01RRV4JX6Z"
    },
    {
        "client_msg_id": "cbd159e0-ae18-4a77-99c7-ce5317fb3869",
        "type": "message",
        "text": "But is high money velocity necessarily a bad thing? According to this post, a low money velocity is an indicator of a stagnated economy... <https:\/\/thistimeitisdifferent.com\/eurozone-money-velocity-august-2018>",
        "user": "U01RRV4JX6Z",
        "ts": "1620632258.003100",
        "team": "T01RBRV5F7H",
        "user_team": "T01RBRV5F7H",
        "source_team": "T01RBRV5F7H",
        "user_profile": {
            "avatar_hash": "339c4d69b7d9",
            "image_72": "https:\/\/avatars.slack-edge.com\/2021-04-14\/1961122781618_339c4d69b7d9fe16343a_72.jpg",
            "first_name": "",
            "real_name": "Francisco Ebeling",
            "display_name": "Francisco Ebeling",
            "team": "T01RBRV5F7H",
            "name": "ebelingbarros",
            "is_restricted": false,
            "is_ultra_restricted": false
        },
        "attachments": [
            {
                "service_name": "This Time it is Different",
                "title": "Euro Area or Eurozone Money Velocity seems to be shockingly low | This Time it is Different",
                "title_link": "https:\/\/thistimeitisdifferent.com\/eurozone-money-velocity-august-2018",
                "text": "We couldn’t find any official Money Velocity numbers for the Euro Area (Eurozone) so calculated it using the Equation of Exchange Equation of Exchange MV=PQ Money Supply (M) * Money Velocity (V) = Price level (P) * Real economic output (Q) Which means Money Supply * Money Velocity = Nominal GDP Therefore, Money Velocity = … Continue reading \"Euro Area or Eurozone Money Velocity seems to be shockingly low\"",
                "fallback": "This Time it is Different: Euro Area or Eurozone Money Velocity seems to be shockingly low | This Time it is Different",
                "image_url": "https:\/\/thistimeitisdifferent.com\/wp-content\/uploads\/2018\/08\/Euro-area-money-velocity-M3-table-1.png",
                "fields": [
                    {
                        "title": "Written by",
                        "value": "The Crew at This Time it is Different",
                        "short": true
                    },
                    {
                        "title": "Estimated reading time",
                        "value": "3 minutes",
                        "short": true
                    }
                ],
                "ts": 1533944377,
                "from_url": "https:\/\/thistimeitisdifferent.com\/eurozone-money-velocity-august-2018",
                "image_width": 107,
                "image_height": 250,
                "image_bytes": 179479,
                "service_icon": "https:\/\/thistimeitisdifferent.com\/wp-content\/uploads\/2020\/02\/cropped-ttiid-new-logo-2020-180x180.png",
                "id": 1,
                "original_url": "https:\/\/thistimeitisdifferent.com\/eurozone-money-velocity-august-2018"
            }
        ],
        "blocks": [
            {
                "type": "rich_text",
                "block_id": "0Uu2I",
                "elements": [
                    {
                        "type": "rich_text_section",
                        "elements": [
                            {
                                "type": "text",
                                "text": "But is high money velocity necessarily a bad thing? According to this post, a low money velocity is an indicator of a stagnated economy... "
                            },
                            {
                                "type": "link",
                                "url": "https:\/\/thistimeitisdifferent.com\/eurozone-money-velocity-august-2018"
                            }
                        ]
                    }
                ]
            }
        ],
        "thread_ts": "1620544577.000100",
        "parent_user_id": "U01RRV4JX6Z"
    },
    {
        "client_msg_id": "ba976343-8f52-451c-9cd1-f93f4bdcde05",
        "type": "message",
        "text": "I think that you are right that the anonimity that bitcoin permits is a good thing. Unfortunately this is the way things are. Money is an eminently political phenomenon. It is a creature of the state, of the ruler who needed to gather debts to finance his or her wars. The state is the \"money creating professional\" who is stealing anarchocapitalists' brilliant idea...",
        "user": "U01RRV4JX6Z",
        "ts": "1620632461.003400",
        "team": "T01RBRV5F7H",
        "user_team": "T01RBRV5F7H",
        "source_team": "T01RBRV5F7H",
        "user_profile": {
            "avatar_hash": "339c4d69b7d9",
            "image_72": "https:\/\/avatars.slack-edge.com\/2021-04-14\/1961122781618_339c4d69b7d9fe16343a_72.jpg",
            "first_name": "",
            "real_name": "Francisco Ebeling",
            "display_name": "Francisco Ebeling",
            "team": "T01RBRV5F7H",
            "name": "ebelingbarros",
            "is_restricted": false,
            "is_ultra_restricted": false
        },
        "blocks": [
            {
                "type": "rich_text",
                "block_id": "0cso",
                "elements": [
                    {
                        "type": "rich_text_section",
                        "elements": [
                            {
                                "type": "text",
                                "text": "I think that you are right that the anonimity that bitcoin permits is a good thing. Unfortunately this is the way things are. Money is an eminently political phenomenon. It is a creature of the state, of the ruler who needed to gather debts to finance his or her wars. The state is the \"money creating professional\" who is stealing anarchocapitalists' brilliant idea..."
                            }
                        ]
                    }
                ]
            }
        ],
        "thread_ts": "1620544577.000100",
        "parent_user_id": "U01RRV4JX6Z",
        "reactions": [
            {
                "name": "raised_hands",
                "users": [
                    "U01S7BM4N81"
                ],
                "count": 1
            }
        ]
    },
    {
        "client_msg_id": "b7732eec-ba8b-42eb-992b-4ada46cebd9f",
        "type": "message",
        "text": "Thamo, i saw that some guys use sentiment analysis to analyze bitcoins",
        "user": "U01RRV4JX6Z",
        "ts": "1620632641.003700",
        "team": "T01RBRV5F7H",
        "user_team": "T01RBRV5F7H",
        "source_team": "T01RBRV5F7H",
        "user_profile": {
            "avatar_hash": "339c4d69b7d9",
            "image_72": "https:\/\/avatars.slack-edge.com\/2021-04-14\/1961122781618_339c4d69b7d9fe16343a_72.jpg",
            "first_name": "",
            "real_name": "Francisco Ebeling",
            "display_name": "Francisco Ebeling",
            "team": "T01RBRV5F7H",
            "name": "ebelingbarros",
            "is_restricted": false,
            "is_ultra_restricted": false
        },
        "blocks": [
            {
                "type": "rich_text",
                "block_id": "I+dGZ",
                "elements": [
                    {
                        "type": "rich_text_section",
                        "elements": [
                            {
                                "type": "text",
                                "text": "Thamo, i saw that some guys use sentiment analysis to analyze bitcoins"
                            }
                        ]
                    }
                ]
            }
        ],
        "thread_ts": "1620544577.000100",
        "parent_user_id": "U01RRV4JX6Z"
    },
    {
        "client_msg_id": "53d6d2e6-cbf0-4697-85d0-389c3753f905",
        "type": "message",
        "text": "A lot of us do, but markets arent moved by retail investors emotions",
        "user": "U01S7BM4N81",
        "ts": "1620632685.003900",
        "team": "T01RBRV5F7H",
        "user_team": "T01RBRV5F7H",
        "source_team": "T01RBRV5F7H",
        "user_profile": {
            "avatar_hash": "2adfc641e87e",
            "image_72": "https:\/\/avatars.slack-edge.com\/2021-04-16\/1994438084416_2adfc641e87e3a953d9c_72.png",
            "first_name": "Thamo",
            "real_name": "Thamo",
            "display_name": "Thamo",
            "team": "T01RBRV5F7H",
            "name": "thamokoeper",
            "is_restricted": false,
            "is_ultra_restricted": false
        },
        "blocks": [
            {
                "type": "rich_text",
                "block_id": "YSTn5",
                "elements": [
                    {
                        "type": "rich_text_section",
                        "elements": [
                            {
                                "type": "text",
                                "text": "A lot of us do, but markets arent moved by retail investors emotions"
                            }
                        ]
                    }
                ]
            }
        ],
        "thread_ts": "1620544577.000100",
        "parent_user_id": "U01RRV4JX6Z"
    },
    {
        "client_msg_id": "e35c16c7-a7cd-48f9-b23a-27ac9a4da704",
        "type": "message",
        "text": "Ah, ok",
        "user": "U01RRV4JX6Z",
        "ts": "1620632697.004100",
        "team": "T01RBRV5F7H",
        "user_team": "T01RBRV5F7H",
        "source_team": "T01RBRV5F7H",
        "user_profile": {
            "avatar_hash": "339c4d69b7d9",
            "image_72": "https:\/\/avatars.slack-edge.com\/2021-04-14\/1961122781618_339c4d69b7d9fe16343a_72.jpg",
            "first_name": "",
            "real_name": "Francisco Ebeling",
            "display_name": "Francisco Ebeling",
            "team": "T01RBRV5F7H",
            "name": "ebelingbarros",
            "is_restricted": false,
            "is_ultra_restricted": false
        },
        "blocks": [
            {
                "type": "rich_text",
                "block_id": "dwL",
                "elements": [
                    {
                        "type": "rich_text_section",
                        "elements": [
                            {
                                "type": "text",
                                "text": "Ah, ok"
                            }
                        ]
                    }
                ]
            }
        ],
        "thread_ts": "1620544577.000100",
        "parent_user_id": "U01RRV4JX6Z"
    },
    {
        "client_msg_id": "a8800997-6d04-46af-86b9-ec27931c30c7",
        "type": "message",
        "text": "Perhaps this could be your hipothesis 0",
        "user": "U01RRV4JX6Z",
        "ts": "1620632739.004300",
        "team": "T01RBRV5F7H",
        "user_team": "T01RBRV5F7H",
        "source_team": "T01RBRV5F7H",
        "user_profile": {
            "avatar_hash": "339c4d69b7d9",
            "image_72": "https:\/\/avatars.slack-edge.com\/2021-04-14\/1961122781618_339c4d69b7d9fe16343a_72.jpg",
            "first_name": "",
            "real_name": "Francisco Ebeling",
            "display_name": "Francisco Ebeling",
            "team": "T01RBRV5F7H",
            "name": "ebelingbarros",
            "is_restricted": false,
            "is_ultra_restricted": false
        },
        "blocks": [
            {
                "type": "rich_text",
                "block_id": "7IB3",
                "elements": [
                    {
                        "type": "rich_text_section",
                        "elements": [
                            {
                                "type": "text",
                                "text": "Perhaps this could be your hipothesis 0"
                            }
                        ]
                    }
                ]
            }
        ],
        "thread_ts": "1620544577.000100",
        "parent_user_id": "U01RRV4JX6Z"
    },
    {
        "client_msg_id": "4ff3501e-1cf7-4056-a597-124dbdb1f6bb",
        "type": "message",
        "text": "*hypothesis",
        "user": "U01RRV4JX6Z",
        "ts": "1620632745.004500",
        "team": "T01RBRV5F7H",
        "user_team": "T01RBRV5F7H",
        "source_team": "T01RBRV5F7H",
        "user_profile": {
            "avatar_hash": "339c4d69b7d9",
            "image_72": "https:\/\/avatars.slack-edge.com\/2021-04-14\/1961122781618_339c4d69b7d9fe16343a_72.jpg",
            "first_name": "",
            "real_name": "Francisco Ebeling",
            "display_name": "Francisco Ebeling",
            "team": "T01RBRV5F7H",
            "name": "ebelingbarros",
            "is_restricted": false,
            "is_ultra_restricted": false
        },
        "blocks": [
            {
                "type": "rich_text",
                "block_id": "dae2v",
                "elements": [
                    {
                        "type": "rich_text_section",
                        "elements": [
                            {
                                "type": "text",
                                "text": "*hypothesis"
                            }
                        ]
                    }
                ]
            }
        ],
        "thread_ts": "1620544577.000100",
        "parent_user_id": "U01RRV4JX6Z"
    },
    {
        "client_msg_id": "fcfd76a2-83a1-499a-830e-f6feca23cca9",
        "type": "message",
        "text": "Thought about this as well",
        "user": "U01S7BM4N81",
        "ts": "1620632748.004700",
        "team": "T01RBRV5F7H",
        "user_team": "T01RBRV5F7H",
        "source_team": "T01RBRV5F7H",
        "user_profile": {
            "avatar_hash": "2adfc641e87e",
            "image_72": "https:\/\/avatars.slack-edge.com\/2021-04-16\/1994438084416_2adfc641e87e3a953d9c_72.png",
            "first_name": "Thamo",
            "real_name": "Thamo",
            "display_name": "Thamo",
            "team": "T01RBRV5F7H",
            "name": "thamokoeper",
            "is_restricted": false,
            "is_ultra_restricted": false
        },
        "blocks": [
            {
                "type": "rich_text",
                "block_id": "rk7",
                "elements": [
                    {
                        "type": "rich_text_section",
                        "elements": [
                            {
                                "type": "text",
                                "text": "Thought about this as well"
                            }
                        ]
                    }
                ]
            }
        ],
        "thread_ts": "1620544577.000100",
        "parent_user_id": "U01RRV4JX6Z"
    },
    {
        "client_msg_id": "11947cf7-6ea5-4d7e-b76d-e019af44f806",
        "type": "message",
        "text": "let’s see :slightly_smiling_face:",
        "user": "U01S7BM4N81",
        "ts": "1620632752.004900",
        "team": "T01RBRV5F7H",
        "user_team": "T01RBRV5F7H",
        "source_team": "T01RBRV5F7H",
        "user_profile": {
            "avatar_hash": "2adfc641e87e",
            "image_72": "https:\/\/avatars.slack-edge.com\/2021-04-16\/1994438084416_2adfc641e87e3a953d9c_72.png",
            "first_name": "Thamo",
            "real_name": "Thamo",
            "display_name": "Thamo",
            "team": "T01RBRV5F7H",
            "name": "thamokoeper",
            "is_restricted": false,
            "is_ultra_restricted": false
        },
        "blocks": [
            {
                "type": "rich_text",
                "block_id": "Pp9W2",
                "elements": [
                    {
                        "type": "rich_text_section",
                        "elements": [
                            {
                                "type": "text",
                                "text": "let’s see "
                            },
                            {
                                "type": "emoji",
                                "name": "slightly_smiling_face"
                            }
                        ]
                    }
                ]
            }
        ],
        "thread_ts": "1620544577.000100",
        "parent_user_id": "U01RRV4JX6Z"
    },
    {
        "client_msg_id": "36b0f4a1-5941-4b62-b431-a7f4c11a7971",
        "type": "message",
        "text": "I dont know much about bitcoins, but i undestand quiet well how oil financial markets work. And there is true that price is driven not by retail investors, but by key investors",
        "user": "U01RRV4JX6Z",
        "ts": "1620632802.005100",
        "team": "T01RBRV5F7H",
        "user_team": "T01RBRV5F7H",
        "source_team": "T01RBRV5F7H",
        "user_profile": {
            "avatar_hash": "339c4d69b7d9",
            "image_72": "https:\/\/avatars.slack-edge.com\/2021-04-14\/1961122781618_339c4d69b7d9fe16343a_72.jpg",
            "first_name": "",
            "real_name": "Francisco Ebeling",
            "display_name": "Francisco Ebeling",
            "team": "T01RBRV5F7H",
            "name": "ebelingbarros",
            "is_restricted": false,
            "is_ultra_restricted": false
        },
        "blocks": [
            {
                "type": "rich_text",
                "block_id": "NXU7f",
                "elements": [
                    {
                        "type": "rich_text_section",
                        "elements": [
                            {
                                "type": "text",
                                "text": "I dont know much about bitcoins, but i undestand quiet well how oil financial markets work. And there is true that price is driven not by retail investors, but by key investors"
                            }
                        ]
                    }
                ]
            }
        ],
        "thread_ts": "1620544577.000100",
        "parent_user_id": "U01RRV4JX6Z"
    },
    {
        "client_msg_id": "a1972e98-47ee-4475-b3f3-9abc8118ece4",
        "type": "message",
        "text": "My whole trading hypthesis is, that markets are constantly manipulated by the large key investors. You can see their traces in price and volume movements, its quite hard to hide billions of dollars in the chart.\nAnd if you think about it, these players need to engineer the liquidity for their positions.\nThey often do this by ‘generating’ news that drives price into retail stops or force margin calls with large swings of price.\nIn unrgegulated markets, this is even worse, and thats why people are under the impression it is dangerous to trade, when in reality you just have to wait for the wave and ride it",
        "user": "U01S7BM4N81",
        "ts": "1620633074.005300",
        "team": "T01RBRV5F7H",
        "user_team": "T01RBRV5F7H",
        "source_team": "T01RBRV5F7H",
        "user_profile": {
            "avatar_hash": "2adfc641e87e",
            "image_72": "https:\/\/avatars.slack-edge.com\/2021-04-16\/1994438084416_2adfc641e87e3a953d9c_72.png",
            "first_name": "Thamo",
            "real_name": "Thamo",
            "display_name": "Thamo",
            "team": "T01RBRV5F7H",
            "name": "thamokoeper",
            "is_restricted": false,
            "is_ultra_restricted": false
        },
        "blocks": [
            {
                "type": "rich_text",
                "block_id": "5+H",
                "elements": [
                    {
                        "type": "rich_text_section",
                        "elements": [
                            {
                                "type": "text",
                                "text": "My whole trading hypthesis is, that markets are constantly manipulated by the large key investors. You can see their traces in price and volume movements, its quite hard to hide billions of dollars in the chart.\nAnd if you think about it, these players need to engineer the liquidity for their positions.\nThey often do this by ‘generating’ news that drives price into retail stops or force margin calls with large swings of price.\nIn unrgegulated markets, this is even worse, and thats why people are under the impression it is dangerous to trade, when in reality you just have to wait for the wave and ride it"
                            }
                        ]
                    }
                ]
            }
        ],
        "thread_ts": "1620544577.000100",
        "parent_user_id": "U01RRV4JX6Z"
    },
    {
        "client_msg_id": "7bfd68fe-dded-4703-a73b-2c55df46fc01",
        "type": "message",
        "text": "Yes, this is precisely what i read regarding energy markets",
        "user": "U01RRV4JX6Z",
        "ts": "1620633176.005500",
        "team": "T01RBRV5F7H",
        "user_team": "T01RBRV5F7H",
        "source_team": "T01RBRV5F7H",
        "user_profile": {
            "avatar_hash": "339c4d69b7d9",
            "image_72": "https:\/\/avatars.slack-edge.com\/2021-04-14\/1961122781618_339c4d69b7d9fe16343a_72.jpg",
            "first_name": "",
            "real_name": "Francisco Ebeling",
            "display_name": "Francisco Ebeling",
            "team": "T01RBRV5F7H",
            "name": "ebelingbarros",
            "is_restricted": false,
            "is_ultra_restricted": false
        },
        "blocks": [
            {
                "type": "rich_text",
                "block_id": "ivDl",
                "elements": [
                    {
                        "type": "rich_text_section",
                        "elements": [
                            {
                                "type": "text",
                                "text": "Yes, this is precisely what i read regarding energy markets"
                            }
                        ]
                    }
                ]
            }
        ],
        "thread_ts": "1620544577.000100",
        "parent_user_id": "U01RRV4JX6Z"
    },
    {
        "client_msg_id": "bc074b9c-a4c4-491c-8f47-155d11bbca71",
        "type": "message",
        "text": "The OPEC is publicly setting price targets and making non-sell-agreements, aren’t they?",
        "user": "U01S7BM4N81",
        "ts": "1620633200.005700",
        "team": "T01RBRV5F7H",
        "user_team": "T01RBRV5F7H",
        "source_team": "T01RBRV5F7H",
        "user_profile": {
            "avatar_hash": "2adfc641e87e",
            "image_72": "https:\/\/avatars.slack-edge.com\/2021-04-16\/1994438084416_2adfc641e87e3a953d9c_72.png",
            "first_name": "Thamo",
            "real_name": "Thamo",
            "display_name": "Thamo",
            "team": "T01RBRV5F7H",
            "name": "thamokoeper",
            "is_restricted": false,
            "is_ultra_restricted": false
        },
        "blocks": [
            {
                "type": "rich_text",
                "block_id": "WjVt2",
                "elements": [
                    {
                        "type": "rich_text_section",
                        "elements": [
                            {
                                "type": "text",
                                "text": "The OPEC is publicly setting price targets and making non-sell-agreements, aren’t they?"
                            }
                        ]
                    }
                ]
            }
        ],
        "thread_ts": "1620544577.000100",
        "parent_user_id": "U01RRV4JX6Z"
    },
    {
        "client_msg_id": "5eabe72f-12cb-4885-b213-5899f22b618f",
        "type": "message",
        "text": "Yes, that's what they do",
        "user": "U01RRV4JX6Z",
        "ts": "1620633301.005900",
        "team": "T01RBRV5F7H",
        "user_team": "T01RBRV5F7H",
        "source_team": "T01RBRV5F7H",
        "user_profile": {
            "avatar_hash": "339c4d69b7d9",
            "image_72": "https:\/\/avatars.slack-edge.com\/2021-04-14\/1961122781618_339c4d69b7d9fe16343a_72.jpg",
            "first_name": "",
            "real_name": "Francisco Ebeling",
            "display_name": "Francisco Ebeling",
            "team": "T01RBRV5F7H",
            "name": "ebelingbarros",
            "is_restricted": false,
            "is_ultra_restricted": false
        },
        "blocks": [
            {
                "type": "rich_text",
                "block_id": "YoZ5",
                "elements": [
                    {
                        "type": "rich_text_section",
                        "elements": [
                            {
                                "type": "text",
                                "text": "Yes, that's what they do"
                            }
                        ]
                    }
                ]
            }
        ],
        "thread_ts": "1620544577.000100",
        "parent_user_id": "U01RRV4JX6Z"
    },
    {
        "client_msg_id": "578bfbd7-62e1-47f8-b894-d0696ed81f54",
        "type": "message",
        "text": "It doesnt always work",
        "user": "U01RRV4JX6Z",
        "ts": "1620633325.006100",
        "team": "T01RBRV5F7H",
        "user_team": "T01RBRV5F7H",
        "source_team": "T01RBRV5F7H",
        "user_profile": {
            "avatar_hash": "339c4d69b7d9",
            "image_72": "https:\/\/avatars.slack-edge.com\/2021-04-14\/1961122781618_339c4d69b7d9fe16343a_72.jpg",
            "first_name": "",
            "real_name": "Francisco Ebeling",
            "display_name": "Francisco Ebeling",
            "team": "T01RBRV5F7H",
            "name": "ebelingbarros",
            "is_restricted": false,
            "is_ultra_restricted": false
        },
        "blocks": [
            {
                "type": "rich_text",
                "block_id": "b62Ar",
                "elements": [
                    {
                        "type": "rich_text_section",
                        "elements": [
                            {
                                "type": "text",
                                "text": "It doesnt always work"
                            }
                        ]
                    }
                ]
            }
        ],
        "thread_ts": "1620544577.000100",
        "parent_user_id": "U01RRV4JX6Z"
    },
    {
        "client_msg_id": "f09dcb1e-6a55-42c3-80fb-a349d04e27f7",
        "type": "message",
        "text": "But in petroleum markets prices are set in financial markets (brent futures ..). These are also influenced by these large traders",
        "user": "U01RRV4JX6Z",
        "ts": "1620633403.006300",
        "team": "T01RBRV5F7H",
        "user_team": "T01RBRV5F7H",
        "source_team": "T01RBRV5F7H",
        "user_profile": {
            "avatar_hash": "339c4d69b7d9",
            "image_72": "https:\/\/avatars.slack-edge.com\/2021-04-14\/1961122781618_339c4d69b7d9fe16343a_72.jpg",
            "first_name": "",
            "real_name": "Francisco Ebeling",
            "display_name": "Francisco Ebeling",
            "team": "T01RBRV5F7H",
            "name": "ebelingbarros",
            "is_restricted": false,
            "is_ultra_restricted": false
        },
        "blocks": [
            {
                "type": "rich_text",
                "block_id": "5DMt",
                "elements": [
                    {
                        "type": "rich_text_section",
                        "elements": [
                            {
                                "type": "text",
                                "text": "But in petroleum markets prices are set in financial markets (brent futures ..). These are also influenced by these large traders"
                            }
                        ]
                    }
                ]
            }
        ],
        "thread_ts": "1620544577.000100",
        "parent_user_id": "U01RRV4JX6Z"
    },
    {
        "client_msg_id": "be7efdd1-5a8d-4561-8f19-058ab68ef181",
        "type": "message",
        "text": "Usually the dynamic is the other way round, spot trading sets an index for future trading.\nBut I was there when brent futures went negative, and my broker didn’t allow me to buy below 0.\nAnyway, the point is, the invisible hand of the market is neither invisible, nor anonymous &lt;&lt;",
        "user": "U01S7BM4N81",
        "ts": "1620634404.006500",
        "team": "T01RBRV5F7H",
        "user_team": "T01RBRV5F7H",
        "source_team": "T01RBRV5F7H",
        "user_profile": {
            "avatar_hash": "2adfc641e87e",
            "image_72": "https:\/\/avatars.slack-edge.com\/2021-04-16\/1994438084416_2adfc641e87e3a953d9c_72.png",
            "first_name": "Thamo",
            "real_name": "Thamo",
            "display_name": "Thamo",
            "team": "T01RBRV5F7H",
            "name": "thamokoeper",
            "is_restricted": false,
            "is_ultra_restricted": false
        },
        "edited": {
            "user": "U01S7BM4N81",
            "ts": "1620638664.000000"
        },
        "blocks": [
            {
                "type": "rich_text",
                "block_id": "wIZB",
                "elements": [
                    {
                        "type": "rich_text_section",
                        "elements": [
                            {
                                "type": "text",
                                "text": "Usually the dynamic is the other way round, spot trading sets an index for future trading.\nBut I was there when brent futures went negative, and my broker didn’t allow me to buy below 0.\nAnyway, the point is, the invisible hand of the market is neither invisible, nor anonymous <<"
                            }
                        ]
                    }
                ]
            }
        ],
        "thread_ts": "1620544577.000100",
        "parent_user_id": "U01RRV4JX6Z"
    },
    {
        "client_msg_id": "48ce55ab-cc29-439e-b7f3-8c10585d27d1",
        "type": "message",
        "text": "I can only agree with that",
        "user": "U01RRV4JX6Z",
        "ts": "1620651818.006800",
        "team": "T01RBRV5F7H",
        "user_team": "T01RBRV5F7H",
        "source_team": "T01RBRV5F7H",
        "user_profile": {
            "avatar_hash": "339c4d69b7d9",
            "image_72": "https:\/\/avatars.slack-edge.com\/2021-04-14\/1961122781618_339c4d69b7d9fe16343a_72.jpg",
            "first_name": "",
            "real_name": "Francisco Ebeling",
            "display_name": "Francisco Ebeling",
            "team": "T01RBRV5F7H",
            "name": "ebelingbarros",
            "is_restricted": false,
            "is_ultra_restricted": false
        },
        "blocks": [
            {
                "type": "rich_text",
                "block_id": "5po",
                "elements": [
                    {
                        "type": "rich_text_section",
                        "elements": [
                            {
                                "type": "text",
                                "text": "I can only agree with that"
                            }
                        ]
                    }
                ]
            }
        ],
        "thread_ts": "1620544577.000100",
        "parent_user_id": "U01RRV4JX6Z"
    }
]