[
    {
        "client_msg_id": "3378c1dd-c319-4cc0-896c-5cdb2f23be1f",
        "type": "message",
        "text": "<https:\/\/berlinandaround.com\/2021\/03\/07\/see-cherry-blossoms-in-berlin\/> <@U01S65G72SY> <@U01S0P26NKD>",
        "user": "U01S79YDELR",
        "ts": "1617780262.000400",
        "team": "T01RBRV5F7H",
        "user_team": "T01RBRV5F7H",
        "source_team": "T01RBRV5F7H",
        "user_profile": {
            "avatar_hash": "606def897de6",
            "image_72": "https:\/\/avatars.slack-edge.com\/2021-03-22\/1910932493456_606def897de66681d932_72.jpg",
            "first_name": "",
            "real_name": "Karina Condeixa",
            "display_name": "Karina Condeixa",
            "team": "T01RBRV5F7H",
            "name": "karina.condeixa",
            "is_restricted": false,
            "is_ultra_restricted": false
        },
        "attachments": [
            {
                "service_name": "Berlin &amp; Around",
                "title": "Looking for Cherry Blossoms in Berlin? Discover 15 Top Spots",
                "title_link": "https:\/\/berlinandaround.com\/2021\/03\/07\/see-cherry-blossoms-in-berlin\/",
                "text": "Find out where to see the prettiest cherry blossoms in Berlin, from Charlottenburg to Lichtenberg. Map included. Can you tick all 15 spots off your list?",
                "fallback": "Berlin &amp; Around: Looking for Cherry Blossoms in Berlin? Discover 15 Top Spots",
                "image_url": "https:\/\/i1.wp.com\/berlinandaround.com\/wp-content\/uploads\/2021\/02\/FB_IMG_1614233085281.jpg",
                "image_width": 398,
                "image_height": 250,
                "from_url": "https:\/\/berlinandaround.com\/2021\/03\/07\/see-cherry-blossoms-in-berlin\/",
                "image_bytes": 139512,
                "service_icon": "https:\/\/i0.wp.com\/berlinandaround.com\/wp-content\/uploads\/2020\/05\/cropped-Berlin-Around-Logo-Circle-1.png?fit=180%2C180&#038;ssl=1",
                "id": 1,
                "original_url": "https:\/\/berlinandaround.com\/2021\/03\/07\/see-cherry-blossoms-in-berlin\/"
            }
        ],
        "blocks": [
            {
                "type": "rich_text",
                "block_id": "3pD",
                "elements": [
                    {
                        "type": "rich_text_section",
                        "elements": [
                            {
                                "type": "link",
                                "url": "https:\/\/berlinandaround.com\/2021\/03\/07\/see-cherry-blossoms-in-berlin\/"
                            },
                            {
                                "type": "text",
                                "text": " "
                            },
                            {
                                "type": "user",
                                "user_id": "U01S65G72SY"
                            },
                            {
                                "type": "text",
                                "text": " "
                            },
                            {
                                "type": "user",
                                "user_id": "U01S0P26NKD"
                            }
                        ]
                    }
                ]
            }
        ],
        "thread_ts": "1617780262.000400",
        "reply_count": 1,
        "reply_users_count": 1,
        "latest_reply": "1617780676.000900",
        "reply_users": [
            "U01S7KCL3DF"
        ],
        "replies": [
            {
                "user": "U01S7KCL3DF",
                "ts": "1617780676.000900"
            }
        ],
        "is_locked": false,
        "subscribed": false,
        "reactions": [
            {
                "name": "heart_eyes",
                "users": [
                    "U01S65G72SY",
                    "U01RN7BVD1C",
                    "U01RKN0EGDV",
                    "U01RW140HBP"
                ],
                "count": 4
            }
        ]
    },
    {
        "client_msg_id": "0fcb53c3-f0fe-4b0c-af1e-11ab8b4a41f2",
        "type": "message",
        "text": "the famous ones at Bornholmer Str are right by me...lets hang out :i_love_you_hand_sign:",
        "user": "U01S7KCL3DF",
        "ts": "1617780676.000900",
        "team": "T01RBRV5F7H",
        "user_team": "T01RBRV5F7H",
        "source_team": "T01RBRV5F7H",
        "user_profile": {
            "avatar_hash": "17b52091bb62",
            "image_72": "https:\/\/avatars.slack-edge.com\/2021-03-19\/1875964347925_17b52091bb62c2340b4c_72.png",
            "first_name": "Sam",
            "real_name": "Sam Katterfield",
            "display_name": "Sam",
            "team": "T01RBRV5F7H",
            "name": "samkatterfield",
            "is_restricted": false,
            "is_ultra_restricted": false
        },
        "blocks": [
            {
                "type": "rich_text",
                "block_id": "5gY",
                "elements": [
                    {
                        "type": "rich_text_section",
                        "elements": [
                            {
                                "type": "text",
                                "text": "the famous ones at Bornholmer Str are right by me...lets hang out "
                            },
                            {
                                "type": "emoji",
                                "name": "i_love_you_hand_sign"
                            }
                        ]
                    }
                ]
            }
        ],
        "thread_ts": "1617780262.000400",
        "parent_user_id": "U01S79YDELR",
        "reactions": [
            {
                "name": "heart_eyes",
                "users": [
                    "U01S79YDELR"
                ],
                "count": 1
            }
        ]
    },
    {
        "client_msg_id": "156f3454-ccde-425d-9d7a-478958921e4f",
        "type": "message",
        "text": "can anyone recommend a keyboard they like to work with? (Thamo and I have had some spirited discussions on this)\n\nIdeally QWERTY layout",
        "user": "U01S7KCL3DF",
        "ts": "1617780869.001800",
        "team": "T01RBRV5F7H",
        "user_team": "T01RBRV5F7H",
        "source_team": "T01RBRV5F7H",
        "user_profile": {
            "avatar_hash": "17b52091bb62",
            "image_72": "https:\/\/avatars.slack-edge.com\/2021-03-19\/1875964347925_17b52091bb62c2340b4c_72.png",
            "first_name": "Sam",
            "real_name": "Sam Katterfield",
            "display_name": "Sam",
            "team": "T01RBRV5F7H",
            "name": "samkatterfield",
            "is_restricted": false,
            "is_ultra_restricted": false
        },
        "blocks": [
            {
                "type": "rich_text",
                "block_id": "qWN",
                "elements": [
                    {
                        "type": "rich_text_section",
                        "elements": [
                            {
                                "type": "text",
                                "text": "can anyone recommend a keyboard they like to work with? (Thamo and I have had some spirited discussions on this)\n\nIdeally QWERTY layout"
                            }
                        ]
                    }
                ]
            }
        ],
        "thread_ts": "1617780869.001800",
        "reply_count": 26,
        "reply_users_count": 5,
        "latest_reply": "1617789009.008200",
        "reply_users": [
            "U01RXCQHMHT",
            "U01S79YDELR",
            "U01S7KCL3DF",
            "U01RW2X7S9Z",
            "U01SK96QF5E"
        ],
        "replies": [
            {
                "user": "U01RXCQHMHT",
                "ts": "1617780893.002000"
            },
            {
                "user": "U01S79YDELR",
                "ts": "1617780967.002200"
            },
            {
                "user": "U01S7KCL3DF",
                "ts": "1617781105.002600"
            },
            {
                "user": "U01RW2X7S9Z",
                "ts": "1617781223.002800"
            },
            {
                "user": "U01RW2X7S9Z",
                "ts": "1617781225.003000"
            },
            {
                "user": "U01RW2X7S9Z",
                "ts": "1617781248.003200"
            },
            {
                "user": "U01S7KCL3DF",
                "ts": "1617781283.003400"
            },
            {
                "user": "U01RW2X7S9Z",
                "ts": "1617781290.003600"
            },
            {
                "user": "U01RW2X7S9Z",
                "ts": "1617781304.003800"
            },
            {
                "user": "U01RW2X7S9Z",
                "ts": "1617781355.004000"
            },
            {
                "user": "U01S79YDELR",
                "ts": "1617781741.004300"
            },
            {
                "user": "U01S79YDELR",
                "ts": "1617781788.004500"
            },
            {
                "user": "U01RW2X7S9Z",
                "ts": "1617781889.004700"
            },
            {
                "user": "U01RW2X7S9Z",
                "ts": "1617781895.004900"
            },
            {
                "user": "U01RXCQHMHT",
                "ts": "1617783627.005400"
            },
            {
                "user": "U01RXCQHMHT",
                "ts": "1617783644.005600"
            },
            {
                "user": "U01S7KCL3DF",
                "ts": "1617783737.005800"
            },
            {
                "user": "U01SK96QF5E",
                "ts": "1617783955.006100"
            },
            {
                "user": "U01S7KCL3DF",
                "ts": "1617784110.006300"
            },
            {
                "user": "U01S79YDELR",
                "ts": "1617784211.006500"
            },
            {
                "user": "U01SK96QF5E",
                "ts": "1617784804.006900"
            },
            {
                "user": "U01S7KCL3DF",
                "ts": "1617785388.007300"
            },
            {
                "user": "U01SK96QF5E",
                "ts": "1617785511.007500"
            },
            {
                "user": "U01S79YDELR",
                "ts": "1617788093.007700"
            },
            {
                "user": "U01RW2X7S9Z",
                "ts": "1617789002.008000"
            },
            {
                "user": "U01RW2X7S9Z",
                "ts": "1617789009.008200"
            }
        ],
        "is_locked": false,
        "subscribed": false
    },
    {
        "client_msg_id": "5d39914d-8e2c-40c1-a986-44949f4b8743",
        "type": "message",
        "text": "I use a mechanical one",
        "user": "U01RXCQHMHT",
        "ts": "1617780893.002000",
        "team": "T01RBRV5F7H",
        "user_team": "T01RBRV5F7H",
        "source_team": "T01RBRV5F7H",
        "user_profile": {
            "avatar_hash": "7290c61c38a0",
            "image_72": "https:\/\/avatars.slack-edge.com\/2021-03-22\/1898002028225_7290c61c38a01ad66680_72.jpg",
            "first_name": "Thanh",
            "real_name": "Thanh Tung Ha Thuc DAFT Berlin March 2021",
            "display_name": "Tony Ha",
            "team": "T01RBRV5F7H",
            "name": "tony.hathuc",
            "is_restricted": false,
            "is_ultra_restricted": false
        },
        "blocks": [
            {
                "type": "rich_text",
                "block_id": "SMboP",
                "elements": [
                    {
                        "type": "rich_text_section",
                        "elements": [
                            {
                                "type": "text",
                                "text": "I use a mechanical one"
                            }
                        ]
                    }
                ]
            }
        ],
        "thread_ts": "1617780869.001800",
        "parent_user_id": "U01S7KCL3DF"
    },
    {
        "client_msg_id": "635f3f33-34dc-4153-89b2-ff7deb9351e7",
        "type": "message",
        "text": "I like from US, but know I have a British QWERTY . I did not found from US here to buy",
        "user": "U01S79YDELR",
        "ts": "1617780967.002200",
        "team": "T01RBRV5F7H",
        "user_team": "T01RBRV5F7H",
        "source_team": "T01RBRV5F7H",
        "user_profile": {
            "avatar_hash": "606def897de6",
            "image_72": "https:\/\/avatars.slack-edge.com\/2021-03-22\/1910932493456_606def897de66681d932_72.jpg",
            "first_name": "",
            "real_name": "Karina Condeixa",
            "display_name": "Karina Condeixa",
            "team": "T01RBRV5F7H",
            "name": "karina.condeixa",
            "is_restricted": false,
            "is_ultra_restricted": false
        },
        "edited": {
            "user": "U01S79YDELR",
            "ts": "1617780981.000000"
        },
        "blocks": [
            {
                "type": "rich_text",
                "block_id": "cXVGR",
                "elements": [
                    {
                        "type": "rich_text_section",
                        "elements": [
                            {
                                "type": "text",
                                "text": "I like from US, but know I have a British QWERTY . I did not found from US here to buy"
                            }
                        ]
                    }
                ]
            }
        ],
        "thread_ts": "1617780869.001800",
        "parent_user_id": "U01S7KCL3DF"
    },
    {
        "client_msg_id": "57e50d5c-3e48-4256-8abc-51a816e8d927",
        "type": "message",
        "text": "mechanical you heathen\n\ni'm on a macbook air and really like how it feels (is it what they call the 'travel' of the keys?)\n\nbut i dont want to spend 100 euros on a magic keyboard :neutral_face:",
        "user": "U01S7KCL3DF",
        "ts": "1617781105.002600",
        "team": "T01RBRV5F7H",
        "user_team": "T01RBRV5F7H",
        "source_team": "T01RBRV5F7H",
        "user_profile": {
            "avatar_hash": "17b52091bb62",
            "image_72": "https:\/\/avatars.slack-edge.com\/2021-03-19\/1875964347925_17b52091bb62c2340b4c_72.png",
            "first_name": "Sam",
            "real_name": "Sam Katterfield",
            "display_name": "Sam",
            "team": "T01RBRV5F7H",
            "name": "samkatterfield",
            "is_restricted": false,
            "is_ultra_restricted": false
        },
        "blocks": [
            {
                "type": "rich_text",
                "block_id": "idL",
                "elements": [
                    {
                        "type": "rich_text_section",
                        "elements": [
                            {
                                "type": "text",
                                "text": "mechanical you heathen\n\ni'm on a macbook air and really like how it feels (is it what they call the 'travel' of the keys?)\n\nbut i dont want to spend 100 euros on a magic keyboard "
                            },
                            {
                                "type": "emoji",
                                "name": "neutral_face"
                            }
                        ]
                    }
                ]
            }
        ],
        "thread_ts": "1617780869.001800",
        "parent_user_id": "U01S7KCL3DF"
    },
    {
        "client_msg_id": "03cdd5aa-6ec0-4798-bfcf-531907e898b6",
        "type": "message",
        "text": "I use a mechanical one, with long key travel, but if you like a short travel, i found this one delightful when i went check on mediamarkt",
        "user": "U01RW2X7S9Z",
        "ts": "1617781223.002800",
        "team": "T01RBRV5F7H",
        "user_team": "T01RBRV5F7H",
        "source_team": "T01RBRV5F7H",
        "user_profile": {
            "avatar_hash": "7e12d75d168a",
            "image_72": "https:\/\/avatars.slack-edge.com\/2021-03-19\/1880105796643_7e12d75d168ae25c167d_72.jpg",
            "first_name": "Alexandre",
            "real_name": "Alexandre Sommerkamp",
            "display_name": "Alexandre Sommerkamp",
            "team": "T01RBRV5F7H",
            "name": "alex.c.skp",
            "is_restricted": false,
            "is_ultra_restricted": false
        },
        "blocks": [
            {
                "type": "rich_text",
                "block_id": "q++R",
                "elements": [
                    {
                        "type": "rich_text_section",
                        "elements": [
                            {
                                "type": "text",
                                "text": "I use a mechanical one, with long key travel, but if you like a short travel, i found this one delightful when i went check on mediamarkt"
                            }
                        ]
                    }
                ]
            }
        ],
        "thread_ts": "1617780869.001800",
        "parent_user_id": "U01S7KCL3DF"
    },
    {
        "client_msg_id": "56fc34f1-886f-49f0-8973-a15395da0cef",
        "type": "message",
        "text": "<https:\/\/www.amazon.de\/Logitech-Keys-Fortschrittliche-Kabellose-Tastenbeleuchtung\/dp\/B07W7KRXDW\/ref=sr_1_1?adgrpid=70276286559&amp;dchild=1&amp;gclid=EAIaIQobChMIzoqbvNDr7wIVQvgYCh2DnA8vEAAYASAAEgIdivD_BwE&amp;hvadid=353020818957&amp;hvdev=c&amp;hvlocphy=9043061&amp;hvnetw=g&amp;hvqmt=e&amp;hvrand=16091877856134239102&amp;hvtargid=kwd-813583653104&amp;hydadcr=2705_1745693&amp;keywords=logitech+mx+keys&amp;qid=1617781167&amp;sr=8-1|https:\/\/www.amazon.de\/Logitech-Keys-Fortschrittliche-Kabellose-Tastenbeleuchtung\/dp[…]r=2705_1745693&amp;keywords=logitech+mx+keys&amp;qid=1617781167&amp;sr=8-1>",
        "user": "U01RW2X7S9Z",
        "ts": "1617781225.003000",
        "team": "T01RBRV5F7H",
        "user_team": "T01RBRV5F7H",
        "source_team": "T01RBRV5F7H",
        "user_profile": {
            "avatar_hash": "7e12d75d168a",
            "image_72": "https:\/\/avatars.slack-edge.com\/2021-03-19\/1880105796643_7e12d75d168ae25c167d_72.jpg",
            "first_name": "Alexandre",
            "real_name": "Alexandre Sommerkamp",
            "display_name": "Alexandre Sommerkamp",
            "team": "T01RBRV5F7H",
            "name": "alex.c.skp",
            "is_restricted": false,
            "is_ultra_restricted": false
        },
        "blocks": [
            {
                "type": "rich_text",
                "block_id": "V3T",
                "elements": [
                    {
                        "type": "rich_text_section",
                        "elements": [
                            {
                                "type": "link",
                                "url": "https:\/\/www.amazon.de\/Logitech-Keys-Fortschrittliche-Kabellose-Tastenbeleuchtung\/dp\/B07W7KRXDW\/ref=sr_1_1?adgrpid=70276286559&dchild=1&gclid=EAIaIQobChMIzoqbvNDr7wIVQvgYCh2DnA8vEAAYASAAEgIdivD_BwE&hvadid=353020818957&hvdev=c&hvlocphy=9043061&hvnetw=g&hvqmt=e&hvrand=16091877856134239102&hvtargid=kwd-813583653104&hydadcr=2705_1745693&keywords=logitech+mx+keys&qid=1617781167&sr=8-1",
                                "text": "https:\/\/www.amazon.de\/Logitech-Keys-Fortschrittliche-Kabellose-Tastenbeleuchtung\/dp[…]r=2705_1745693&keywords=logitech+mx+keys&qid=1617781167&sr=8-1"
                            }
                        ]
                    }
                ]
            }
        ],
        "thread_ts": "1617780869.001800",
        "parent_user_id": "U01S7KCL3DF"
    },
    {
        "client_msg_id": "a615c948-4bc8-4026-9b8c-9fb3d3a5b723",
        "type": "message",
        "text": "there is a more advanced model where you can even pop in a dial to make some music\/foto editing work easier",
        "user": "U01RW2X7S9Z",
        "ts": "1617781248.003200",
        "team": "T01RBRV5F7H",
        "user_team": "T01RBRV5F7H",
        "source_team": "T01RBRV5F7H",
        "user_profile": {
            "avatar_hash": "7e12d75d168a",
            "image_72": "https:\/\/avatars.slack-edge.com\/2021-03-19\/1880105796643_7e12d75d168ae25c167d_72.jpg",
            "first_name": "Alexandre",
            "real_name": "Alexandre Sommerkamp",
            "display_name": "Alexandre Sommerkamp",
            "team": "T01RBRV5F7H",
            "name": "alex.c.skp",
            "is_restricted": false,
            "is_ultra_restricted": false
        },
        "blocks": [
            {
                "type": "rich_text",
                "block_id": "rS8",
                "elements": [
                    {
                        "type": "rich_text_section",
                        "elements": [
                            {
                                "type": "text",
                                "text": "there is a more advanced model where you can even pop in a dial to make some music\/foto editing work easier"
                            }
                        ]
                    }
                ]
            }
        ],
        "thread_ts": "1617780869.001800",
        "parent_user_id": "U01S7KCL3DF"
    },
    {
        "client_msg_id": "8682c109-8e5e-4d61-bd91-398c7bc85c08",
        "type": "message",
        "text": "oh yea saw that one....media markt also had a 20 euro one that felt good. but it was QWERTZ so will drive me f**kin nuts",
        "user": "U01S7KCL3DF",
        "ts": "1617781283.003400",
        "team": "T01RBRV5F7H",
        "user_team": "T01RBRV5F7H",
        "source_team": "T01RBRV5F7H",
        "user_profile": {
            "avatar_hash": "17b52091bb62",
            "image_72": "https:\/\/avatars.slack-edge.com\/2021-03-19\/1875964347925_17b52091bb62c2340b4c_72.png",
            "first_name": "Sam",
            "real_name": "Sam Katterfield",
            "display_name": "Sam",
            "team": "T01RBRV5F7H",
            "name": "samkatterfield",
            "is_restricted": false,
            "is_ultra_restricted": false
        },
        "blocks": [
            {
                "type": "rich_text",
                "block_id": "wL5d",
                "elements": [
                    {
                        "type": "rich_text_section",
                        "elements": [
                            {
                                "type": "text",
                                "text": "oh yea saw that one....media markt also had a 20 euro one that felt good. but it was QWERTZ so will drive me f**kin nuts"
                            }
                        ]
                    }
                ]
            }
        ],
        "thread_ts": "1617780869.001800",
        "parent_user_id": "U01S7KCL3DF"
    },
    {
        "client_msg_id": "f40ff165-ecd9-4c72-9d36-8ed55a39d384",
        "type": "message",
        "text": "regarding layout i guess its habit but im liking german layout for typing code, all brackets are together in the similar place",
        "user": "U01RW2X7S9Z",
        "ts": "1617781290.003600",
        "team": "T01RBRV5F7H",
        "user_team": "T01RBRV5F7H",
        "source_team": "T01RBRV5F7H",
        "user_profile": {
            "avatar_hash": "7e12d75d168a",
            "image_72": "https:\/\/avatars.slack-edge.com\/2021-03-19\/1880105796643_7e12d75d168ae25c167d_72.jpg",
            "first_name": "Alexandre",
            "real_name": "Alexandre Sommerkamp",
            "display_name": "Alexandre Sommerkamp",
            "team": "T01RBRV5F7H",
            "name": "alex.c.skp",
            "is_restricted": false,
            "is_ultra_restricted": false
        },
        "blocks": [
            {
                "type": "rich_text",
                "block_id": "fUm+",
                "elements": [
                    {
                        "type": "rich_text_section",
                        "elements": [
                            {
                                "type": "text",
                                "text": "regarding layout i guess its habit but im liking german layout for typing code, all brackets are together in the similar place"
                            }
                        ]
                    }
                ]
            }
        ],
        "thread_ts": "1617780869.001800",
        "parent_user_id": "U01S7KCL3DF"
    },
    {
        "client_msg_id": "26a827e7-faf7-46e6-b467-3a38c22d3ae8",
        "type": "message",
        "text": "you can get used to it fairly quickly, i did after a bunch of weeks",
        "user": "U01RW2X7S9Z",
        "ts": "1617781304.003800",
        "team": "T01RBRV5F7H",
        "user_team": "T01RBRV5F7H",
        "source_team": "T01RBRV5F7H",
        "user_profile": {
            "avatar_hash": "7e12d75d168a",
            "image_72": "https:\/\/avatars.slack-edge.com\/2021-03-19\/1880105796643_7e12d75d168ae25c167d_72.jpg",
            "first_name": "Alexandre",
            "real_name": "Alexandre Sommerkamp",
            "display_name": "Alexandre Sommerkamp",
            "team": "T01RBRV5F7H",
            "name": "alex.c.skp",
            "is_restricted": false,
            "is_ultra_restricted": false
        },
        "blocks": [
            {
                "type": "rich_text",
                "block_id": "CeMQ",
                "elements": [
                    {
                        "type": "rich_text_section",
                        "elements": [
                            {
                                "type": "text",
                                "text": "you can get used to it fairly quickly, i did after a bunch of weeks"
                            }
                        ]
                    }
                ]
            }
        ],
        "thread_ts": "1617780869.001800",
        "parent_user_id": "U01S7KCL3DF"
    },
    {
        "client_msg_id": "cd3f5d4b-fc5b-4290-99e3-ae7551bad868",
        "type": "message",
        "text": "you can also swap the letters using the keyboard software, what annoys me more is that quertz puts commas and not dots in the numpad",
        "user": "U01RW2X7S9Z",
        "ts": "1617781355.004000",
        "team": "T01RBRV5F7H",
        "user_team": "T01RBRV5F7H",
        "source_team": "T01RBRV5F7H",
        "user_profile": {
            "avatar_hash": "7e12d75d168a",
            "image_72": "https:\/\/avatars.slack-edge.com\/2021-03-19\/1880105796643_7e12d75d168ae25c167d_72.jpg",
            "first_name": "Alexandre",
            "real_name": "Alexandre Sommerkamp",
            "display_name": "Alexandre Sommerkamp",
            "team": "T01RBRV5F7H",
            "name": "alex.c.skp",
            "is_restricted": false,
            "is_ultra_restricted": false
        },
        "blocks": [
            {
                "type": "rich_text",
                "block_id": "VsP",
                "elements": [
                    {
                        "type": "rich_text_section",
                        "elements": [
                            {
                                "type": "text",
                                "text": "you can also swap the letters using the keyboard software, what annoys me more is that quertz puts commas and not dots in the numpad"
                            }
                        ]
                    }
                ]
            }
        ],
        "thread_ts": "1617780869.001800",
        "parent_user_id": "U01S7KCL3DF"
    },
    {
        "client_msg_id": "cc218a09-33d2-4e85-9d6b-f22cdfa75d03",
        "type": "message",
        "text": "The mine is also mechanical one",
        "user": "U01S79YDELR",
        "ts": "1617781741.004300",
        "team": "T01RBRV5F7H",
        "user_team": "T01RBRV5F7H",
        "source_team": "T01RBRV5F7H",
        "user_profile": {
            "avatar_hash": "606def897de6",
            "image_72": "https:\/\/avatars.slack-edge.com\/2021-03-22\/1910932493456_606def897de66681d932_72.jpg",
            "first_name": "",
            "real_name": "Karina Condeixa",
            "display_name": "Karina Condeixa",
            "team": "T01RBRV5F7H",
            "name": "karina.condeixa",
            "is_restricted": false,
            "is_ultra_restricted": false
        },
        "blocks": [
            {
                "type": "rich_text",
                "block_id": "9XCt",
                "elements": [
                    {
                        "type": "rich_text_section",
                        "elements": [
                            {
                                "type": "text",
                                "text": "The mine is also mechanical one"
                            }
                        ]
                    }
                ]
            }
        ],
        "thread_ts": "1617780869.001800",
        "parent_user_id": "U01S7KCL3DF"
    },
    {
        "client_msg_id": "ddf74dea-f3cd-4856-9b27-6c7bc62ee8c9",
        "type": "message",
        "text": "with the German I cannot write Portuguese properly",
        "user": "U01S79YDELR",
        "ts": "1617781788.004500",
        "team": "T01RBRV5F7H",
        "user_team": "T01RBRV5F7H",
        "source_team": "T01RBRV5F7H",
        "user_profile": {
            "avatar_hash": "606def897de6",
            "image_72": "https:\/\/avatars.slack-edge.com\/2021-03-22\/1910932493456_606def897de66681d932_72.jpg",
            "first_name": "",
            "real_name": "Karina Condeixa",
            "display_name": "Karina Condeixa",
            "team": "T01RBRV5F7H",
            "name": "karina.condeixa",
            "is_restricted": false,
            "is_ultra_restricted": false
        },
        "blocks": [
            {
                "type": "rich_text",
                "block_id": "0C7PX",
                "elements": [
                    {
                        "type": "rich_text_section",
                        "elements": [
                            {
                                "type": "text",
                                "text": "with the German I cannot write Portuguese properly"
                            }
                        ]
                    }
                ]
            }
        ],
        "thread_ts": "1617780869.001800",
        "parent_user_id": "U01S7KCL3DF"
    },
    {
        "type": "message",
        "text": "",
        "files": [
            {
                "id": "F01TVKHBK8R",
                "created": 1617781886,
                "timestamp": 1617781886,
                "name": "image.png",
                "title": "image.png",
                "mimetype": "image\/png",
                "filetype": "png",
                "pretty_type": "PNG",
                "user": "U01RW2X7S9Z",
                "editable": false,
                "size": 51476,
                "mode": "hosted",
                "is_external": false,
                "external_type": "",
                "is_public": true,
                "public_url_shared": false,
                "display_as_bot": false,
                "username": "",
                "url_private": "https:\/\/files.slack.com\/files-pri\/T01RBRV5F7H-F01TVKHBK8R\/image.png?t=xoxe-1861879185255-2068564688150-2068564727718-519dfbdd8f50e154f7dac1ab76bfc0d2",
                "url_private_download": "https:\/\/files.slack.com\/files-pri\/T01RBRV5F7H-F01TVKHBK8R\/download\/image.png?t=xoxe-1861879185255-2068564688150-2068564727718-519dfbdd8f50e154f7dac1ab76bfc0d2",
                "thumb_64": "https:\/\/files.slack.com\/files-tmb\/T01RBRV5F7H-F01TVKHBK8R-1805fb11d5\/image_64.png?t=xoxe-1861879185255-2068564688150-2068564727718-519dfbdd8f50e154f7dac1ab76bfc0d2",
                "thumb_80": "https:\/\/files.slack.com\/files-tmb\/T01RBRV5F7H-F01TVKHBK8R-1805fb11d5\/image_80.png?t=xoxe-1861879185255-2068564688150-2068564727718-519dfbdd8f50e154f7dac1ab76bfc0d2",
                "thumb_360": "https:\/\/files.slack.com\/files-tmb\/T01RBRV5F7H-F01TVKHBK8R-1805fb11d5\/image_360.png?t=xoxe-1861879185255-2068564688150-2068564727718-519dfbdd8f50e154f7dac1ab76bfc0d2",
                "thumb_360_w": 228,
                "thumb_360_h": 360,
                "thumb_160": "https:\/\/files.slack.com\/files-tmb\/T01RBRV5F7H-F01TVKHBK8R-1805fb11d5\/image_160.png?t=xoxe-1861879185255-2068564688150-2068564727718-519dfbdd8f50e154f7dac1ab76bfc0d2",
                "original_w": 300,
                "original_h": 474,
                "thumb_tiny": "AwAwAB6AtwOTnvzTsj+8fzNId2FyOO1Lk\/3TQAhb0J+uaaWb+8fzpx3Y5HH0phoAX05\/Sn4bPb\/vmn7U9B+dLtj9vzq+QjnIWznn+VNNTlU7YpCF9BRyBzkecgDA4\/WlJU9qj8wkAccU4yMO6moLCijeTnJFNLYUHjn0PSgD\/9k=",
                "permalink": "https:\/\/data-ft-ber-03-2021.slack.com\/files\/U01RW2X7S9Z\/F01TVKHBK8R\/image.png",
                "permalink_public": "https:\/\/slack-files.com\/T01RBRV5F7H-F01TVKHBK8R-7781209c2a",
                "is_starred": false,
                "has_rich_preview": false
            }
        ],
        "upload": false,
        "user": "U01RW2X7S9Z",
        "display_as_bot": false,
        "ts": "1617781889.004700",
        "thread_ts": "1617780869.001800",
        "parent_user_id": "U01S7KCL3DF"
    },
    {
        "client_msg_id": "177dee25-2384-4a9f-b4ed-baee2905b3d7",
        "type": "message",
        "text": ":sob:",
        "user": "U01RW2X7S9Z",
        "ts": "1617781895.004900",
        "team": "T01RBRV5F7H",
        "user_team": "T01RBRV5F7H",
        "source_team": "T01RBRV5F7H",
        "user_profile": {
            "avatar_hash": "7e12d75d168a",
            "image_72": "https:\/\/avatars.slack-edge.com\/2021-03-19\/1880105796643_7e12d75d168ae25c167d_72.jpg",
            "first_name": "Alexandre",
            "real_name": "Alexandre Sommerkamp",
            "display_name": "Alexandre Sommerkamp",
            "team": "T01RBRV5F7H",
            "name": "alex.c.skp",
            "is_restricted": false,
            "is_ultra_restricted": false
        },
        "blocks": [
            {
                "type": "rich_text",
                "block_id": "mglGM",
                "elements": [
                    {
                        "type": "rich_text_section",
                        "elements": [
                            {
                                "type": "emoji",
                                "name": "sob"
                            }
                        ]
                    }
                ]
            }
        ],
        "thread_ts": "1617780869.001800",
        "parent_user_id": "U01S7KCL3DF"
    },
    {
        "bot_id": "B01S7FSR36Y",
        "type": "message",
        "text": "ivar",
        "user": "U01RXCQHMHT",
        "ts": "1617783627.005400",
        "team": "T01RBRV5F7H",
        "bot_profile": {
            "id": "B01S7FSR36Y",
            "deleted": false,
            "name": "giphy",
            "updated": 1616421896,
            "app_id": "A0F827J2C",
            "icons": {
                "image_36": "https:\/\/a.slack-edge.com\/dc483\/img\/plugins\/giphy\/service_72.png",
                "image_48": "https:\/\/a.slack-edge.com\/dc483\/img\/plugins\/giphy\/service_48.png",
                "image_72": "https:\/\/a.slack-edge.com\/dc483\/img\/plugins\/giphy\/service_72.png"
            },
            "team_id": "T01RBRV5F7H"
        },
        "blocks": [
            {
                "type": "image",
                "block_id": "lXY",
                "image_url": "https:\/\/media2.giphy.com\/media\/l2RnI38InrsXbqDe0\/giphy-downsized.gif?cid=6104955e9e8726840139a23e94302038b9ac7c8837dd3ce0&rid=giphy-downsized.gif&ct=g",
                "alt_text": "ivar",
                "title": {
                    "type": "plain_text",
                    "text": "ivar",
                    "emoji": true
                },
                "fallback": "500x500px image",
                "image_width": 500,
                "image_height": 500,
                "image_bytes": 1825952,
                "is_animated": true
            },
            {
                "type": "context",
                "block_id": "7mvbH",
                "elements": [
                    {
                        "type": "image",
                        "image_url": "https:\/\/a.slack-edge.com\/dc483\/img\/plugins\/giphy\/service_32.png",
                        "alt_text": "giphy logo"
                    },
                    {
                        "type": "mrkdwn",
                        "text": "Posted using \/giphy | GIF by <https:\/\/giphy.com\/history\/|HISTORY>",
                        "verbatim": false
                    }
                ]
            }
        ],
        "thread_ts": "1617780869.001800",
        "parent_user_id": "U01S7KCL3DF"
    },
    {
        "client_msg_id": "b5cd4b07-613c-43e8-a761-3083dac354b1",
        "type": "message",
        "text": "yes <@U01S7KCL3DF>, I am a heathen",
        "user": "U01RXCQHMHT",
        "ts": "1617783644.005600",
        "team": "T01RBRV5F7H",
        "user_team": "T01RBRV5F7H",
        "source_team": "T01RBRV5F7H",
        "user_profile": {
            "avatar_hash": "7290c61c38a0",
            "image_72": "https:\/\/avatars.slack-edge.com\/2021-03-22\/1898002028225_7290c61c38a01ad66680_72.jpg",
            "first_name": "Thanh",
            "real_name": "Thanh Tung Ha Thuc DAFT Berlin March 2021",
            "display_name": "Tony Ha",
            "team": "T01RBRV5F7H",
            "name": "tony.hathuc",
            "is_restricted": false,
            "is_ultra_restricted": false
        },
        "blocks": [
            {
                "type": "rich_text",
                "block_id": "mSJ",
                "elements": [
                    {
                        "type": "rich_text_section",
                        "elements": [
                            {
                                "type": "text",
                                "text": "yes "
                            },
                            {
                                "type": "user",
                                "user_id": "U01S7KCL3DF"
                            },
                            {
                                "type": "text",
                                "text": ", I am a heathen"
                            }
                        ]
                    }
                ]
            }
        ],
        "thread_ts": "1617780869.001800",
        "parent_user_id": "U01S7KCL3DF"
    },
    {
        "client_msg_id": "00d1aad6-476c-45bf-9c23-97589a2e5dbc",
        "type": "message",
        "text": "<@U01RXCQHMHT> cos you like it old school\n\n<https:\/\/www.youtube.com\/watch?v=F46r-_jPPHY&amp;ab_channel=systemofadownVEVO>",
        "user": "U01S7KCL3DF",
        "ts": "1617783737.005800",
        "team": "T01RBRV5F7H",
        "user_team": "T01RBRV5F7H",
        "source_team": "T01RBRV5F7H",
        "user_profile": {
            "avatar_hash": "17b52091bb62",
            "image_72": "https:\/\/avatars.slack-edge.com\/2021-03-19\/1875964347925_17b52091bb62c2340b4c_72.png",
            "first_name": "Sam",
            "real_name": "Sam Katterfield",
            "display_name": "Sam",
            "team": "T01RBRV5F7H",
            "name": "samkatterfield",
            "is_restricted": false,
            "is_ultra_restricted": false
        },
        "attachments": [
            {
                "service_name": "YouTube",
                "service_url": "https:\/\/www.youtube.com\/",
                "title": "System Of A Down - War? (Official Video)",
                "title_link": "https:\/\/www.youtube.com\/watch?v=F46r-_jPPHY&amp;ab_channel=systemofadownVEVO",
                "author_name": "systemofadownVEVO",
                "author_link": "https:\/\/www.youtube.com\/user\/systemofadownVEVO",
                "thumb_url": "https:\/\/i.ytimg.com\/vi\/F46r-_jPPHY\/hqdefault.jpg",
                "thumb_width": 480,
                "thumb_height": 360,
                "fallback": "YouTube Video: System Of A Down - War? (Official Video)",
                "video_html": "<iframe width=\"400\" height=\"300\" src=\"https:\/\/www.youtube.com\/embed\/F46r-_jPPHY?feature=oembed&autoplay=1&iv_load_policy=3\" frameborder=\"0\" allow=\"accelerometer; autoplay; clipboard-write; encrypted-media; gyroscope; picture-in-picture\" allowfullscreen><\/iframe>",
                "video_html_width": 400,
                "video_html_height": 300,
                "from_url": "https:\/\/www.youtube.com\/watch?v=F46r-_jPPHY&amp;ab_channel=systemofadownVEVO",
                "service_icon": "https:\/\/a.slack-edge.com\/80588\/img\/unfurl_icons\/youtube.png",
                "id": 1,
                "original_url": "https:\/\/www.youtube.com\/watch?v=F46r-_jPPHY&amp;ab_channel=systemofadownVEVO"
            }
        ],
        "blocks": [
            {
                "type": "rich_text",
                "block_id": "3moN",
                "elements": [
                    {
                        "type": "rich_text_section",
                        "elements": [
                            {
                                "type": "user",
                                "user_id": "U01RXCQHMHT"
                            },
                            {
                                "type": "text",
                                "text": " cos you like it old school\n\n"
                            },
                            {
                                "type": "link",
                                "url": "https:\/\/www.youtube.com\/watch?v=F46r-_jPPHY&ab_channel=systemofadownVEVO"
                            }
                        ]
                    }
                ]
            }
        ],
        "thread_ts": "1617780869.001800",
        "parent_user_id": "U01S7KCL3DF",
        "reactions": [
            {
                "name": "white_check_mark",
                "users": [
                    "U01RW2X7S9Z"
                ],
                "count": 1
            }
        ]
    },
    {
        "client_msg_id": "0e86668d-68b0-4e40-aa25-17de4a8532fb",
        "type": "message",
        "text": "I use this one <https:\/\/www.amazon.de\/-\/en\/Logitech-Bluetooth-multi-device-easy-switch-shortcuts\/dp\/B013SL1YXO\/ref=sr_1_3?dchild=1&amp;keywords=logitech+k380&amp;qid=1617783866&amp;sr=8-3|https:\/\/www.amazon.de\/-\/en\/Logitech-Bluetooth-multi-device-easy-switch-shortcuts\/dp[…]f=sr_1_3?dchild=1&amp;keywords=logitech+k380&amp;qid=1617783866&amp;sr=8-3>",
        "user": "U01SK96QF5E",
        "ts": "1617783955.006100",
        "team": "T01RBRV5F7H",
        "user_team": "T01RBRV5F7H",
        "source_team": "T01RBRV5F7H",
        "user_profile": {
            "avatar_hash": "94c1e7ff9e09",
            "image_72": "https:\/\/avatars.slack-edge.com\/2021-03-21\/1883381430979_94c1e7ff9e09a95d14cb_72.jpg",
            "first_name": "Lilla",
            "real_name": "Lilla Szulyovszky",
            "display_name": "lilla",
            "team": "T01RBRV5F7H",
            "name": "lilla.szulyovszky",
            "is_restricted": false,
            "is_ultra_restricted": false
        },
        "blocks": [
            {
                "type": "rich_text",
                "block_id": "7+w",
                "elements": [
                    {
                        "type": "rich_text_section",
                        "elements": [
                            {
                                "type": "text",
                                "text": "I use this one "
                            },
                            {
                                "type": "link",
                                "url": "https:\/\/www.amazon.de\/-\/en\/Logitech-Bluetooth-multi-device-easy-switch-shortcuts\/dp\/B013SL1YXO\/ref=sr_1_3?dchild=1&keywords=logitech+k380&qid=1617783866&sr=8-3",
                                "text": "https:\/\/www.amazon.de\/-\/en\/Logitech-Bluetooth-multi-device-easy-switch-shortcuts\/dp[…]f=sr_1_3?dchild=1&keywords=logitech+k380&qid=1617783866&sr=8-3"
                            }
                        ]
                    }
                ]
            }
        ],
        "thread_ts": "1617780869.001800",
        "parent_user_id": "U01S7KCL3DF"
    },
    {
        "client_msg_id": "ae7d1003-2ec3-44d3-abe0-7b6e62a58b99",
        "type": "message",
        "text": "<@U01SK96QF5E> cheers! yea my friend has that one....do you like it?",
        "user": "U01S7KCL3DF",
        "ts": "1617784110.006300",
        "team": "T01RBRV5F7H",
        "user_team": "T01RBRV5F7H",
        "source_team": "T01RBRV5F7H",
        "user_profile": {
            "avatar_hash": "17b52091bb62",
            "image_72": "https:\/\/avatars.slack-edge.com\/2021-03-19\/1875964347925_17b52091bb62c2340b4c_72.png",
            "first_name": "Sam",
            "real_name": "Sam Katterfield",
            "display_name": "Sam",
            "team": "T01RBRV5F7H",
            "name": "samkatterfield",
            "is_restricted": false,
            "is_ultra_restricted": false
        },
        "blocks": [
            {
                "type": "rich_text",
                "block_id": "eJh",
                "elements": [
                    {
                        "type": "rich_text_section",
                        "elements": [
                            {
                                "type": "user",
                                "user_id": "U01SK96QF5E"
                            },
                            {
                                "type": "text",
                                "text": " cheers! yea my friend has that one....do you like it?"
                            }
                        ]
                    }
                ]
            }
        ],
        "thread_ts": "1617780869.001800",
        "parent_user_id": "U01S7KCL3DF",
        "reactions": [
            {
                "name": "+1",
                "users": [
                    "U01S79YDELR",
                    "U01SK96QF5E"
                ],
                "count": 2
            }
        ]
    },
    {
        "client_msg_id": "97eeade0-71b6-4a3f-bfa2-0d72642e89b1",
        "type": "message",
        "text": "<@U01SK96QF5E> cute",
        "user": "U01S79YDELR",
        "ts": "1617784211.006500",
        "team": "T01RBRV5F7H",
        "user_team": "T01RBRV5F7H",
        "source_team": "T01RBRV5F7H",
        "user_profile": {
            "avatar_hash": "606def897de6",
            "image_72": "https:\/\/avatars.slack-edge.com\/2021-03-22\/1910932493456_606def897de66681d932_72.jpg",
            "first_name": "",
            "real_name": "Karina Condeixa",
            "display_name": "Karina Condeixa",
            "team": "T01RBRV5F7H",
            "name": "karina.condeixa",
            "is_restricted": false,
            "is_ultra_restricted": false
        },
        "blocks": [
            {
                "type": "rich_text",
                "block_id": "akL",
                "elements": [
                    {
                        "type": "rich_text_section",
                        "elements": [
                            {
                                "type": "user",
                                "user_id": "U01SK96QF5E"
                            },
                            {
                                "type": "text",
                                "text": " cute"
                            }
                        ]
                    }
                ]
            }
        ],
        "thread_ts": "1617780869.001800",
        "parent_user_id": "U01S7KCL3DF",
        "reactions": [
            {
                "name": "heart",
                "users": [
                    "U01SK96QF5E"
                ],
                "count": 1
            }
        ]
    },
    {
        "client_msg_id": "4e758559-fc69-4ca1-bd9a-0b17e9745f13",
        "type": "message",
        "text": "yeah I love it, it’s a similar feeling to type as I would on my macbook and it’s small, very portable (put it in my bag when I work in the coworking office). Using this mouse with it: <https:\/\/www.amazon.com\/Logitech-Ultrathin-Touch-Windows-Gestures\/dp\/B00DR8LA6U> and a portable laptop stand as well: <https:\/\/www.amazon.co.uk\/Adjustable-Eye-Level-Ergonomic-Lightweight-Universal\/dp\/B06XG3193Z\/ref=sr_1_37?dchild=1&amp;keywords=portable+laptop+stand&amp;qid=1617784768&amp;sr=8-37|https:\/\/www.amazon.co.uk\/Adjustable-Eye-Level-Ergonomic-Lightweight-Universal\/dp\/B06X[…]hild=1&amp;keywords=portable+laptop+stand&amp;qid=1617784768&amp;sr=8-37>",
        "user": "U01SK96QF5E",
        "ts": "1617784804.006900",
        "team": "T01RBRV5F7H",
        "user_team": "T01RBRV5F7H",
        "source_team": "T01RBRV5F7H",
        "user_profile": {
            "avatar_hash": "94c1e7ff9e09",
            "image_72": "https:\/\/avatars.slack-edge.com\/2021-03-21\/1883381430979_94c1e7ff9e09a95d14cb_72.jpg",
            "first_name": "Lilla",
            "real_name": "Lilla Szulyovszky",
            "display_name": "lilla",
            "team": "T01RBRV5F7H",
            "name": "lilla.szulyovszky",
            "is_restricted": false,
            "is_ultra_restricted": false
        },
        "blocks": [
            {
                "type": "rich_text",
                "block_id": "NIYW",
                "elements": [
                    {
                        "type": "rich_text_section",
                        "elements": [
                            {
                                "type": "text",
                                "text": "yeah I love it, it’s a similar feeling to type as I would on my macbook and it’s small, very portable (put it in my bag when I work in the coworking office). Using this mouse with it: "
                            },
                            {
                                "type": "link",
                                "url": "https:\/\/www.amazon.com\/Logitech-Ultrathin-Touch-Windows-Gestures\/dp\/B00DR8LA6U"
                            },
                            {
                                "type": "text",
                                "text": " and a portable laptop stand as well: "
                            },
                            {
                                "type": "link",
                                "url": "https:\/\/www.amazon.co.uk\/Adjustable-Eye-Level-Ergonomic-Lightweight-Universal\/dp\/B06XG3193Z\/ref=sr_1_37?dchild=1&keywords=portable+laptop+stand&qid=1617784768&sr=8-37",
                                "text": "https:\/\/www.amazon.co.uk\/Adjustable-Eye-Level-Ergonomic-Lightweight-Universal\/dp\/B06X[…]hild=1&keywords=portable+laptop+stand&qid=1617784768&sr=8-37"
                            }
                        ]
                    }
                ]
            }
        ],
        "thread_ts": "1617780869.001800",
        "parent_user_id": "U01S7KCL3DF"
    },
    {
        "client_msg_id": "81bed3f0-2eb1-4e60-bd14-0e0e52c5e187",
        "type": "message",
        "text": "daaaaamn that mouse is worth more than my apartment",
        "user": "U01S7KCL3DF",
        "ts": "1617785388.007300",
        "team": "T01RBRV5F7H",
        "user_team": "T01RBRV5F7H",
        "source_team": "T01RBRV5F7H",
        "user_profile": {
            "avatar_hash": "17b52091bb62",
            "image_72": "https:\/\/avatars.slack-edge.com\/2021-03-19\/1875964347925_17b52091bb62c2340b4c_72.png",
            "first_name": "Sam",
            "real_name": "Sam Katterfield",
            "display_name": "Sam",
            "team": "T01RBRV5F7H",
            "name": "samkatterfield",
            "is_restricted": false,
            "is_ultra_restricted": false
        },
        "blocks": [
            {
                "type": "rich_text",
                "block_id": "FVF",
                "elements": [
                    {
                        "type": "rich_text_section",
                        "elements": [
                            {
                                "type": "text",
                                "text": "daaaaamn that mouse is worth more than my apartment"
                            }
                        ]
                    }
                ]
            }
        ],
        "thread_ts": "1617780869.001800",
        "parent_user_id": "U01S7KCL3DF"
    },
    {
        "client_msg_id": "48f634d2-fbf4-4b30-9d19-1f62c53fa521",
        "type": "message",
        "text": "I bought it for quarter of that price in Hungary, not sure where this amazon seller got the price from :stuck_out_tongue: check it out in local shops in berlin",
        "user": "U01SK96QF5E",
        "ts": "1617785511.007500",
        "team": "T01RBRV5F7H",
        "user_team": "T01RBRV5F7H",
        "source_team": "T01RBRV5F7H",
        "user_profile": {
            "avatar_hash": "94c1e7ff9e09",
            "image_72": "https:\/\/avatars.slack-edge.com\/2021-03-21\/1883381430979_94c1e7ff9e09a95d14cb_72.jpg",
            "first_name": "Lilla",
            "real_name": "Lilla Szulyovszky",
            "display_name": "lilla",
            "team": "T01RBRV5F7H",
            "name": "lilla.szulyovszky",
            "is_restricted": false,
            "is_ultra_restricted": false
        },
        "blocks": [
            {
                "type": "rich_text",
                "block_id": "X+HQ",
                "elements": [
                    {
                        "type": "rich_text_section",
                        "elements": [
                            {
                                "type": "text",
                                "text": "I bought it for quarter of that price in Hungary, not sure where this amazon seller got the price from "
                            },
                            {
                                "type": "emoji",
                                "name": "stuck_out_tongue"
                            },
                            {
                                "type": "text",
                                "text": " check it out in local shops in berlin"
                            }
                        ]
                    }
                ]
            }
        ],
        "thread_ts": "1617780869.001800",
        "parent_user_id": "U01S7KCL3DF"
    },
    {
        "client_msg_id": "6aa9b6ad-20f1-469a-9441-1c6591d93eec",
        "type": "message",
        "text": "local shops here only with appointment, with negative corona test and a long line..",
        "user": "U01S79YDELR",
        "ts": "1617788093.007700",
        "team": "T01RBRV5F7H",
        "user_team": "T01RBRV5F7H",
        "source_team": "T01RBRV5F7H",
        "user_profile": {
            "avatar_hash": "606def897de6",
            "image_72": "https:\/\/avatars.slack-edge.com\/2021-03-22\/1910932493456_606def897de66681d932_72.jpg",
            "first_name": "",
            "real_name": "Karina Condeixa",
            "display_name": "Karina Condeixa",
            "team": "T01RBRV5F7H",
            "name": "karina.condeixa",
            "is_restricted": false,
            "is_ultra_restricted": false
        },
        "blocks": [
            {
                "type": "rich_text",
                "block_id": "Lvu",
                "elements": [
                    {
                        "type": "rich_text_section",
                        "elements": [
                            {
                                "type": "text",
                                "text": "local shops here only with appointment, with negative corona test and a long line.."
                            }
                        ]
                    }
                ]
            }
        ],
        "thread_ts": "1617780869.001800",
        "parent_user_id": "U01S7KCL3DF"
    },
    {
        "client_msg_id": "c2a9eaa8-6dc7-47f6-8e60-dbed80bf2db4",
        "type": "message",
        "text": "let's gather everyone in the free test centeres, just to avoid the spread of coronavirus",
        "user": "U01RW2X7S9Z",
        "ts": "1617789002.008000",
        "team": "T01RBRV5F7H",
        "user_team": "T01RBRV5F7H",
        "source_team": "T01RBRV5F7H",
        "user_profile": {
            "avatar_hash": "7e12d75d168a",
            "image_72": "https:\/\/avatars.slack-edge.com\/2021-03-19\/1880105796643_7e12d75d168ae25c167d_72.jpg",
            "first_name": "Alexandre",
            "real_name": "Alexandre Sommerkamp",
            "display_name": "Alexandre Sommerkamp",
            "team": "T01RBRV5F7H",
            "name": "alex.c.skp",
            "is_restricted": false,
            "is_ultra_restricted": false
        },
        "blocks": [
            {
                "type": "rich_text",
                "block_id": "XNM",
                "elements": [
                    {
                        "type": "rich_text_section",
                        "elements": [
                            {
                                "type": "text",
                                "text": "let's gather everyone in the free test centeres, just to avoid the spread of coronavirus"
                            }
                        ]
                    }
                ]
            }
        ],
        "thread_ts": "1617780869.001800",
        "parent_user_id": "U01S7KCL3DF",
        "reactions": [
            {
                "name": "joy",
                "users": [
                    "U01S7BM4N81"
                ],
                "count": 1
            },
            {
                "name": "smiling_face_with_tear",
                "users": [
                    "U01S7BM4N81"
                ],
                "count": 1
            }
        ]
    },
    {
        "client_msg_id": "6bb13a04-9823-4d65-918c-9a3b12dfbd37",
        "type": "message",
        "text": "i'm sticking back to amazon xD",
        "user": "U01RW2X7S9Z",
        "ts": "1617789009.008200",
        "team": "T01RBRV5F7H",
        "user_team": "T01RBRV5F7H",
        "source_team": "T01RBRV5F7H",
        "user_profile": {
            "avatar_hash": "7e12d75d168a",
            "image_72": "https:\/\/avatars.slack-edge.com\/2021-03-19\/1880105796643_7e12d75d168ae25c167d_72.jpg",
            "first_name": "Alexandre",
            "real_name": "Alexandre Sommerkamp",
            "display_name": "Alexandre Sommerkamp",
            "team": "T01RBRV5F7H",
            "name": "alex.c.skp",
            "is_restricted": false,
            "is_ultra_restricted": false
        },
        "blocks": [
            {
                "type": "rich_text",
                "block_id": "ycSmY",
                "elements": [
                    {
                        "type": "rich_text_section",
                        "elements": [
                            {
                                "type": "text",
                                "text": "i'm sticking back to amazon xD"
                            }
                        ]
                    }
                ]
            }
        ],
        "thread_ts": "1617780869.001800",
        "parent_user_id": "U01S7KCL3DF"
    }
]