[
    {
        "client_msg_id": "6f1cc607-6352-4997-9cf7-b8814498266b",
        "type": "message",
        "text": "ah.... would have loved to participate... invading that \"socially problematic\" Grunewald district by bike :grin:\n\n... my back pain from home office disagreed though :face_with_rolling_eyes:",
        "user": "U01SJKB2MG8",
        "ts": "1619952305.007400",
        "team": "T01RBRV5F7H",
        "user_team": "T01RBRV5F7H",
        "source_team": "T01RBRV5F7H",
        "user_profile": {
            "avatar_hash": "88fa894fdb53",
            "image_72": "https:\/\/avatars.slack-edge.com\/2021-03-19\/1885033153332_88fa894fdb5366452adf_72.jpg",
            "first_name": "Florian",
            "real_name": "Florian Titze",
            "display_name": "Flo Titze",
            "team": "T01RBRV5F7H",
            "name": "florian.titze",
            "is_restricted": false,
            "is_ultra_restricted": false
        },
        "blocks": [
            {
                "type": "rich_text",
                "block_id": "dX3",
                "elements": [
                    {
                        "type": "rich_text_section",
                        "elements": [
                            {
                                "type": "text",
                                "text": "ah.... would have loved to participate... invading that \"socially problematic\" Grunewald district by bike "
                            },
                            {
                                "type": "emoji",
                                "name": "grin"
                            },
                            {
                                "type": "text",
                                "text": "\n\n... my back pain from home office disagreed though "
                            },
                            {
                                "type": "emoji",
                                "name": "face_with_rolling_eyes"
                            }
                        ]
                    }
                ]
            }
        ],
        "thread_ts": "1619886816.006900",
        "parent_user_id": "U01RRV4JX6Z"
    },
    {
        "client_msg_id": "3bd1edc3-2bb4-477d-b3c3-0147f2c5a3b3",
        "type": "message",
        "text": "My impression is that this demo has something performatic about it, more like a tradition. I dont think that Grunewald is where the \"money\" is these days, like before WWII, when rich industrialists lived in the western part of town to escape the smog from the eastern part. But the demo has this cool \"community\" thing though...",
        "user": "U01RRV4JX6Z",
        "ts": "1619983300.007600",
        "team": "T01RBRV5F7H",
        "user_team": "T01RBRV5F7H",
        "source_team": "T01RBRV5F7H",
        "user_profile": {
            "avatar_hash": "339c4d69b7d9",
            "image_72": "https:\/\/avatars.slack-edge.com\/2021-04-14\/1961122781618_339c4d69b7d9fe16343a_72.jpg",
            "first_name": "",
            "real_name": "Francisco Ebeling",
            "display_name": "Francisco Ebeling",
            "team": "T01RBRV5F7H",
            "name": "ebelingbarros",
            "is_restricted": false,
            "is_ultra_restricted": false
        },
        "blocks": [
            {
                "type": "rich_text",
                "block_id": "Aa\/sp",
                "elements": [
                    {
                        "type": "rich_text_section",
                        "elements": [
                            {
                                "type": "text",
                                "text": "My impression is that this demo has something performatic about it, more like a tradition. I dont think that Grunewald is where the \"money\" is these days, like before WWII, when rich industrialists lived in the western part of town to escape the smog from the eastern part. But the demo has this cool \"community\" thing though..."
                            }
                        ]
                    }
                ]
            }
        ],
        "thread_ts": "1619886816.006900",
        "parent_user_id": "U01RRV4JX6Z"
    }
]