[
    {
        "client_msg_id": "b9b4b6e7-61fd-447c-aa16-ca9831d2e852",
        "type": "message",
        "text": "<@U01SJKB2MG8>, you're right, i overread the lead.",
        "user": "U01RRV4JX6Z",
        "ts": "1618556870.000800",
        "team": "T01RBRV5F7H",
        "user_team": "T01RBRV5F7H",
        "source_team": "T01RBRV5F7H",
        "user_profile": {
            "avatar_hash": "339c4d69b7d9",
            "image_72": "https:\/\/avatars.slack-edge.com\/2021-04-14\/1961122781618_339c4d69b7d9fe16343a_72.jpg",
            "first_name": "",
            "real_name": "Francisco Ebeling",
            "display_name": "Francisco Ebeling",
            "team": "T01RBRV5F7H",
            "name": "ebelingbarros",
            "is_restricted": false,
            "is_ultra_restricted": false
        },
        "blocks": [
            {
                "type": "rich_text",
                "block_id": "1xnon",
                "elements": [
                    {
                        "type": "rich_text_section",
                        "elements": [
                            {
                                "type": "user",
                                "user_id": "U01SJKB2MG8"
                            },
                            {
                                "type": "text",
                                "text": ", you're right, i overread the lead."
                            }
                        ]
                    }
                ]
            }
        ],
        "thread_ts": "1618474430.000200",
        "parent_user_id": "U01SD3CDH9P"
    },
    {
        "client_msg_id": "305984a8-8ed5-4baa-92cb-e5f5eb029be5",
        "type": "message",
        "text": "To me all this sounds like bullshit. They were looking for a technicality. But also this shows that particularly the SPD is very naive",
        "user": "U01RRV4JX6Z",
        "ts": "1618556912.001000",
        "team": "T01RBRV5F7H",
        "user_team": "T01RBRV5F7H",
        "source_team": "T01RBRV5F7H",
        "user_profile": {
            "avatar_hash": "339c4d69b7d9",
            "image_72": "https:\/\/avatars.slack-edge.com\/2021-04-14\/1961122781618_339c4d69b7d9fe16343a_72.jpg",
            "first_name": "",
            "real_name": "Francisco Ebeling",
            "display_name": "Francisco Ebeling",
            "team": "T01RBRV5F7H",
            "name": "ebelingbarros",
            "is_restricted": false,
            "is_ultra_restricted": false
        },
        "blocks": [
            {
                "type": "rich_text",
                "block_id": "z34IN",
                "elements": [
                    {
                        "type": "rich_text_section",
                        "elements": [
                            {
                                "type": "text",
                                "text": "To me all this sounds like bullshit. They were looking for a technicality. But also this shows that particularly the SPD is very naive"
                            }
                        ]
                    }
                ]
            }
        ],
        "thread_ts": "1618474430.000200",
        "parent_user_id": "U01SD3CDH9P"
    },
    {
        "client_msg_id": "8ca0e24e-e87b-40bc-9493-d092feb9ef63",
        "type": "message",
        "text": "well, the head of the court is quite a conservative guy. So it might be that you're not totally mistaken :slightly_smiling_face:",
        "user": "U01SJKB2MG8",
        "ts": "1618558129.001200",
        "team": "T01RBRV5F7H",
        "user_team": "T01RBRV5F7H",
        "source_team": "T01RBRV5F7H",
        "user_profile": {
            "avatar_hash": "88fa894fdb53",
            "image_72": "https:\/\/avatars.slack-edge.com\/2021-03-19\/1885033153332_88fa894fdb5366452adf_72.jpg",
            "first_name": "Florian",
            "real_name": "Florian Titze",
            "display_name": "Flo Titze",
            "team": "T01RBRV5F7H",
            "name": "florian.titze",
            "is_restricted": false,
            "is_ultra_restricted": false
        },
        "blocks": [
            {
                "type": "rich_text",
                "block_id": "PVx+",
                "elements": [
                    {
                        "type": "rich_text_section",
                        "elements": [
                            {
                                "type": "text",
                                "text": "well, the head of the court is quite a conservative guy. So it might be that you're not totally mistaken "
                            },
                            {
                                "type": "emoji",
                                "name": "slightly_smiling_face"
                            }
                        ]
                    }
                ]
            }
        ],
        "thread_ts": "1618474430.000200",
        "parent_user_id": "U01SD3CDH9P"
    },
    {
        "client_msg_id": "f3a74a6f-9409-4f65-bd19-46b9282b9a97",
        "type": "message",
        "text": "It's like a common joke they make about bureaucracies and their slowness. You might enter a queue and have your request neglected not because of its content, but because you entered the wrong queue. These guys aren't judging the content of the law and its impact on society, but the issue of which line to pick.",
        "user": "U01RRV4JX6Z",
        "ts": "1618559358.001400",
        "team": "T01RBRV5F7H",
        "user_team": "T01RBRV5F7H",
        "source_team": "T01RBRV5F7H",
        "user_profile": {
            "avatar_hash": "339c4d69b7d9",
            "image_72": "https:\/\/avatars.slack-edge.com\/2021-04-14\/1961122781618_339c4d69b7d9fe16343a_72.jpg",
            "first_name": "",
            "real_name": "Francisco Ebeling",
            "display_name": "Francisco Ebeling",
            "team": "T01RBRV5F7H",
            "name": "ebelingbarros",
            "is_restricted": false,
            "is_ultra_restricted": false
        },
        "edited": {
            "user": "U01RRV4JX6Z",
            "ts": "1618559450.000000"
        },
        "blocks": [
            {
                "type": "rich_text",
                "block_id": "cDEi",
                "elements": [
                    {
                        "type": "rich_text_section",
                        "elements": [
                            {
                                "type": "text",
                                "text": "It's like a common joke they make about bureaucracies and their slowness. You might enter a queue and have your request neglected not because of its content, but because you entered the wrong queue. These guys aren't judging the content of the law and its impact on society, but the issue of which line to pick."
                            }
                        ]
                    }
                ]
            }
        ],
        "thread_ts": "1618474430.000200",
        "parent_user_id": "U01SD3CDH9P",
        "reactions": [
            {
                "name": "point_up",
                "users": [
                    "U01SJKB2MG8"
                ],
                "count": 1
            }
        ]
    },
    {
        "client_msg_id": "6056565a-4bc8-40fe-a6da-0f4abd66b267",
        "type": "message",
        "text": "Kind of reminds me of Kafka's \"Vor dem Gesetz\"",
        "user": "U01RRV4JX6Z",
        "ts": "1618559482.001700",
        "team": "T01RBRV5F7H",
        "user_team": "T01RBRV5F7H",
        "source_team": "T01RBRV5F7H",
        "user_profile": {
            "avatar_hash": "339c4d69b7d9",
            "image_72": "https:\/\/avatars.slack-edge.com\/2021-04-14\/1961122781618_339c4d69b7d9fe16343a_72.jpg",
            "first_name": "",
            "real_name": "Francisco Ebeling",
            "display_name": "Francisco Ebeling",
            "team": "T01RBRV5F7H",
            "name": "ebelingbarros",
            "is_restricted": false,
            "is_ultra_restricted": false
        },
        "blocks": [
            {
                "type": "rich_text",
                "block_id": "emt",
                "elements": [
                    {
                        "type": "rich_text_section",
                        "elements": [
                            {
                                "type": "text",
                                "text": "Kind of reminds me of Kafka's \"Vor dem Gesetz\""
                            }
                        ]
                    }
                ]
            }
        ],
        "thread_ts": "1618474430.000200",
        "parent_user_id": "U01SD3CDH9P"
    },
    {
        "client_msg_id": "a53a74c5-e0f7-43b6-a380-297ec86d4bbd",
        "type": "message",
        "text": "I wanna hear a Morning Sunshine that compares Kafka’s greatest works with the intimate workings of the German constitution :stonks:",
        "user": "U01S7KCL3DF",
        "ts": "1618559662.001900",
        "team": "T01RBRV5F7H",
        "user_team": "T01RBRV5F7H",
        "source_team": "T01RBRV5F7H",
        "user_profile": {
            "avatar_hash": "17b52091bb62",
            "image_72": "https:\/\/avatars.slack-edge.com\/2021-03-19\/1875964347925_17b52091bb62c2340b4c_72.png",
            "first_name": "Sam",
            "real_name": "Sam Katterfield",
            "display_name": "Sam",
            "team": "T01RBRV5F7H",
            "name": "samkatterfield",
            "is_restricted": false,
            "is_ultra_restricted": false
        },
        "edited": {
            "user": "U01S7KCL3DF",
            "ts": "1618559677.000000"
        },
        "blocks": [
            {
                "type": "rich_text",
                "block_id": "JAHx",
                "elements": [
                    {
                        "type": "rich_text_section",
                        "elements": [
                            {
                                "type": "text",
                                "text": "I wanna hear a Morning Sunshine that compares Kafka’s greatest works with the intimate workings of the German constitution "
                            },
                            {
                                "type": "emoji",
                                "name": "stonks"
                            }
                        ]
                    }
                ]
            }
        ],
        "thread_ts": "1618474430.000200",
        "parent_user_id": "U01SD3CDH9P",
        "reactions": [
            {
                "name": "joy",
                "users": [
                    "U01S0E0MRJ7"
                ],
                "count": 1
            }
        ]
    },
    {
        "client_msg_id": "9db78eeb-d864-48ce-8da5-29c897b01288",
        "type": "message",
        "text": ":joy::joy::joy::joy::joy:",
        "user": "U01RRV4JX6Z",
        "ts": "1618559686.002200",
        "team": "T01RBRV5F7H",
        "user_team": "T01RBRV5F7H",
        "source_team": "T01RBRV5F7H",
        "user_profile": {
            "avatar_hash": "339c4d69b7d9",
            "image_72": "https:\/\/avatars.slack-edge.com\/2021-04-14\/1961122781618_339c4d69b7d9fe16343a_72.jpg",
            "first_name": "",
            "real_name": "Francisco Ebeling",
            "display_name": "Francisco Ebeling",
            "team": "T01RBRV5F7H",
            "name": "ebelingbarros",
            "is_restricted": false,
            "is_ultra_restricted": false
        },
        "blocks": [
            {
                "type": "rich_text",
                "block_id": "UblCX",
                "elements": [
                    {
                        "type": "rich_text_section",
                        "elements": [
                            {
                                "type": "emoji",
                                "name": "joy"
                            },
                            {
                                "type": "emoji",
                                "name": "joy"
                            },
                            {
                                "type": "emoji",
                                "name": "joy"
                            },
                            {
                                "type": "emoji",
                                "name": "joy"
                            },
                            {
                                "type": "emoji",
                                "name": "joy"
                            }
                        ]
                    }
                ]
            }
        ],
        "thread_ts": "1618474430.000200",
        "parent_user_id": "U01SD3CDH9P"
    },
    {
        "client_msg_id": "1eec0c17-19b9-4914-adce-80d0855d4035",
        "type": "message",
        "text": "my rent was decreased by 400eur. not happy at all",
        "user": "U01S0E0MRJ7",
        "ts": "1618568299.002600",
        "team": "T01RBRV5F7H",
        "user_team": "T01RBRV5F7H",
        "source_team": "T01RBRV5F7H",
        "user_profile": {
            "avatar_hash": "ad6853d3a1f4",
            "image_72": "https:\/\/avatars.slack-edge.com\/2021-04-16\/1993872127808_ad6853d3a1f43da8ec48_72.jpg",
            "first_name": "",
            "real_name": "Davis Pudans",
            "display_name": "Davis Pudans",
            "team": "T01RBRV5F7H",
            "name": "d.pudans",
            "is_restricted": false,
            "is_ultra_restricted": false
        },
        "blocks": [
            {
                "type": "rich_text",
                "block_id": "l1fkM",
                "elements": [
                    {
                        "type": "rich_text_section",
                        "elements": [
                            {
                                "type": "text",
                                "text": "my rent was decreased by 400eur. not happy at all"
                            }
                        ]
                    }
                ]
            }
        ],
        "thread_ts": "1618474430.000200",
        "parent_user_id": "U01SD3CDH9P"
    },
    {
        "client_msg_id": "73f70226-e123-4680-bc9c-f52a453f5c68",
        "type": "message",
        "text": "If solving katas was an <https:\/\/youtu.be\/pKO9UjSeLew|anime>",
        "user": "U01RSRE0N3D",
        "ts": "1618585182.003400",
        "team": "T01RBRV5F7H",
        "user_team": "T01RBRV5F7H",
        "source_team": "T01RBRV5F7H",
        "user_profile": {
            "avatar_hash": "5b0571ca5e6f",
            "image_72": "https:\/\/avatars.slack-edge.com\/2021-03-18\/1876877550179_5b0571ca5e6fe1f759fe_72.jpg",
            "first_name": "Kosta",
            "real_name": "Kosta",
            "display_name": "Kosta",
            "team": "T01RBRV5F7H",
            "name": "kostadin.mitkov",
            "is_restricted": false,
            "is_ultra_restricted": false
        },
        "attachments": [
            {
                "service_name": "YouTube",
                "service_url": "https:\/\/www.youtube.com\/",
                "title": "If Programming Was An Anime",
                "title_link": "https:\/\/youtu.be\/pKO9UjSeLew",
                "author_name": "Joma Tech",
                "author_link": "https:\/\/www.youtube.com\/c\/JomaOppa",
                "thumb_url": "https:\/\/i.ytimg.com\/vi\/pKO9UjSeLew\/hqdefault.jpg",
                "thumb_width": 480,
                "thumb_height": 360,
                "fallback": "YouTube Video: If Programming Was An Anime",
                "video_html": "<iframe width=\"400\" height=\"225\" src=\"https:\/\/www.youtube.com\/embed\/pKO9UjSeLew?feature=oembed&autoplay=1&iv_load_policy=3\" frameborder=\"0\" allow=\"accelerometer; autoplay; clipboard-write; encrypted-media; gyroscope; picture-in-picture\" allowfullscreen><\/iframe>",
                "video_html_width": 400,
                "video_html_height": 225,
                "from_url": "https:\/\/youtu.be\/pKO9UjSeLew",
                "service_icon": "https:\/\/a.slack-edge.com\/80588\/img\/unfurl_icons\/youtube.png",
                "id": 1,
                "original_url": "https:\/\/youtu.be\/pKO9UjSeLew"
            }
        ],
        "blocks": [
            {
                "type": "rich_text",
                "block_id": "f55t",
                "elements": [
                    {
                        "type": "rich_text_section",
                        "elements": [
                            {
                                "type": "text",
                                "text": "If solving katas was an "
                            },
                            {
                                "type": "link",
                                "url": "https:\/\/youtu.be\/pKO9UjSeLew",
                                "text": "anime"
                            }
                        ]
                    }
                ]
            }
        ]
    }
]